{
	"info": {
		"_postman_id": "da179819-3943-4cd8-84da-652518fe8bf0",
		"name": "WorkScheduleDay-IAT",
		"schema": "https://schema.getpostman.com/json/collection/v2.1.0/collection.json"
	},
	"item": [
		{
			"name": "ADD Schedule",
			"item": [
				{
					"name": "ADD meta",
					"request": {
						"method": "GET",
						"header": [
							{
								"key": "Authorization",
								"type": "text",
								"value": "Bearer {{accessToken}}"
							},
							{
								"key": "Accept",
								"value": "application/json",
								"type": "text"
							}
						],
						"url": {
							"raw": "https://iat-api.adp.com/events/time/v1/work-schedule-day.add/meta",
							"protocol": "https",
							"host": [
								"iat-api",
								"adp",
								"com"
							],
							"path": [
								"events",
								"time",
								"v1",
								"work-schedule-day.add",
								"meta"
							]
						}
					},
					"response": []
				},
				{
					"name": "200 ADD without paycode and allocation",
					"request": {
						"method": "POST",
						"header": [
							{
								"key": "Authorization",
								"value": "Bearer {{accessToken}}",
								"type": "text"
							},
							{
								"key": "Content-Type",
								"name": "Content-Type",
								"value": "application/json",
								"type": "text"
							}
						],
						"body": {
							"mode": "raw",
							"raw": "{\n    \"events\": [\n        {\n            \"data\": {\n                \"eventContext\": {\n                    \"associateOID\": \"G332EFV3Q6J0048K\",\n                    \"schedulePeriod\": {\n                        \"startDate\": \"2019-07-17\",\n                        \"endDate\": \"2019-07-17\"\n                    }\n                },\n                \"transform\": {\n                    \"scheduleDay\": {\n                        \"daySequenceNumber\": 1,\n                        \"scheduleDayDate\": \"2019-07-17\",\n                        \"scheduleEntries\": [\n                            {\n                           \n                                \"dateTimePeriod\": {\n                                    \"startDateTime\": \"2019-07-17T12:00:00Z\",\n                                    \"endDateTime\": \"2019-07-17T13:00:00Z\"\n                                }\n                            }\n                        ]\n                    }\n                }\n            }\n        }\n    ]\n}"
						},
						"url": {
							"raw": "https://iat-api.adp.com/events/time/v1/work-schedule-day.add",
							"protocol": "https",
							"host": [
								"iat-api",
								"adp",
								"com"
							],
							"path": [
								"events",
								"time",
								"v1",
								"work-schedule-day.add"
							]
						}
					},
					"response": []
				},
				{
					"name": "200 ADD with paycode",
					"request": {
						"method": "POST",
						"header": [
							{
								"key": "Authorization",
								"value": "Bearer {{accessToken}}",
								"type": "text"
							},
							{
								"key": "Content-Type",
								"name": "Content-Type",
								"value": "application/json",
								"type": "text"
							}
						],
						"body": {
							"mode": "raw",
							"raw": "{\n    \"events\": [\n        {\n            \"data\": {\n                \"eventContext\": {\n                    \"associateOID\": \"G332EFV3Q6J0048K\",\n                    \"schedulePeriod\": {\n                        \"startDate\": \"2019-07-17\",\n                        \"endDate\": \"2019-07-17\"\n                    }\n                },\n                \"transform\": {\n                    \"scheduleDay\": {\n                        \"daySequenceNumber\": 1,\n                        \"scheduleDayDate\": \"2019-07-17\",\n                        \"scheduleEntries\": [\n                            {\n                                \"dateTimePeriod\": {\n                                    \"startDateTime\": \"2019-07-17T09:00:00-04:00\",\n                                    \"endDateTime\": \"2019-07-17T12:00:00-04:00\"\n                                }\n                            },\n                            {\n                                \"categoryTypeCode\": {\n                                    \"codeValue\": \"PAYCODE\"\n                                },\n                                \"payCode\": {\n                                    \"codeValue\": \"HOLIDAY\"\n                                },\n                                \"dateTimePeriod\": {\n                                    \"startDateTime\": \"2019-07-17T12:00:00Z\",\n                                    \"endDateTime\": \"2019-07-17T13:00:00Z\"\n                                },\n                                \"earningAllocations\": [\n                                    {\n                                        \"allocationTypeCode\": {\n                                            \"codeValue\": \"Department\"\n                                        },\n                                        \"allocationCode\": {\n                                            \"codeValue\": \"001000\"\n                                        }\n                                    }\n                                ]\n                            },\n                            {\n                                \"dateTimePeriod\": {\n                                    \"startDateTime\": \"2019-07-17T13:00:00Z\",\n                                    \"endDateTime\": \"2019-07-17T18:00:00Z\"\n                                }\n                            }\n                        ]\n                    }\n                }\n            }\n        }\n    ]\n}"
						},
						"url": {
							"raw": "https://iat-api.adp.com/events/time/v1/work-schedule-day.add",
							"protocol": "https",
							"host": [
								"iat-api",
								"adp",
								"com"
							],
							"path": [
								"events",
								"time",
								"v1",
								"work-schedule-day.add"
							]
						}
					},
					"response": []
				},
				{
					"name": "200 ADD with allocation",
					"request": {
						"method": "POST",
						"header": [
							{
								"key": "Authorization",
								"value": "Bearer {{accessToken}}",
								"type": "text"
							},
							{
								"key": "Content-Type",
								"name": "Content-Type",
								"value": "application/json",
								"type": "text"
							}
						],
						"body": {
							"mode": "raw",
							"raw": "{\n    \"events\": [\n        {\n            \"data\": {\n                \"eventContext\": {\n                    \"associateOID\": \"G332EFV3Q6J0048K\",\n                    \"schedulePeriod\": {\n                        \"startDate\": \"2019-07-17\",\n                        \"endDate\": \"2019-07-17\"\n                    }\n                },\n                \"transform\": {\n                    \"scheduleDay\": {\n                        \"daySequenceNumber\": 1,\n                        \"scheduleDayDate\": \"2019-07-17\",\n                        \"scheduleEntries\": [\n                            {\n                                \"dateTimePeriod\": {\n                                    \"startDateTime\": \"2019-07-17T09:00:00-04:00\",\n                                    \"endDateTime\": \"2019-07-17T12:00:00-04:00\"\n                                },\n                                \"earningAllocations\": [\n                                    {\n                                        \"allocationTypeCode\": {\n                                            \"codeValue\": \"Department\"\n                                        },\n                                        \"allocationCode\": {\n                                            \"codeValue\": \"001000\"\n                                        }\n                                    }\n                                ]\n                            },\n                            {\n                                \"categoryTypeCode\": {\n                                    \"codeValue\": \"PAYCODE\"\n                                },\n                                \"payCode\": {\n                                    \"codeValue\": \"HOLIDAY\"\n                                },\n                                \"dateTimePeriod\": {\n                                    \"startDateTime\": \"2019-07-17T12:00:00Z\",\n                                    \"endDateTime\": \"2019-07-17T13:00:00Z\"\n                                },\n                                \"earningAllocations\": [\n                                    {\n                                        \"allocationTypeCode\": {\n                                            \"codeValue\": \"Department\"\n                                        },\n                                        \"allocationCode\": {\n                                            \"codeValue\": \"001000\"\n                                        }\n                                    }\n                                ]\n                            },\n                            {\n                                \"dateTimePeriod\": {\n                                    \"startDateTime\": \"2019-07-17T13:00:00Z\",\n                                    \"endDateTime\": \"2019-07-17T18:00:00Z\"\n                                },\n                                \"earningAllocations\": [\n                                    {\n                                        \"allocationTypeCode\": {\n                                            \"codeValue\": \"Department\"\n                                        },\n                                        \"allocationCode\": {\n                                            \"codeValue\": \"001000\"\n                                        }\n                                    },\n                                  \n                                    {\n                                        \"allocationTypeCode\": {\n                                            \"codeValue\": \"Meal Plan\"\n                                        },\n                                        \"allocationCode\": {\n                                            \"codeValue\": \"30ACTL\"\n                                        }\n                                    }\n                                ]\n                            }\n                        ]\n                    }\n                }\n            }\n        }\n    ]\n}"
						},
						"url": {
							"raw": "https://iat-api.adp.com/events/time/v1/work-schedule-day.add",
							"protocol": "https",
							"host": [
								"iat-api",
								"adp",
								"com"
							],
							"path": [
								"events",
								"time",
								"v1",
								"work-schedule-day.add"
							]
						}
					},
					"response": []
				},
				{
					"name": "200 ADD with department",
					"request": {
						"method": "POST",
						"header": [
							{
								"key": "Authorization",
								"value": "Bearer {{accessToken}}",
								"type": "text"
							},
							{
								"key": "Content-Type",
								"name": "Content-Type",
								"value": "application/json",
								"type": "text"
							}
						],
						"body": {
							"mode": "raw",
							"raw": "{\n    \"events\": [\n        {\n            \"data\": {\n                \"eventContext\": {\n                    \"associateOID\": \"G332EFV3Q6J0048K\",\n                    \"schedulePeriod\": {\n                        \"startDate\": \"2019-07-17\",\n                        \"endDate\": \"2019-07-17\"\n                    }\n                },\n                \"transform\": {\n                    \"scheduleDay\": {\n                        \"daySequenceNumber\": 1,\n                        \"scheduleDayDate\": \"2019-07-17\",\n                        \"scheduleEntries\": [\n                            {\n                                \"dateTimePeriod\": {\n                                    \"startDateTime\": \"2019-07-17T09:00:00-04:00\",\n                                    \"endDateTime\": \"2019-07-17T12:00:00-04:00\"\n                                },\n                                \"earningAllocations\": [\n                                    {\n                                        \"allocationTypeCode\": {\n                                            \"codeValue\": \"Department\"\n                                        },\n                                        \"allocationCode\": {\n                                            \"codeValue\": \"001000\"\n                                        }\n                                    }\n                                ]\n                            },\n                            {\n                                \"categoryTypeCode\": {\n                                    \"codeValue\": \"PAYCODE\"\n                                },\n                                \"payCode\": {\n                                    \"codeValue\": \"HOLIDAY\"\n                                },\n                                \"dateTimePeriod\": {\n                                    \"startDateTime\": \"2019-07-17T12:00:00Z\",\n                                    \"endDateTime\": \"2019-07-17T13:00:00Z\"\n                                },\n                                \"earningAllocations\": [\n                                    {\n                                        \"allocationTypeCode\": {\n                                            \"codeValue\": \"Department\"\n                                        },\n                                        \"allocationCode\": {\n                                            \"codeValue\": \"001000\"\n                                        }\n                                    }\n                                ]\n                            },\n                            {\n                                \"dateTimePeriod\": {\n                                    \"startDateTime\": \"2019-07-17T13:00:00Z\",\n                                    \"endDateTime\": \"2019-07-17T18:00:00Z\"\n                                },\n                                \"earningAllocations\": [\n                                    {\n                                        \"allocationTypeCode\": {\n                                            \"codeValue\": \"Department\"\n                                        },\n                                        \"allocationCode\": {\n                                            \"codeValue\": \"001000\"\n                                        }\n                                    },\n                                  \n                                    {\n                                        \"allocationTypeCode\": {\n                                            \"codeValue\": \"Meal Plan\"\n                                        },\n                                        \"allocationCode\": {\n                                            \"codeValue\": \"30ACTL\"\n                                        }\n                                    }\n                                ]\n                            }\n                        ]\n                    }\n                }\n            }\n        }\n    ]\n}"
						},
						"url": {
							"raw": "https://iat-api.adp.com/events/time/v1/work-schedule-day.add",
							"protocol": "https",
							"host": [
								"iat-api",
								"adp",
								"com"
							],
							"path": [
								"events",
								"time",
								"v1",
								"work-schedule-day.add"
							]
						}
					},
					"response": []
				},
				{
					"name": "200 ADD with notes",
					"request": {
						"method": "POST",
						"header": [
							{
								"key": "Authorization",
								"value": "Bearer {{accessToken}}",
								"type": "text"
							},
							{
								"key": "Content-Type",
								"name": "Content-Type",
								"value": "application/json",
								"type": "text"
							}
						],
						"body": {
							"mode": "raw",
							"raw": "{\n    \"events\": [\n        {\n            \"data\": {\n                \"eventContext\": {\n                    \"associateOID\": \"G332EFV3Q6J0048K\",\n                    \"schedulePeriod\": {\n                        \"startDate\": \"2019-07-17\",\n                        \"endDate\": \"2019-07-17\"\n                    }\n                },\n                \"transform\": {\n                    \"scheduleDay\": {\n                        \"daySequenceNumber\": 1,\n                        \"scheduleDayDate\": \"2019-07-17\",\n                        \"scheduleEntries\": [\n                            {\n                                \"dateTimePeriod\": {\n                                    \"startDateTime\": \"2019-07-17T09:00:00-04:00\",\n                                    \"endDateTime\": \"2019-07-17T12:00:00-04:00\"\n                                },\n                                \"earningAllocations\": [\n                                    {\n                                        \"allocationTypeCode\": {\n                                            \"codeValue\": \"Department\"\n                                        },\n                                        \"allocationCode\": {\n                                            \"codeValue\": \"001000\"\n                                        }\n                                    }\n                                ]\n                            },\n                            {\n                                \"categoryTypeCode\": {\n                                    \"codeValue\": \"PAYCODE\"\n                                },\n                                \"payCode\": {\n                                    \"codeValue\": \"HOLIDAY\"\n                                },\n                                \"dateTimePeriod\": {\n                                    \"startDateTime\": \"2019-07-17T12:00:00Z\",\n                                    \"endDateTime\": \"2019-07-17T13:00:00Z\"\n                                },\n                                \"earningAllocations\": [\n                                    {\n                                        \"allocationTypeCode\": {\n                                            \"codeValue\": \"Department\"\n                                        },\n                                        \"allocationCode\": {\n                                            \"codeValue\": \"001000\"\n                                        }\n                                    }\n                                ]\n                            },\n                            {\n                                \"dateTimePeriod\": {\n                                    \"startDateTime\": \"2019-07-17T13:00:00Z\",\n                                    \"endDateTime\": \"2019-07-17T18:00:00Z\"\n                                },\n                                \n                                \"entryComments\": [\n                                    {\n                                        \"commentTypeCode\": {\n                                            \"codeValue\": \"Test\"\n                                        },\n                                        \"textValue\": \"Leaving earlier on Tuesdays - need to pick up kids\"\n                                    }\n                                ],\n                                \"earningAllocations\": [\n                                    {\n                                        \"allocationTypeCode\": {\n                                            \"codeValue\": \"Department\"\n                                        },\n                                        \"allocationCode\": {\n                                            \"codeValue\": \"001000\"\n                                        }\n                                    },\n                                  \n                                    {\n                                        \"allocationTypeCode\": {\n                                            \"codeValue\": \"Meal Plan\"\n                                        },\n                                        \"allocationCode\": {\n                                            \"codeValue\": \"30ACTL\"\n                                        }\n                                    }\n                                ]\n                            }\n                        ]\n                    }\n                }\n            }\n        }\n    ]\n}"
						},
						"url": {
							"raw": "https://iat-api.adp.com/events/time/v1/work-schedule-day.add",
							"protocol": "https",
							"host": [
								"iat-api",
								"adp",
								"com"
							],
							"path": [
								"events",
								"time",
								"v1",
								"work-schedule-day.add"
							]
						}
					},
					"response": []
				},
				{
					"name": "200 ADD Invalid department",
					"request": {
						"method": "POST",
						"header": [
							{
								"key": "Authorization",
								"value": "Bearer {{accessToken}}",
								"type": "text"
							},
							{
								"key": "Content-Type",
								"name": "Content-Type",
								"value": "application/json",
								"type": "text"
							}
						],
						"body": {
							"mode": "raw",
							"raw": "{\n    \"events\": [\n        {\n            \"data\": {\n                \"eventContext\": {\n                    \"associateOID\": \"G332EFV3Q6J0048K\",\n                    \"schedulePeriod\": {\n                        \"startDate\": \"2019-07-17\",\n                        \"endDate\": \"2019-07-17\"\n                    }\n                },\n                \"transform\": {\n                    \"scheduleDay\": {\n                        \"daySequenceNumber\": 1,\n                        \"scheduleDayDate\": \"2019-07-17\",\n                        \"scheduleEntries\": [\n                            {\n                                \"dateTimePeriod\": {\n                                    \"startDateTime\": \"2019-07-17T09:00:00-04:00\",\n                                    \"endDateTime\": \"2019-07-17T12:00:00-04:00\"\n                                },\n                                \"earningAllocations\": [\n                                    {\n                                        \"allocationTypeCode\": {\n                                            \"codeValue\": \"Department\"\n                                        },\n                                        \"allocationCode\": {\n                                            \"codeValue\": \"000\"\n                                        }\n                                    }\n                                ]\n                            },\n                            {\n                                \"categoryTypeCode\": {\n                                    \"codeValue\": \"PAYCODE\"\n                                },\n                                \"payCode\": {\n                                    \"codeValue\": \"HOLIDAY\"\n                                },\n                                \"dateTimePeriod\": {\n                                    \"startDateTime\": \"2019-07-17T12:00:00Z\",\n                                    \"endDateTime\": \"2019-07-17T13:00:00Z\"\n                                },\n                                \"earningAllocations\": [\n                                    {\n                                        \"allocationTypeCode\": {\n                                            \"codeValue\": \"Department\"\n                                        },\n                                        \"allocationCode\": {\n                                            \"codeValue\": \"001000\"\n                                        }\n                                    }\n                                ]\n                            },\n                            {\n                                \"dateTimePeriod\": {\n                                    \"startDateTime\": \"2019-07-17T13:00:00Z\",\n                                    \"endDateTime\": \"2019-07-17T18:00:00Z\"\n                                },\n                                \"earningAllocations\": [\n                                    {\n                                        \"allocationTypeCode\": {\n                                            \"codeValue\": \"Department\"\n                                        },\n                                        \"allocationCode\": {\n                                            \"codeValue\": \"001000\"\n                                        }\n                                    },\n                                  \n                                    {\n                                        \"allocationTypeCode\": {\n                                            \"codeValue\": \"Meal Plan\"\n                                        },\n                                        \"allocationCode\": {\n                                            \"codeValue\": \"30ACTL\"\n                                        }\n                                    }\n                                ]\n                            }\n                        ]\n                    }\n                }\n            }\n        }\n    ]\n}"
						},
						"url": {
							"raw": "https://iat-api.adp.com/events/time/v1/work-schedule-day.add",
							"protocol": "https",
							"host": [
								"iat-api",
								"adp",
								"com"
							],
							"path": [
								"events",
								"time",
								"v1",
								"work-schedule-day.add"
							]
						}
					},
					"response": []
				},
				{
					"name": "200 ADD Invalid paycode",
					"request": {
						"method": "POST",
						"header": [
							{
								"key": "Authorization",
								"value": "Bearer {{accessToken}}",
								"type": "text"
							},
							{
								"key": "Content-Type",
								"name": "Content-Type",
								"value": "application/json",
								"type": "text"
							}
						],
						"body": {
							"mode": "raw",
							"raw": "{\n    \"events\": [\n        {\n            \"data\": {\n                \"eventContext\": {\n                    \"associateOID\": \"G332EFV3Q6J0048K\",\n                    \"schedulePeriod\": {\n                        \"startDate\": \"2019-07-17\",\n                        \"endDate\": \"2019-07-17\"\n                    }\n                },\n                \"transform\": {\n                    \"scheduleDay\": {\n                        \"daySequenceNumber\": 1,\n                        \"scheduleDayDate\": \"2019-07-17\",\n                        \"scheduleEntries\": [\n                            {\n                                \"dateTimePeriod\": {\n                                    \"startDateTime\": \"2019-07-17T09:00:00-04:00\",\n                                    \"endDateTime\": \"2019-07-17T12:00:00-04:00\"\n                                },\n                                \"earningAllocations\": [\n                                    {\n                                        \"allocationTypeCode\": {\n                                            \"codeValue\": \"Department\"\n                                        },\n                                        \"allocationCode\": {\n                                            \"codeValue\": \"001000\"\n                                        }\n                                    }\n                                ]\n                            },\n                            {\n                                \"categoryTypeCode\": {\n                                    \"codeValue\": \"PAYCODE\"\n                                },\n                                \"payCode\": {\n                                    \"codeValue\": \"yruj\"\n                                },\n                                \"dateTimePeriod\": {\n                                    \"startDateTime\": \"2019-07-17T12:00:00Z\",\n                                    \"endDateTime\": \"2019-07-17T13:00:00Z\"\n                                },\n                                \"earningAllocations\": [\n                                    {\n                                        \"allocationTypeCode\": {\n                                            \"codeValue\": \"Department\"\n                                        },\n                                        \"allocationCode\": {\n                                            \"codeValue\": \"001000\"\n                                        }\n                                    }\n                                ]\n                            },\n                            {\n                                \"dateTimePeriod\": {\n                                    \"startDateTime\": \"2019-07-17T13:00:00Z\",\n                                    \"endDateTime\": \"2019-07-17T18:00:00Z\"\n                                },\n                                \"earningAllocations\": [\n                                    {\n                                        \"allocationTypeCode\": {\n                                            \"codeValue\": \"Department\"\n                                        },\n                                        \"allocationCode\": {\n                                            \"codeValue\": \"001000\"\n                                        }\n                                    },\n                                  \n                                    {\n                                        \"allocationTypeCode\": {\n                                            \"codeValue\": \"Meal Plan\"\n                                        },\n                                        \"allocationCode\": {\n                                            \"codeValue\": \"30ACTL\"\n                                        }\n                                    }\n                                ]\n                            }\n                        ]\n                    }\n                }\n            }\n        }\n    ]\n}"
						},
						"url": {
							"raw": "https://iat-api.adp.com/events/time/v1/work-schedule-day.add",
							"protocol": "https",
							"host": [
								"iat-api",
								"adp",
								"com"
							],
							"path": [
								"events",
								"time",
								"v1",
								"work-schedule-day.add"
							]
						}
					},
					"response": []
				},
				{
					"name": "400 Invalid associate ID",
					"request": {
						"method": "POST",
						"header": [
							{
								"key": "Authorization",
								"type": "text",
								"value": "Bearer {{accessToken}}"
							},
							{
								"key": "Content-Type",
								"name": "Content-Type",
								"type": "text",
								"value": "application/json"
							}
						],
						"body": {
							"mode": "raw",
							"raw": "{\n    \"events\": [\n        {\n            \"data\": {\n                \"eventContext\": {\n                    \"associateOID\": \"2342sdfsdf\",\n                    \"schedulePeriod\": {\n                        \"startDate\": \"2019-07-17\",\n                        \"endDate\": \"2019-07-17\"\n                    }\n                },\n                \"transform\": {\n                    \"scheduleDay\": {\n                        \"daySequenceNumber\": 1,\n                        \"scheduleDayDate\": \"2019-07-17\",\n                        \"scheduleEntries\": [\n                            {\n                                \"categoryTypeCode\": {\n                                    \"codeValue\": \"PAYCODE\"\n                                },\n                                \"payCode\": {\n                                    \"codeValue\": \"HOLIDAY\"\n                                },\n                                \"dateTimePeriod\": {\n                                    \"startDateTime\": \"2019-07-17T12:00:00Z\",\n                                    \"endDateTime\": \"2019-07-17T13:00:00Z\"\n                                },\n                                \"earningAllocations\": [\n                                    {\n                                        \"allocationTypeCode\": {\n                                            \"codeValue\": \"Department\"\n                                        },\n                                        \"allocationCode\": {\n                                            \"codeValue\": \"001000\"\n                                        }\n                                    }\n                                ]\n                            }\n                        ]\n                    }\n                }\n            }\n        }\n    ]\n}"
						},
						"url": {
							"raw": "https://iat-api.adp.com/events/time/v1/work-schedule-day.add",
							"protocol": "https",
							"host": [
								"iat-api",
								"adp",
								"com"
							],
							"path": [
								"events",
								"time",
								"v1",
								"work-schedule-day.add"
							]
						}
					},
					"response": []
				},
				{
					"name": "500 Empty daySequenceNumber",
					"request": {
						"method": "POST",
						"header": [
							{
								"key": "Authorization",
								"type": "text",
								"value": "Bearer {{accessToken}}"
							},
							{
								"key": "Content-Type",
								"name": "Content-Type",
								"type": "text",
								"value": "application/json"
							}
						],
						"body": {
							"mode": "raw",
							"raw": "{\n    \"events\": [\n        {\n            \"data\": {\n                \"eventContext\": {\n                    \"associateOID\": \"G332EFV3Q6J0048K\",\n                    \"schedulePeriod\": {\n                        \"startDate\": \"2019-07-17\",\n                        \"endDate\": \"2019-07-17\"\n                    }\n                },\n                \"transform\": {\n                    \"scheduleDay\": {\n                        \"daySequenceNumber\": \"\",\n                        \"scheduleDayDate\": \"2019-07-17\",\n                        \"scheduleEntries\": [\n                            {\n                                \"categoryTypeCode\": {\n                                    \"codeValue\": \"PAYCODE\"\n                                },\n                                \"payCode\": {\n                                    \"codeValue\": \"HOLIDAY\"\n                                },\n                                \"dateTimePeriod\": {\n                                    \"startDateTime\": \"2019-07-17T12:00:00Z\",\n                                    \"endDateTime\": \"2019-07-17T13:00:00Z\"\n                                },\n                                \"earningAllocations\": [\n                                    {\n                                        \"allocationTypeCode\": {\n                                            \"codeValue\": \"Department\"\n                                        },\n                                        \"allocationCode\": {\n                                            \"codeValue\": \"001000\"\n                                        }\n                                    }\n                                ]\n                            }\n                        ]\n                    }\n                }\n            }\n        }\n    ]\n}"
						},
						"url": {
							"raw": "https://iat-api.adp.com/events/time/v1/work-schedule-day.add",
							"protocol": "https",
							"host": [
								"iat-api",
								"adp",
								"com"
							],
							"path": [
								"events",
								"time",
								"v1",
								"work-schedule-day.add"
							]
						}
					},
					"response": []
				},
				{
					"name": "500 Invalid startDateTime",
					"request": {
						"method": "POST",
						"header": [
							{
								"key": "Authorization",
								"type": "text",
								"value": "Bearer {{accessToken}}"
							},
							{
								"key": "Content-Type",
								"name": "Content-Type",
								"type": "text",
								"value": "application/json"
							}
						],
						"body": {
							"mode": "raw",
							"raw": "{\n    \"events\": [\n        {\n            \"data\": {\n                \"eventContext\": {\n                    \"associateOID\": \"G332EFV3Q6J0048K\",\n                    \"schedulePeriod\": {\n                        \"startDate\": \"2019-07-17\",\n                        \"endDate\": \"2019-07-17\"\n                    }\n                },\n                \"transform\": {\n                    \"scheduleDay\": {\n                        \"daySequenceNumber\": 1,\n                        \"scheduleDayDate\": \"2019-07-17\",\n                        \"scheduleEntries\": [\n                            {\n                                \"categoryTypeCode\": {\n                                    \"codeValue\": \"PAYCODE\"\n                                },\n                                \"payCode\": {\n                                    \"codeValue\": \"HOLIDAY\"\n                                },\n                                \"dateTimePeriod\": {\n                                    \"startDateTime\": \"334\",\n                                    \"endDateTime\": \"2019-07-17T13:00:00Z\"\n                                },\n                                \"earningAllocations\": [\n                                    {\n                                        \"allocationTypeCode\": {\n                                            \"codeValue\": \"Department\"\n                                        },\n                                        \"allocationCode\": {\n                                            \"codeValue\": \"001000\"\n                                        }\n                                    }\n                                ]\n                            }\n                        ]\n                    }\n                }\n            }\n        }\n    ]\n}"
						},
						"url": {
							"raw": "https://iat-api.adp.com/events/time/v1/work-schedule-day.add",
							"protocol": "https",
							"host": [
								"iat-api",
								"adp",
								"com"
							],
							"path": [
								"events",
								"time",
								"v1",
								"work-schedule-day.add"
							]
						}
					},
					"response": []
				},
				{
					"name": "500 Invalid endDateTime",
					"request": {
						"method": "POST",
						"header": [
							{
								"key": "Authorization",
								"type": "text",
								"value": "Bearer {{accessToken}}"
							},
							{
								"key": "Content-Type",
								"name": "Content-Type",
								"type": "text",
								"value": "application/json"
							}
						],
						"body": {
							"mode": "raw",
							"raw": "{\n    \"events\": [\n        {\n            \"data\": {\n                \"eventContext\": {\n                    \"associateOID\": \"G332EFV3Q6J0048K\"\n                \n                },\n                \"transform\": {\n                    \"scheduleDay\": {\n                        \"daySequenceNumber\": 1,\n                        \"scheduleDayDate\": \"2019-07-17\",\n                        \"scheduleEntries\": [\n                            {\n                                \"categoryTypeCode\": {\n                                    \"codeValue\": \"PAYCODE\"\n                                },\n                                \"payCode\": {\n                                    \"codeValue\": \"HOLIDAY\"\n                                },\n                                \"dateTimePeriod\": {\n                                    \"startDateTime\": \"2019-07-17T12:00:00Z\",\n                                    \"endDateTime\": \"2019-07-0Z\"\n                                },\n                                \"earningAllocations\": [\n                                    {\n                                        \"allocationTypeCode\": {\n                                            \"codeValue\": \"Department\"\n                                        },\n                                        \"allocationCode\": {\n                                            \"codeValue\": \"001000\"\n                                        }\n                                    }\n                                ]\n                            }\n                        ]\n                    }\n                }\n            }\n        }\n    ]\n}"
						},
						"url": {
							"raw": "https://iat-api.adp.com/events/time/v1/work-schedule-day.add",
							"protocol": "https",
							"host": [
								"iat-api",
								"adp",
								"com"
							],
							"path": [
								"events",
								"time",
								"v1",
								"work-schedule-day.add"
							]
						}
					},
					"response": []
				}
			]
		},
		{
			"name": "Change Schedule",
			"item": [
				{
					"name": "Change Meta",
					"request": {
						"method": "GET",
						"header": [
							{
								"key": "Authorization",
								"value": "Bearer {{accessToken}}",
								"type": "text"
							},
							{
								"key": "Accept",
								"name": "Content-Type",
								"value": "application/json",
								"type": "text"
							},
							{
								"key": "Content-Type",
								"value": "application/json"
							}
						],
						"url": {
							"raw": "https://iat-api.adp.com/events/time/v1/work-schedule-day.change/meta",
							"protocol": "https",
							"host": [
								"iat-api",
								"adp",
								"com"
							],
							"path": [
								"events",
								"time",
								"v1",
								"work-schedule-day.change",
								"meta"
							]
						}
					},
					"response": []
				},
				{
					"name": "200 CHANGE with paycode and allocation",
					"request": {
						"method": "POST",
						"header": [
							{
								"key": "Authorization",
								"value": "Bearer {{accessToken}}",
								"type": "text"
							},
							{
								"key": "Content-Type",
								"name": "Content-Type",
								"value": "application/json",
								"type": "text"
							}
						],
						"body": {
							"mode": "raw",
							"raw": "{\n    \"events\": [\n        {\n            \"data\": {\n                \"eventContext\": {\n                    \"associateOID\": \"G332EFV3Q6J0048K\",\n                    \"schedulePeriod\": {\n                        \"startDate\": \"2019-07-17\",\n                        \"endDate\": \"2019-07-17\"\n                    }\n                },\n                \"transform\": {\n                    \"scheduleDay\": {\n                        \"scheduleDayDate\": \"2019-07-17\",\n                        \"scheduleEntries\": [\n                            {\n                                \"scheduleEntryID\": \"156909134\",\n                                \"dateTimePeriod\": {\n                                    \"startDateTime\": \"2019-07-17T09:00:00-04:00\",\n                                    \"endDateTime\": \"2019-07-17T12:00:00-04:00\"\n                                },\n                                \"earningAllocations\": [\n                                    {\n                                        \"allocationTypeCode\": {\n                                            \"codeValue\": \"Department\"\n                                        },\n                                        \"allocationCode\": {\n                                            \"codeValue\": \"001000\"\n                                        }\n                                    }\n                                ]\n                            },\n                            {\n                                \"scheduleEntryID\": \"156909135\",\n                                \"categoryTypeCode\": {\n                                    \"codeValue\": \"PAYCODE\"\n                                },\n                                \"payCode\": {\n                                    \"codeValue\": \"HOLIDAY\"\n                                },\n                                \"dateTimePeriod\": {\n                                    \"startDateTime\": \"2019-07-17T12:00:00Z\",\n                                    \"endDateTime\": \"2019-07-17T13:00:00Z\"\n                                },\n                                \"earningAllocations\": [\n                                    {\n                                        \"allocationTypeCode\": {\n                                            \"codeValue\": \"Department\"\n                                        },\n                                        \"allocationCode\": {\n                                            \"codeValue\": \"001000\"\n                                        }\n                                    },\n                                    {\n                                        \"allocationTypeCode\": {\n                                            \"codeValue\": \"Meal Plan\"\n                                        },\n                                        \"allocationCode\": {\n                                            \"codeValue\": \"30ACTL\"\n                                        }\n                                    }\n                                ]\n                            }\n                        ]\n                    }\n                }\n            }\n        }\n    ]\n}"
						},
						"url": {
							"raw": "https://iat-api.adp.com/events/time/v1/work-schedule-day.change",
							"protocol": "https",
							"host": [
								"iat-api",
								"adp",
								"com"
							],
							"path": [
								"events",
								"time",
								"v1",
								"work-schedule-day.change"
							]
						}
					},
					"response": []
				},
				{
					"name": "200 CHANGE with Invalid Department Number",
					"request": {
						"method": "POST",
						"header": [
							{
								"key": "Authorization",
								"type": "text",
								"value": "Bearer {{accessToken}}"
							},
							{
								"key": "Content-Type",
								"name": "Content-Type",
								"type": "text",
								"value": "application/json"
							}
						],
						"body": {
							"mode": "raw",
							"raw": "{\n    \"events\": [\n        {\n            \"data\": {\n                \"eventContext\": {\n                    \"associateOID\": \"G332EFV3Q6J0048K\",\n                    \"schedulePeriod\": {\n                        \"startDate\": \"2019-07-17\",\n                        \"endDate\": \"2019-07-17\"\n                    }\n                },\n                \"transform\": {\n                    \"scheduleDay\": {\n                        \"scheduleDayDate\": \"2019-07-17\",\n                        \"scheduleEntries\": [\n                            {\n                                \"scheduleEntryID\": \"156909134\",\n                                \"dateTimePeriod\": {\n                                    \"startDateTime\": \"2019-07-17T09:00:00-04:00\",\n                                    \"endDateTime\": \"2019-07-17T12:00:00-04:00\"\n                                },\n                                \"earningAllocations\": [\n                                    {\n                                        \"allocationTypeCode\": {\n                                            \"codeValue\": \"Department\"\n                                        },\n                                        \"allocationCode\": {\n                                            \"codeValue\": \"001000\"\n                                        }\n                                    }\n                                ]\n                            },\n                            {\n                                \"scheduleEntryID\": \"156909135\",\n                                \"categoryTypeCode\": {\n                                    \"codeValue\": \"PAYCODE\"\n                                },\n                                \"payCode\": {\n                                    \"codeValue\": \"HOLIDAY\"\n                                },\n                                \"dateTimePeriod\": {\n                                    \"startDateTime\": \"2019-07-17T12:00:00Z\",\n                                    \"endDateTime\": \"2019-07-17T13:00:00Z\"\n                                },\n                                \"earningAllocations\": [\n                                    {\n                                        \"allocationTypeCode\": {\n                                            \"codeValue\": \"Department\"\n                                        },\n                                        \"allocationCode\": {\n                                            \"codeValue\": \"0000\"\n                                        }\n                                    },\n                                    {\n                                        \"allocationTypeCode\": {\n                                            \"codeValue\": \"Meal Plan\"\n                                        },\n                                        \"allocationCode\": {\n                                            \"codeValue\": \"30ACTL\"\n                                        }\n                                    }\n                                ]\n                            }\n                        ]\n                    }\n                }\n            }\n        }\n    ]\n}"
						},
						"url": {
							"raw": "https://iat-api.adp.com/events/time/v1/work-schedule-day.change",
							"protocol": "https",
							"host": [
								"iat-api",
								"adp",
								"com"
							],
							"path": [
								"events",
								"time",
								"v1",
								"work-schedule-day.change"
							]
						}
					},
					"response": []
				},
				{
					"name": "200 CHANGE with Invalid ScheduleEntry ID",
					"request": {
						"method": "POST",
						"header": [
							{
								"key": "Authorization",
								"value": "Bearer {{accessToken}}",
								"type": "text"
							},
							{
								"key": "Content-Type",
								"name": "Content-Type",
								"value": "application/json",
								"type": "text"
							}
						],
						"body": {
							"mode": "raw",
							"raw": "{\n    \"events\": [\n        {\n            \"data\": {\n                \"eventContext\": {\n                    \"associateOID\": \"G332EFV3Q6J0048K\",\n                    \"schedulePeriod\": {\n                        \"startDate\": \"2019-07-17\",\n                        \"endDate\": \"2019-07-17\"\n                    }\n                },\n                \"transform\": {\n                    \"scheduleDay\": {\n                        \"scheduleDayDate\": \"2019-07-17\",\n                        \"scheduleEntries\": [\n                            {\n                                \"scheduleEntryID\": \"156909134\",\n                                \"dateTimePeriod\": {\n                                    \"startDateTime\": \"2019-07-17T09:00:00-04:00\",\n                                    \"endDateTime\": \"2019-07-17T12:00:00-04:00\"\n                                },\n                                \"earningAllocations\": [\n                                    {\n                                        \"allocationTypeCode\": {\n                                            \"codeValue\": \"Department\"\n                                        },\n                                        \"allocationCode\": {\n                                            \"codeValue\": \"001000\"\n                                        }\n                                    }\n                                ]\n                            },\n                            {\n                                \"scheduleEntryID\": \"156909135\",\n                                \"categoryTypeCode\": {\n                                    \"codeValue\": \"PAYCODE\"\n                                },\n                                \"payCode\": {\n                                    \"codeValue\": \"HOLIDAY\"\n                                },\n                                \"dateTimePeriod\": {\n                                    \"startDateTime\": \"2019-07-17T12:00:00Z\",\n                                    \"endDateTime\": \"2019-07-17T13:00:00Z\"\n                                },\n                                \"earningAllocations\": [\n                                    {\n                                        \"allocationTypeCode\": {\n                                            \"codeValue\": \"Department\"\n                                        },\n                                        \"allocationCode\": {\n                                            \"codeValue\": \"001000\"\n                                        }\n                                    },\n                                    {\n                                        \"allocationTypeCode\": {\n                                            \"codeValue\": \"Meal Plan\"\n                                        },\n                                        \"allocationCode\": {\n                                            \"codeValue\": \"30ACTL\"\n                                        }\n                                    }\n                                ]\n                            }\n                        ]\n                    }\n                }\n            }\n        }\n    ]\n}"
						},
						"url": {
							"raw": "https://iat-api.adp.com/events/time/v1/work-schedule-day.change",
							"protocol": "https",
							"host": [
								"iat-api",
								"adp",
								"com"
							],
							"path": [
								"events",
								"time",
								"v1",
								"work-schedule-day.change"
							]
						}
					},
					"response": []
				},
				{
					"name": "200 CHANGE with Invalid payCode",
					"request": {
						"method": "POST",
						"header": [
							{
								"key": "Authorization",
								"type": "text",
								"value": "Bearer {{accessToken}}"
							},
							{
								"key": "Content-Type",
								"name": "Content-Type",
								"type": "text",
								"value": "application/json"
							}
						],
						"body": {
							"mode": "raw",
							"raw": "{\n    \"events\": [\n        {\n            \"data\": {\n                \"eventContext\": {\n                    \"associateOID\": \"G332EFV3Q6J0048K\",\n                    \"schedulePeriod\": {\n                        \"startDate\": \"2019-07-17\",\n                        \"endDate\": \"2019-07-17\"\n                    }\n                },\n                \"transform\": {\n                    \"scheduleDay\": {\n                        \"scheduleDayDate\": \"2019-07-17\",\n                        \"scheduleEntries\": [\n                            {\n                                \"scheduleEntryID\": \"156909134\",\n                                \"dateTimePeriod\": {\n                                    \"startDateTime\": \"2019-07-17T09:00:00-04:00\",\n                                    \"endDateTime\": \"2019-07-17T12:00:00-04:00\"\n                                },\n                                \"earningAllocations\": [\n                                    {\n                                        \"allocationTypeCode\": {\n                                            \"codeValue\": \"Department\"\n                                        },\n                                        \"allocationCode\": {\n                                            \"codeValue\": \"001000\"\n                                        }\n                                    }\n                                ]\n                            },\n                            {\n                                \"scheduleEntryID\": \"156909135\",\n                                \"categoryTypeCode\": {\n                                    \"codeValue\": \"PAYCODE\"\n                                },\n                                \"payCode\": {\n                                    \"codeValue\": \"asdasd\"\n                                },\n                                \"dateTimePeriod\": {\n                                    \"startDateTime\": \"2019-07-17T12:00:00Z\",\n                                    \"endDateTime\": \"2019-07-17T13:00:00Z\"\n                                },\n                                \"earningAllocations\": [\n                                    {\n                                        \"allocationTypeCode\": {\n                                            \"codeValue\": \"Department\"\n                                        },\n                                        \"allocationCode\": {\n                                            \"codeValue\": \"001000\"\n                                        }\n                                    },\n                                    {\n                                        \"allocationTypeCode\": {\n                                            \"codeValue\": \"Meal Plan\"\n                                        },\n                                        \"allocationCode\": {\n                                            \"codeValue\": \"30ACTL\"\n                                        }\n                                    }\n                                ]\n                            }\n                        ]\n                    }\n                }\n            }\n        }\n    ]\n}"
						},
						"url": {
							"raw": "https://iat-api.adp.com/events/time/v1/work-schedule-day.change",
							"protocol": "https",
							"host": [
								"iat-api",
								"adp",
								"com"
							],
							"path": [
								"events",
								"time",
								"v1",
								"work-schedule-day.change"
							]
						}
					},
					"response": []
				},
				{
					"name": "200 CHANGE with Invalid allocation",
					"request": {
						"method": "POST",
						"header": [
							{
								"key": "Authorization",
								"type": "text",
								"value": "Bearer {{accessToken}}"
							},
							{
								"key": "Content-Type",
								"name": "Content-Type",
								"type": "text",
								"value": "application/json"
							}
						],
						"body": {
							"mode": "raw",
							"raw": "\t{\n\t    \"events\": [\n\t        {\n\t            \"data\": {\n\t                \"eventContext\": {\n\t                    \"associateOID\": \"G332EFV3Q6J0048K\",\n\t                    \"schedulePeriod\": {\n\t                        \"startDate\": \"2019-07-17\",\n\t                        \"endDate\": \"2019-07-17\"\n\t                    }\n\t                },\n\t                \"transform\": {\n\t                    \"scheduleDay\": {\n\t                        \"scheduleDayDate\": \"2019-07-17\",\n\t                        \"scheduleEntries\": [\n\t                            {\n\t                                \"scheduleEntryID\": \"156909134\",\n\t                                \"dateTimePeriod\": {\n\t                                    \"startDateTime\": \"2019-07-17T09:00:00-04:00\",\n\t                                    \"endDateTime\": \"2019-07-17T12:00:00-04:00\"\n\t                                },\n\t                                \"earningAllocations\": [\n\t                                    {\n\t                                        \"allocationTypeCode\": {\n\t                                            \"codeValue\": \"Department\"\n\t                                        },\n\t                                        \"allocationCode\": {\n\t                                            \"codeValue\": \"001000\"\n\t                                        }\n\t                                    }\n\t                                ]\n\t                            },\n\t                            {\n\t                                \"scheduleEntryID\": \"156909135\",\n\t                                \"categoryTypeCode\": {\n\t                                    \"codeValue\": \"PAYCODE\"\n\t                                },\n\t                                \"payCode\": {\n\t                                    \"codeValue\": \"HOLIDAY\"\n\t                                },\n\t                                \"dateTimePeriod\": {\n\t                                    \"startDateTime\": \"2019-07-17T12:00:00Z\",\n\t                                    \"endDateTime\": \"2019-07-17T13:00:00Z\"\n\t                                },\n\t                                \"earningAllocations\": [\n\t                                    {\n\t                                        \"allocationTypeCode\": {\n\t                                            \"codeValue\": \"Department\"\n\t                                        },\n\t                                        \"allocationCode\": {\n\t                                            \"codeValue\": \"001000\"\n\t                                        }\n\t                                    },\n\t                                    {\n\t                                        \"allocationTypeCode\": {\n\t                                            \"codeValue\": \"Meal Plan\"\n\t                                        },\n\t                                        \"allocationCode\": {\n\t                                            \"codeValue\": \"sdfsdaf\"\n\t                                        }\n\t                                    }\n\t                                ]\n\t                            }\n\t                        ]\n\t                    }\n\t                }\n\t            }\n\t        }\n\t    ]\n\t}"
						},
						"url": {
							"raw": "https://iat-api.adp.com/events/time/v1/work-schedule-day.change",
							"protocol": "https",
							"host": [
								"iat-api",
								"adp",
								"com"
							],
							"path": [
								"events",
								"time",
								"v1",
								"work-schedule-day.change"
							]
						}
					},
					"response": []
				},
				{
					"name": "400 CHANGE with Invalid associateID",
					"request": {
						"method": "POST",
						"header": [
							{
								"key": "Authorization",
								"value": "Bearer {{accessToken}}",
								"type": "text"
							},
							{
								"key": "Content-Type",
								"name": "Content-Type",
								"value": "application/json",
								"type": "text"
							}
						],
						"body": {
							"mode": "raw",
							"raw": "{\n    \"events\": [\n        {\n            \"data\": {\n                \"eventContext\": {\n                    \"associateOID\": \"asdad\",\n                    \"schedulePeriod\": {\n                        \"startDate\": \"2019-07-17\",\n                        \"endDate\": \"2019-07-17\"\n                    }\n                },\n                \"transform\": {\n                    \"scheduleDay\": {\n                        \"scheduleDayDate\": \"2019-07-17\",\n                        \"scheduleEntries\": [\n                            {\n                                \"scheduleEntryID\": \"156909134\",\n                                \"dateTimePeriod\": {\n                                    \"startDateTime\": \"2019-07-17T09:00:00-04:00\",\n                                    \"endDateTime\": \"2019-07-17T12:00:00-04:00\"\n                                },\n                                \"earningAllocations\": [\n                                    {\n                                        \"allocationTypeCode\": {\n                                            \"codeValue\": \"Department\"\n                                        },\n                                        \"allocationCode\": {\n                                            \"codeValue\": \"001000\"\n                                        }\n                                    }\n                                ]\n                            },\n                            {\n                                \"scheduleEntryID\": \"156909135\",\n                                \"categoryTypeCode\": {\n                                    \"codeValue\": \"PAYCODE\"\n                                },\n                                \"payCode\": {\n                                    \"codeValue\": \"HOLIDAY\"\n                                },\n                                \"dateTimePeriod\": {\n                                    \"startDateTime\": \"2019-07-17T12:00:00Z\",\n                                    \"endDateTime\": \"2019-07-17T13:00:00Z\"\n                                },\n                                \"earningAllocations\": [\n                                    {\n                                        \"allocationTypeCode\": {\n                                            \"codeValue\": \"Department\"\n                                        },\n                                        \"allocationCode\": {\n                                            \"codeValue\": \"001000\"\n                                        }\n                                    },\n                                    {\n                                        \"allocationTypeCode\": {\n                                            \"codeValue\": \"Meal Plan\"\n                                        },\n                                        \"allocationCode\": {\n                                            \"codeValue\": \"30ACTL\"\n                                        }\n                                    }\n                                ]\n                            }\n                        ]\n                    }\n                }\n            }\n        }\n    ]\n}"
						},
						"url": {
							"raw": "https://iat-api.adp.com/events/time/v1/work-schedule-day.change",
							"protocol": "https",
							"host": [
								"iat-api",
								"adp",
								"com"
							],
							"path": [
								"events",
								"time",
								"v1",
								"work-schedule-day.change"
							]
						}
					},
					"response": []
				},
				{
					"name": "500 CHANGE with Invalid startDateTime",
					"request": {
						"method": "POST",
						"header": [
							{
								"key": "Authorization",
								"value": "Bearer {{accessToken}}",
								"type": "text"
							},
							{
								"key": "Content-Type",
								"name": "Content-Type",
								"value": "application/json",
								"type": "text"
							}
						],
						"body": {
							"mode": "raw",
							"raw": "{\n    \"events\": [\n        {\n            \"data\": {\n                \"eventContext\": {\n                    \"associateOID\": \"G332EFV3Q6J0048K\",\n                    \"schedulePeriod\": {\n                        \"startDate\": \"2019-07-17\",\n                        \"endDate\": \"2019-07-17\"\n                    }\n                },\n                \"transform\": {\n                    \"scheduleDay\": {\n                        \"scheduleDayDate\": \"2019-07-17\",\n                        \"scheduleEntries\": [\n                            {\n                                \"scheduleEntryID\": \"156909134\",\n                                \"dateTimePeriod\": {\n                                    \"startDateTime\": \"2019-0:00-04:00\",\n                                    \"endDateTime\": \"2019-07-17T12:00:00-04:00\"\n                                },\n                                \"earningAllocations\": [\n                                    {\n                                        \"allocationTypeCode\": {\n                                            \"codeValue\": \"Department\"\n                                        },\n                                        \"allocationCode\": {\n                                            \"codeValue\": \"001000\"\n                                        }\n                                    }\n                                ]\n                            },\n                            {\n                                \"scheduleEntryID\": \"156909135\",\n                                \"categoryTypeCode\": {\n                                    \"codeValue\": \"PAYCODE\"\n                                },\n                                \"payCode\": {\n                                    \"codeValue\": \"HOLIDAY\"\n                                },\n                                \"dateTimePeriod\": {\n                                    \"startDateTime\": \"2019-07-17T12:00:00Z\",\n                                    \"endDateTime\": \"2019-07-17T13:00:00Z\"\n                                },\n                                \"earningAllocations\": [\n                                    {\n                                        \"allocationTypeCode\": {\n                                            \"codeValue\": \"Department\"\n                                        },\n                                        \"allocationCode\": {\n                                            \"codeValue\": \"001000\"\n                                        }\n                                    },\n                                    {\n                                        \"allocationTypeCode\": {\n                                            \"codeValue\": \"Meal Plan\"\n                                        },\n                                        \"allocationCode\": {\n                                            \"codeValue\": \"30ACTL\"\n                                        }\n                                    }\n                                ]\n                            }\n                        ]\n                    }\n                }\n            }\n        }\n    ]\n}"
						},
						"url": {
							"raw": "https://iat-api.adp.com/events/time/v1/work-schedule-day.change",
							"protocol": "https",
							"host": [
								"iat-api",
								"adp",
								"com"
							],
							"path": [
								"events",
								"time",
								"v1",
								"work-schedule-day.change"
							]
						}
					},
					"response": []
				},
				{
					"name": "200 CHANGE with Invalid endDateTime",
					"request": {
						"method": "POST",
						"header": [
							{
								"key": "Authorization",
								"value": "Bearer {{accessToken}}",
								"type": "text"
							},
							{
								"key": "Content-Type",
								"name": "Content-Type",
								"value": "application/json",
								"type": "text"
							}
						],
						"body": {
							"mode": "raw",
							"raw": "{\n    \"events\": [\n        {\n            \"data\": {\n                \"eventContext\": {\n                    \"associateOID\": \"G332EFV3Q6J0048K\",\n                    \"schedulePeriod\": {\n                        \"startDate\": \"2019-07-17\",\n                        \"endDate\": \"2019-07-17\"\n                    }\n                },\n                \"transform\": {\n                    \"scheduleDay\": {\n                        \"scheduleDayDate\": \"2019-07-17\",\n                        \"scheduleEntries\": [\n                            {\n                                \"scheduleEntryID\": \"156909134\",\n                                \"dateTimePeriod\": {\n                                    \"startDateTime\": \"2019-07-17T09:00:00-04:00\",\n                                    \"endDateTime\": \"2019-7T00\"\n                                },\n                                \"earningAllocations\": [\n                                    {\n                                        \"allocationTypeCode\": {\n                                            \"codeValue\": \"Department\"\n                                        },\n                                        \"allocationCode\": {\n                                            \"codeValue\": \"001000\"\n                                        }\n                                    }\n                                ]\n                            },\n                            {\n                                \"scheduleEntryID\": \"156909135\",\n                                \"categoryTypeCode\": {\n                                    \"codeValue\": \"PAYCODE\"\n                                },\n                                \"payCode\": {\n                                    \"codeValue\": \"HOLIDAY\"\n                                },\n                                \"dateTimePeriod\": {\n                                    \"startDateTime\": \"2019-07-17T12:00:00Z\",\n                                    \"endDateTime\": \"2019-0:00Z\"\n                                },\n                                \"earningAllocations\": [\n                                    {\n                                        \"allocationTypeCode\": {\n                                            \"codeValue\": \"Department\"\n                                        },\n                                        \"allocationCode\": {\n                                            \"codeValue\": \"001000\"\n                                        }\n                                    },\n                                    {\n                                        \"allocationTypeCode\": {\n                                            \"codeValue\": \"Meal Plan\"\n                                        },\n                                        \"allocationCode\": {\n                                            \"codeValue\": \"30ACTL\"\n                                        }\n                                    }\n                                ]\n                            }\n                        ]\n                    }\n                }\n            }\n        }\n    ]\n}"
						},
						"url": {
							"raw": "https://iat-api.adp.com/events/time/v1/work-schedule-day.change",
							"protocol": "https",
							"host": [
								"iat-api",
								"adp",
								"com"
							],
							"path": [
								"events",
								"time",
								"v1",
								"work-schedule-day.change"
							]
						}
					},
					"response": []
				}
			]
		},
		{
			"name": "Remove Schedule",
			"item": [
				{
					"name": "REMOVE schedule",
					"request": {
						"method": "POST",
						"header": [
							{
								"key": "Authorization",
								"value": "Bearer {{accessToken}}",
								"type": "text"
							},
							{
								"key": "Content-Type",
								"name": "Content-Type",
								"value": "application/json",
								"type": "text"
							}
						],
						"body": {
							"mode": "raw",
							"raw": "{\n    \"events\": [\n        {\n            \"data\": {\n                \"eventContext\": {\n                    \"associateOID\": \"G332EFV3Q6J0048K\",\n                    \"scheduleDayDate\": \"2019-07-18\"\n                },\n                \"transform\": {\n                    \"eventStatusCode\": {\n                        \"codeValue\": \"submit\"\n                    }\n                }\n            }\n        }\n    ]\n}"
						},
						"url": {
							"raw": "https://iat-api.adp.com/events/time/v1/work-schedule-day.remove",
							"protocol": "https",
							"host": [
								"iat-api",
								"adp",
								"com"
							],
							"path": [
								"events",
								"time",
								"v1",
								"work-schedule-day.remove"
							]
						}
					},
					"response": []
				},
				{
					"name": "REMOVE Invalid date",
					"request": {
						"method": "POST",
						"header": [
							{
								"key": "Authorization",
								"type": "text",
								"value": "Bearer {{accessToken}}"
							},
							{
								"key": "Content-Type",
								"name": "Content-Type",
								"type": "text",
								"value": "application/json"
							}
						],
						"body": {
							"mode": "raw",
							"raw": "{\n    \"events\": [\n        {\n            \"data\": {\n                \"eventContext\": {\n                    \"associateOID\": \"G332EFV3Q6J0048K\",\n                    \"scheduleDayDate\": \"2019\"\n                },\n                \"transform\": {\n                    \"eventStatusCode\": {\n                        \"codeValue\": \"submit\"\n                    }\n                }\n            }\n        }\n    ]\n}"
						},
						"url": {
							"raw": "https://iat-api.adp.com/events/time/v1/work-schedule-day.remove",
							"protocol": "https",
							"host": [
								"iat-api",
								"adp",
								"com"
							],
							"path": [
								"events",
								"time",
								"v1",
								"work-schedule-day.remove"
							]
						}
					},
					"response": []
				},
				{
					"name": "REMOVE Invalid associate ID",
					"request": {
						"method": "POST",
						"header": [
							{
								"key": "Authorization",
								"type": "text",
								"value": "Bearer {{accessToken}}"
							},
							{
								"key": "Content-Type",
								"name": "Content-Type",
								"type": "text",
								"value": "application/json"
							}
						],
						"body": {
							"mode": "raw",
							"raw": "{\n    \"events\": [\n        {\n            \"data\": {\n                \"eventContext\": {\n                    \"associateOID\": \"ngfh\",\n                    \"scheduleDayDate\": \"2019-07-18\"\n                },\n                \"transform\": {\n                    \"eventStatusCode\": {\n                        \"codeValue\": \"submit\"\n                    }\n                }\n            }\n        }\n    ]\n}"
						},
						"url": {
							"raw": "https://iat-api.adp.com/events/time/v1/work-schedule-day.remove",
							"protocol": "https",
							"host": [
								"iat-api",
								"adp",
								"com"
							],
							"path": [
								"events",
								"time",
								"v1",
								"work-schedule-day.remove"
							]
						}
					},
					"response": []
				}
			]
		},
		{
			"name": "Copy Schedule",
			"item": [
				{
					"name": "COPY multiple shift",
					"request": {
						"method": "POST",
						"header": [
							{
								"key": "Authorization",
								"value": "Bearer {{accessToken}}",
								"type": "text"
							},
							{
								"key": "Content-Type",
								"name": "Content-Type",
								"value": "application/json",
								"type": "text"
							}
						],
						"body": {
							"mode": "raw",
							"raw": "{\n    \"events\": [\n        {\n            \"data\": {\n                \"eventContext\": {\n                    \"associateOID\": \"G332EFV3Q6J0048K\",\n                    \"schedulePeriod\": {\n                        \"startDate\": \"2019-07-17\",\n                        \"endDate\": \"2019-07-17\"\n                    }\n                },\n                \"transform\": {\n                \t\"startDateCopyTo\": \"2019-07-18\",\n                    \"scheduleDay\": {\n                        \"daySequenceNumber\": 1,\n                        \"scheduleDayDate\": \"2019-07-17\",\n                        \"scheduleEntries\": [\n                            {\n                                \"dateTimePeriod\": {\n                                    \"startDateTime\": \"2019-07-17T09:00:00-04:00\",\n                                    \"endDateTime\": \"2019-07-17T12:00:00-04:00\"\n                                },\n                                \"earningAllocations\": [\n                                    {\n                                        \"allocationTypeCode\": {\n                                            \"codeValue\": \"Department\"\n                                        },\n                                        \"allocationCode\": {\n                                            \"codeValue\": \"001000\"\n                                        }\n                                    }\n                                ]\n                            },\n                            {\n                                \"categoryTypeCode\": {\n                                    \"codeValue\": \"PAYCODE\"\n                                },\n                                \"payCode\": {\n                                    \"codeValue\": \"HOLIDAY\"\n                                },\n                                \"dateTimePeriod\": {\n                                    \"startDateTime\": \"2019-07-17T12:00:00Z\",\n                                    \"endDateTime\": \"2019-07-17T13:00:00Z\"\n                                },\n                                \"earningAllocations\": [\n                                    {\n                                        \"allocationTypeCode\": {\n                                            \"codeValue\": \"Department\"\n                                        },\n                                        \"allocationCode\": {\n                                            \"codeValue\": \"001000\"\n                                        }\n                                    }\n                                ]\n                            },\n                            {\n                                \"dateTimePeriod\": {\n                                    \"startDateTime\": \"2019-07-17T13:00:00Z\",\n                                    \"endDateTime\": \"2019-07-17T18:00:00Z\"\n                                },\n                                \"earningAllocations\": [\n                                    {\n                                        \"allocationTypeCode\": {\n                                            \"codeValue\": \"Department\"\n                                        },\n                                        \"allocationCode\": {\n                                            \"codeValue\": \"001000\"\n                                        }\n                                    },\n                                  \n                                    {\n                                        \"allocationTypeCode\": {\n                                            \"codeValue\": \"Meal Plan\"\n                                        },\n                                        \"allocationCode\": {\n                                            \"codeValue\": \"30ACTL\"\n                                        }\n                                    }\n                                ]\n                            }\n                        ]\n                    }\n                }\n            }\n        }\n    ]\n}"
						},
						"url": {
							"raw": "https://iat-api.adp.com/events/time/v1/work-schedule-day.copy",
							"protocol": "https",
							"host": [
								"iat-api",
								"adp",
								"com"
							],
							"path": [
								"events",
								"time",
								"v1",
								"work-schedule-day.copy"
							]
						}
					},
					"response": []
				}
			]
		},
		{
			"name": "Retrive Schedule",
			"item": [
				{
					"name": "200 Get schedule for multiple emp",
					"request": {
						"method": "GET",
						"header": [
							{
								"key": "Authorization",
								"value": "Bearer {{accessToken}}",
								"type": "text"
							},
							{
								"key": "Accept",
								"value": "application/json",
								"type": "text"
							}
						],
						"url": {
							"raw": "https://iat-api.adp.com/time/v1/work-schedules",
							"protocol": "https",
							"host": [
								"iat-api",
								"adp",
								"com"
							],
							"path": [
								"time",
								"v1",
								"work-schedules"
							]
						}
					},
					"response": []
				},
				{
					"name": "200 Get schedule for multple emp - WithDateRange",
					"request": {
						"method": "GET",
						"header": [
							{
								"key": "Authorization",
								"type": "text",
								"value": "Bearer {{accessToken}}"
							},
							{
								"key": "Accept",
								"type": "text",
								"value": "application/json"
							}
						],
						"url": {
							"raw": "https://iat-api.adp.com/time/v1/work-schedules?$filter=schedulePeriod/startDate ge '2019-07-14'\n and schedulePeriod/endDate le '2019-07-22'",
							"protocol": "https",
							"host": [
								"iat-api",
								"adp",
								"com"
							],
							"path": [
								"time",
								"v1",
								"work-schedules"
							],
							"query": [
								{
									"key": "$filter",
									"value": "schedulePeriod/startDate ge '2019-07-14'\n and schedulePeriod/endDate le '2019-07-22'"
								}
							]
						}
					},
					"response": []
				},
				{
					"name": "200 Get work schedule for single emp",
					"request": {
						"method": "GET",
						"header": [
							{
								"key": "Authorization",
								"type": "text",
								"value": "Bearer {{accessToken}}"
							},
							{
								"key": "Accept",
								"value": "application/json",
								"type": "text"
							}
						],
						"url": {
							"raw": "https://iat-api.adp.com/time/v1/workers/G332EFV3Q6J0048K/work-schedules",
							"protocol": "https",
							"host": [
								"iat-api",
								"adp",
								"com"
							],
							"path": [
								"time",
								"v1",
								"workers",
								"G332EFV3Q6J0048K",
								"work-schedules"
							]
						}
					},
					"response": []
				},
				{
					"name": "200 Get schedule for single emp - WithDateRange",
					"request": {
						"method": "GET",
						"header": [
							{
								"key": "Authorization",
								"type": "text",
								"value": "Bearer {{accessToken}}"
							},
							{
								"key": "Accept",
								"value": "application/json",
								"type": "text"
							}
						],
						"url": {
							"raw": "https://iat-api.adp.com/time/v1/workers/G332EFV3Q6J0048K/work-schedules?$filter=schedulePeriod/startDate ge '2019-07-14'\n and schedulePeriod/endDate le '2019-07-22'",
							"protocol": "https",
							"host": [
								"iat-api",
								"adp",
								"com"
							],
							"path": [
								"time",
								"v1",
								"workers",
								"G332EFV3Q6J0048K",
								"work-schedules"
							],
							"query": [
								{
									"key": "$filter",
									"value": "schedulePeriod/startDate ge '2019-07-14'\n and schedulePeriod/endDate le '2019-07-22'"
								}
							]
						}
					},
					"response": []
				},
				{
					"name": "400 Invalid associate",
					"request": {
						"method": "GET",
						"header": [
							{
								"key": "Authorization",
								"type": "text",
								"value": "Bearer {{accessToken}}"
							},
							{
								"key": "Accept",
								"type": "text",
								"value": "application/json"
							}
						],
						"url": {
							"raw": "https://iat-api.adp.com/time/v1/workers/invalid/work-schedules",
							"protocol": "https",
							"host": [
								"iat-api",
								"adp",
								"com"
							],
							"path": [
								"time",
								"v1",
								"workers",
								"invalid",
								"work-schedules"
							]
						}
					},
					"response": []
				}
			]
		},
		{
			"name": "Worker API call",
			"request": {
				"method": "GET",
				"header": [
					{
						"key": "Authorization",
						"value": "Bearer {{accessToken}}",
						"type": "text"
					}
				],
				"url": {
					"raw": "https://iat-api.adp.com/hr/v2/workers",
					"protocol": "https",
					"host": [
						"iat-api",
						"adp",
						"com"
					],
					"path": [
						"hr",
						"v2",
						"workers"
					]
				}
			},
			"response": []
		},
		{
			"name": "B2B  token",
			"event": [
				{
					"listen": "test",
					"script": {
						"id": "a4b8c496-24a4-4458-bb13-c804dcca0eb4",
						"exec": [
							"// parse JSON data",
							"let jsonData = pm.response.json()",
							"console.log ('JSON response: ', jsonData)",
							"",
							"let access_token = jsonData.access_token",
							"console.log (access_token)",
							"pm.globals.set(\"accessToken\", access_token);",
							"",
							"// status code is 200",
							"",
							"pm.test(\"Status code is 200\", function () {",
							"    pm.response.to.have.status(200);",
							"});"
						],
						"type": "text/javascript"
					}
				}
			],
			"request": {
				"method": "POST",
				"header": [
					{
						"key": "Content-Type",
						"value": "application/x-www-form-urlencoded"
					}
				],
				"body": {
					"mode": "urlencoded",
					"urlencoded": [
						{
							"key": "grant_type",
							"value": "client_credentials",
							"type": "text"
						},
						{
							"key": "client_id",
							"value": "fdfa0ac6-050f-4444-880b-6c0ce83a14f6",
							"type": "text"
						},
						{
							"key": "client_secret",
							"value": "725f6a05-746c-4749-a31f-72868dc69d5a",
							"type": "text"
						}
					]
				},
				"url": {
					"raw": "https://iat-api.adp.com/auth/oauth/v2/token",
					"protocol": "https",
					"host": [
						"iat-api",
						"adp",
						"com"
					],
					"path": [
						"auth",
						"oauth",
						"v2",
						"token"
					]
				}
			},
			"response": []
		}
	]
}