{
	"info": {
		"_postman_id": "d1e006f4-7a46-4866-a5fd-4c85c11375bc",
		"name": "US Federal Tax RUN IAT GITHUB B2B",
		"schema": "https://schema.getpostman.com/json/collection/v2.1.0/collection.json"
	},
	"item": [
		{
			"name": "GET",
			"item": [
				{
					"name": "GET US_Federaltax_Profile",
					"request": {
						"method": "GET",
						"header": [
							{
								"key": "Authorization",
								"value": "Bearer ad6086d5-275f-4ae0-9f13-9a11aa51c666",
								"type": "text"
							},
							{
								"key": "If-None-Match",
								"value": "true",
								"type": "text"
							}
						],
						"url": {
							"raw": "https://iat-api.adp.com/payroll/v1/workers/G3P3QYJJXG79RRNW/us-tax-profiles/federal",
							"protocol": "https",
							"host": [
								"iat-api",
								"adp",
								"com"
							],
							"path": [
								"payroll",
								"v1",
								"workers",
								"G3P3QYJJXG79RRNW",
								"us-tax-profiles",
								"federal"
							]
						}
					},
					"response": []
				},
				{
					"name": "Get US_FederalTax_Profile_Meta",
					"request": {
						"method": "GET",
						"header": [
							{
								"key": "Authorization",
								"value": "Bearer f94f39c4-9799-4b47-bd2d-cfb05c4f9072",
								"type": "text"
							},
							{
								"key": "If-None-Match",
								"value": "true",
								"type": "text"
							}
						],
						"url": {
							"raw": "https://iat-api.adp.com/payroll/v1/workers/G3P3QYJJXG79RRNW/us-tax-profiles/federal/meta",
							"protocol": "https",
							"host": [
								"iat-api",
								"adp",
								"com"
							],
							"path": [
								"payroll",
								"v1",
								"workers",
								"G3P3QYJJXG79RRNW",
								"us-tax-profiles",
								"federal",
								"meta"
							]
						}
					},
					"response": []
				},
				{
					"name": "Get Change_US_FederalTax_Profile_Meta",
					"request": {
						"method": "GET",
						"header": [
							{
								"key": "associateoid",
								"value": "{{aoid}}"
							},
							{
								"key": "OrgOid",
								"value": "{{orgoid}}"
							}
						],
						"url": {
							"raw": "{{url}}/events/payroll/v1/us-tax-profile.federal-income-tax-instruction.change/meta",
							"host": [
								"{{url}}"
							],
							"path": [
								"events",
								"payroll",
								"v1",
								"us-tax-profile.federal-income-tax-instruction.change",
								"meta"
							]
						}
					},
					"response": []
				}
			]
		},
		{
			"name": "POST",
			"item": [
				{
					"name": "Federal_USTaxProfile_Single_AdditionalTaxAmount_200",
					"request": {
						"method": "POST",
						"header": [
							{
								"key": "Authorization",
								"value": "Bearer ad6086d5-275f-4ae0-9f13-9a11aa51c666",
								"type": "text"
							},
							{
								"key": "Content-Type",
								"value": "application/json",
								"type": "text"
							}
						],
						"body": {
							"mode": "raw",
							"raw": "{\n    \"events\": [\n        {\n            \"data\": {\n                \"eventContext\": {\n                    \"worker\": {\n                        \"associateOID\": \"G3P3QYJJXG79RRNW\"\n                    }\n                },\n                \"transform\": {\n                    \"eventStatusCode\": {\n                        \"codeValue\": \"submit\"\n                    },\n                    \"effectiveDateTime\": \"2019-09-13T00:00:00Z\",\n                    \"usTaxProfile\": {\n                        \"usFederalTaxInstruction\": {\n                            \"federalIncomeTaxInstruction\": {\n                                \"taxFilingStatusCode\": {\n                                    \"longName\": \"Single\",\n                                    \"codeValue\": \"S\",\n                                    \"shortName\": \"Single\"\n                                },\n                                \"taxWithholdingStatus\": {\n                                    \"statusCode\": {\n                                        \"longName\": \"Exempt from withholding\",\n                                        \"codeValue\": \"1\",\n                                        \"shortName\": \"Exempt\"\n                                    }\n                                },\n                                \"taxWithholdingAllowanceQuantity\": \"10\",\n                                \"additionalTaxAmount\": {\n                                    \"amountValue\": 35,\n                                    \"currencyCode\": \"USD\"\n                                }\n                            },\n                            \"socialSecurityTaxInstruction\": {\n                                \"taxWithholdingStatus\": {\n                                    \"statusCode\": {\n                                        \"longName\": \"Exempt from Tax\",\n                                        \"codeValue\": \"0\",\n                                        \"shortName\": \"Exempt\"\n                                    },\n                                    \"effectiveDate\": \"2019-09-13T10:56:52.661859Z\"\n                                }\n                            },\n                            \"medicareTaxInstruction\": {\n                                \"taxWithholdingStatus\": {\n                                    \"statusCode\": {\n                                        \"longName\": \"Exempt from Tax\",\n                                        \"codeValue\": \"0\",\n                                        \"shortName\": \"Exempt\"\n                                    },\n                                    \"effectiveDate\": \"2019-08-03T10:56:52.661859Z\"\n                                }\n                            },\n                            \"federalUnemploymentTaxInstruction\": {\n                                \"taxWithholdingStatus\": {\n                                    \"statusCode\": {\n                                        \"longName\": \"Exempt from Tax\",\n                                        \"codeValue\": \"1\",\n                                        \"shortName\": \"Exempt\"\n                                    },\n                                    \"effectiveDate\": \"2019-09-13T10:56:52.661859Z\"\n                                }\n                            }\n                        }\n                    }\n                }\n            },\n            \"serviceCategoryCode\": {\n                \"codeValue\": \"payroll\"\n            },\n            \"eventNameCode\": {\n                \"codeValue\": \"worker.usTaxProfile.federalIncomeTaxInstruction.change\"\n            }\n        }\n    ]\n}"
						},
						"url": {
							"raw": "https://iat-api.adp.com/events/payroll/v1/us-tax-profile.federal-income-tax-instruction.change",
							"protocol": "https",
							"host": [
								"iat-api",
								"adp",
								"com"
							],
							"path": [
								"events",
								"payroll",
								"v1",
								"us-tax-profile.federal-income-tax-instruction.change"
							]
						}
					},
					"response": []
				},
				{
					"name": "Federal_USTaxProfile_ taxWithholdingAllowanceQuantity_0to99",
					"request": {
						"method": "POST",
						"header": [
							{
								"key": "Authorization",
								"value": "Bearer c9852472-771e-4723-805b-79d9c768eadb",
								"type": "text"
							},
							{
								"key": "Content-Type",
								"value": "application/json",
								"type": "text"
							}
						],
						"body": {
							"mode": "raw",
							"raw": "{\r\n    \"events\": [\r\n        {\r\n            \"data\": {\r\n                \"eventContext\": {\r\n                    \"worker\": {\r\n                        \"associateOID\": \"G3E06XVKBAN4TXBE\"\t\r\n                    }\r\n                },\r\n                \"transform\": {\r\n                    \"eventStatusCode\": {\r\n                        \"codeValue\": \"submit\"\r\n                    },\r\n                    \"effectiveDateTime\": \"2019-09-13T00:00:00Z\",\r\n                    \"usTaxProfile\": {\r\n                        \"usFederalTaxInstruction\": {\r\n                            \"federalIncomeTaxInstruction\": {\r\n                                \"taxFilingStatusCode\": {\r\n                                    \"longName\": \"Married\",\r\n                                    \"codeValue\": \"X\",\r\n                                    \"shortName\": \"Married\"\r\n                                },\r\n                                \"taxWithholdingAllowanceQuantity\": 8,\r\n                                \"overrideTaxPercentage\": 4\r\n                            }\r\n                        }\r\n                    }\r\n                }\r\n            },\r\n            \"serviceCategoryCode\": {\r\n                \"codeValue\": \"payroll\"\r\n            },\r\n            \"eventNameCode\": {\r\n                \"codeValue\": \"worker.usTaxProfile.federalIncomeTaxInstruction.change\"\r\n            }\r\n        }\r\n    ]\r\n}"
						},
						"url": {
							"raw": "https://iat-api.adp.com/events/payroll/v1/us-tax-profile.federal-income-tax-instruction.change",
							"protocol": "https",
							"host": [
								"iat-api",
								"adp",
								"com"
							],
							"path": [
								"events",
								"payroll",
								"v1",
								"us-tax-profile.federal-income-tax-instruction.change"
							]
						}
					},
					"response": []
				},
				{
					"name": "Federal_USTaxProfile_ taxWithholdingStatusUpdate",
					"request": {
						"method": "POST",
						"header": [
							{
								"key": "Authorization",
								"type": "text",
								"value": "Bearer c9852472-771e-4723-805b-79d9c768eadb"
							},
							{
								"key": "Content-Type",
								"type": "text",
								"value": "application/json"
							}
						],
						"body": {
							"mode": "raw",
							"raw": "{\r\n    \"events\": [\r\n        {\r\n            \"data\": {\r\n                \"eventContext\": {\r\n                    \"worker\": {\r\n                        \"associateOID\": \"G3P3QYJJXG79RRNW\"\t\r\n                    }\r\n                },\r\n                \"transform\": {\r\n                    \"eventStatusCode\": {\r\n                        \"codeValue\": \"submit\"\r\n                    },\r\n                    \"effectiveDateTime\": \"2019-09-05T00:00:00Z\",\r\n                    \"usTaxProfile\": {\r\n                        \"usFederalTaxInstruction\": {\r\n                            \"federalIncomeTaxInstruction\": {\r\n                                \"taxFilingStatusCode\": {\r\n                                    \"longName\": \"Married\",\r\n                                    \"codeValue\": \"X\",\r\n                                    \"shortName\": \"Married\"\r\n                                },\r\n                                \"taxWithholdingStatus\": {\r\n                                    \"statusCode\": {\r\n                                        \"longName\": \"Exempt from withholding\",\r\n                                        \"codeValue\": \"1\",\r\n                                        \"shortName\": \"Exempt\"\r\n                                    }\r\n                                },\r\n                                \"taxWithholdingAllowanceQuantity\": 8,\r\n                                \"overrideTaxPercentage\": 4\r\n                            },\r\n                            \"socialSecurityTaxInstruction\": {\r\n                                \"taxWithholdingStatus\": {\r\n                                    \"statusCode\": {\r\n                                        \"longName\": \"Exempt from Tax\",\r\n                                        \"codeValue\": \"1\",\r\n                                        \"shortName\": \"Exempt\"\r\n                                    },\r\n                                    \"effectiveDate\": \"2019-09-05T10:56:52.661859Z\"\r\n                                }\r\n                            },\r\n                            \"medicareTaxInstruction\": {\r\n                                \"taxWithholdingStatus\": {\r\n                                    \"statusCode\": {\r\n                                        \"longName\": \"Exempt from Tax\",\r\n                                        \"codeValue\": \"1\",\r\n                                        \"shortName\": \"Exempt\"\r\n                                    },\r\n                                    \"effectiveDate\": \"2019-09-05T10:56:52.661859Z\"\r\n                                }\r\n                            },\r\n                            \"federalUnemploymentTaxInstruction\": {\r\n                                \"taxWithholdingStatus\": {\r\n                                    \"statusCode\": {\r\n                                        \"longName\": \"Exempt from Tax\",\r\n                                        \"codeValue\": \"1\",\r\n                                        \"shortName\": \"Exempt\"\r\n                                    },\r\n                                    \"effectiveDate\": \"2019-09-05T10:56:52.661859Z\"\r\n                                }\r\n                            }\r\n                        }\r\n                    }\r\n                }\r\n            },\r\n            \"serviceCategoryCode\": {\r\n                \"codeValue\": \"payroll\"\r\n            },\r\n            \"eventNameCode\": {\r\n                \"codeValue\": \"worker.usTaxProfile.federalIncomeTaxInstruction.change\"\r\n            }\r\n        }\r\n    ]\r\n}"
						},
						"url": {
							"raw": "https://iat-api.adp.com/events/payroll/v1/us-tax-profile.federal-income-tax-instruction.change",
							"protocol": "https",
							"host": [
								"iat-api",
								"adp",
								"com"
							],
							"path": [
								"events",
								"payroll",
								"v1",
								"us-tax-profile.federal-income-tax-instruction.change"
							]
						}
					},
					"response": []
				},
				{
					"name": "Federal_USTaxProfile_Single_AdditionalTaxPercentage_200",
					"request": {
						"method": "POST",
						"header": [
							{
								"key": "Authorization",
								"value": "Bearer f2304c87-536e-49ba-86fd-3f9a7bbc37ff",
								"type": "text"
							},
							{
								"key": "Content-Type",
								"value": "application/json",
								"type": "text"
							}
						],
						"body": {
							"mode": "raw",
							"raw": "{\r\n    \"events\": [\r\n        {\r\n            \"data\": {\r\n                \"eventContext\": {\r\n                    \"worker\": {\r\n                        \"associateOID\": \"G3P3QYJJXG79RRNW\"  \r\n                    }\r\n                },\r\n                \"transform\": {\r\n                    \"eventStatusCode\": {\r\n                        \"codeValue\": \"submit\"\r\n                    },\r\n                    \"effectiveDateTime\": \"2019-09-05T00:00:00Z\",\r\n                    \"usTaxProfile\": {\r\n                        \"usFederalTaxInstruction\": {\r\n                            \"federalIncomeTaxInstruction\": {\r\n                                \"taxFilingStatusCode\": {\r\n                                    \"longName\": \"Single\",\r\n                                    \"codeValue\": \"S\",\r\n                                    \"shortName\": \"Single\"\r\n                                },\r\n                                \"taxWithholdingStatus\": {\r\n                                    \"statusCode\": {\r\n                                        \"longName\": \"Exempt from withholding\",\r\n                                        \"codeValue\": \"X\",\r\n                                        \"shortName\": \"Exempt\"\r\n                                    }\r\n                                },\r\n                                \"taxWithholdingAllowanceQuantity\": \"16\",\r\n                                \"additionalTaxPercentage\": 12\r\n                           },\r\n                            \"federalUnemploymentTaxInstruction\": {\r\n                                \"taxWithholdingStatus\": {\r\n                                    \"statusCode\": {\r\n                                        \"longName\": \"Exempt from Tax\",\r\n                                        \"codeValue\": \"1\",\r\n                                        \"shortName\": \"Exempt\"\r\n                                    },\r\n                                    \"effectiveDate\": \"2019-09-05T10:56:52.661859Z\"\r\n                                }\r\n                            }\r\n                        }\r\n                    }\r\n                }\r\n            },\r\n            \"serviceCategoryCode\": {\r\n                \"codeValue\": \"payroll\"\r\n            },\r\n            \"eventNameCode\": {\r\n                \"codeValue\": \"worker.usTaxProfile.federalIncomeTaxInstruction.change\"\r\n            }\r\n        }\r\n    ]\r\n}\r\n"
						},
						"url": {
							"raw": "https://iat-api.adp.com/events/payroll/v1/us-tax-profile.federal-income-tax-instruction.change",
							"protocol": "https",
							"host": [
								"iat-api",
								"adp",
								"com"
							],
							"path": [
								"events",
								"payroll",
								"v1",
								"us-tax-profile.federal-income-tax-instruction.change"
							]
						}
					},
					"response": []
				},
				{
					"name": "Federal_USTacProfile_Married_OverrideTaxAmount_200",
					"request": {
						"method": "POST",
						"header": [
							{
								"key": "Authorization",
								"value": "Bearer f2304c87-536e-49ba-86fd-3f9a7bbc37ff",
								"type": "text"
							},
							{
								"key": "Content-Type",
								"value": "application/json",
								"type": "text"
							}
						],
						"body": {
							"mode": "raw",
							"raw": "{\r\n    \"events\": [\r\n        {\r\n            \"data\": {\r\n                \"eventContext\": {\r\n                    \"worker\": {\r\n                        \"associateOID\": \"G3P3QYJJXG79RRNW\"\r\n                    }\r\n                },\r\n                \"transform\": {\r\n                    \"eventStatusCode\": {\r\n                        \"codeValue\": \"submit\"\r\n                    },\r\n                    \"effectiveDateTime\": \"2019-09-05T00:00:00Z\",\r\n                    \"usTaxProfile\": {\r\n                        \"usFederalTaxInstruction\": {\r\n                            \"federalIncomeTaxInstruction\": {\r\n                                \"taxWithholdingAllowanceQuantity\": 3,\r\n                                \"taxFilingStatusCode\": {\r\n                                    \"longName\": \"Married\",\r\n                                    \"codeValue\": \"M\",\r\n                                    \"shortName\": \"Married\"\r\n                                },\r\n                                \"overrideTaxAmount\":{\r\n                                \t \"amountValue\": 30,\r\n                                    \"currencyCode\": \"USD\"\r\n                                }\r\n                            }\r\n                        }\r\n                    }\r\n                }\r\n            },\r\n            \"serviceCategoryCode\": {\r\n                \"codeValue\": \"payroll\"\r\n            },\r\n            \"eventNameCode\": {\r\n                \"codeValue\": \"us-tax-profile.federal-income-tax-instruction.change\"\r\n            }\r\n        }\r\n    ]\r\n}"
						},
						"url": {
							"raw": "https://iat-api.adp.com/events/payroll/v1/us-tax-profile.federal-income-tax-instruction.change",
							"protocol": "https",
							"host": [
								"iat-api",
								"adp",
								"com"
							],
							"path": [
								"events",
								"payroll",
								"v1",
								"us-tax-profile.federal-income-tax-instruction.change"
							]
						}
					},
					"response": []
				},
				{
					"name": "Federal_USTaxProfile_Married_OverrideTaxPercentage_200",
					"request": {
						"method": "POST",
						"header": [
							{
								"key": "Authorization",
								"value": "Bearer f2304c87-536e-49ba-86fd-3f9a7bbc37ff",
								"type": "text"
							},
							{
								"key": "Content-Type",
								"value": "application/json",
								"type": "text"
							}
						],
						"body": {
							"mode": "raw",
							"raw": "{\r\n    \"events\": [\r\n        {\r\n            \"data\": {\r\n                \"eventContext\": {\r\n                    \"worker\": {\r\n                        \"associateOID\": \"G3P3QYJJXG79RRNW\"  \r\n                    }\r\n                },\r\n                \"transform\": {\r\n                    \"eventStatusCode\": {\r\n                        \"codeValue\": \"submit\"\r\n                    },\r\n                    \"effectiveDateTime\": \"2019-09-05T00:00:00Z\",\r\n                    \"usTaxProfile\": {\r\n                        \"usFederalTaxInstruction\": {\r\n                            \"federalIncomeTaxInstruction\": {\r\n                                \"taxFilingStatusCode\": {\r\n                                    \"longName\": \"Married\",\r\n                                    \"codeValue\": \"M\",\r\n                                    \"shortName\": \"Married\"\r\n                                },\r\n                                \"taxWithholdingStatus\": {\r\n                                    \"statusCode\": {\r\n                                        \"longName\": \"Exempt from withholding\",\r\n                                        \"codeValue\": \"X\",\r\n                                        \"shortName\": \"Exempt\"\r\n                                    }\r\n                                },\r\n                                \"taxWithholdingAllowanceQuantity\": \"11\",\r\n                                \"overrideTaxPercentage\": 18\r\n                           },\r\n                            \"federalUnemploymentTaxInstruction\": {\r\n                                \"taxWithholdingStatus\": {\r\n                                    \"statusCode\": {\r\n                                        \"longName\": \"Exempt from Tax\",\r\n                                        \"codeValue\": \"1\",\r\n                                        \"shortName\": \"Exempt\"\r\n                                    },\r\n                                    \"effectiveDate\": \"2019-09-05T10:56:52.661859Z\"\r\n                                }\r\n                            }\r\n                        }\r\n                    }\r\n                }\r\n            },\r\n            \"serviceCategoryCode\": {\r\n                \"codeValue\": \"payroll\"\r\n            },\r\n            \"eventNameCode\": {\r\n                \"codeValue\": \"worker.usTaxProfile.federalIncomeTaxInstruction.change\"\r\n            }\r\n        }\r\n    ]\r\n}\r\n"
						},
						"url": {
							"raw": "https://iat-api.adp.com/events/payroll/v1/us-tax-profile.federal-income-tax-instruction.change",
							"protocol": "https",
							"host": [
								"iat-api",
								"adp",
								"com"
							],
							"path": [
								"events",
								"payroll",
								"v1",
								"us-tax-profile.federal-income-tax-instruction.change"
							]
						}
					},
					"response": []
				},
				{
					"name": "Federal_USTaxProfile_Invalid_WithholdingStatus_400",
					"request": {
						"method": "POST",
						"header": [
							{
								"key": "Authorization",
								"type": "text",
								"value": "Bearer c9852472-771e-4723-805b-79d9c768eadb"
							},
							{
								"key": "Content-Type",
								"name": "Content-Type",
								"type": "text",
								"value": "application/json"
							}
						],
						"body": {
							"mode": "raw",
							"raw": "{\r\n    \"events\": [\r\n        {\r\n            \"data\": {\r\n                \"eventContext\": {\r\n                    \"worker\": {\r\n                        \"associateOID\": \"G3P3QYJJXG79RRNW\"\r\n                    }\r\n                },\r\n                \"transform\": {\r\n                    \"eventStatusCode\": {\r\n                        \"codeValue\": \"submit\"\r\n                    },\r\n                    \"effectiveDateTime\": \"2019-09-05T00:00:00Z\",\r\n                    \"usTaxProfile\": {\r\n                        \"usFederalTaxInstruction\": {\r\n                            \"federalIncomeTaxInstruction\": {\r\n                                \"taxFilingStatusCode\": {\r\n                                    \"longName\": \"Single\",\r\n                                    \"codeValue\": \"Sin\",\r\n                                    \"shortName\": \"Single\"\r\n                                },\r\n                                \"additionalTaxAmount\": {\r\n                                    \"amountValue\": 10,\r\n                                    \"currencyCode\": \"USD\"\r\n                                }\r\n                            }\r\n                        }\r\n                    }\r\n                }\r\n            },\r\n            \"serviceCategoryCode\": {\r\n                \"codeValue\": \"payroll\"\r\n            },\r\n            \"eventNameCode\": {\r\n                \"codeValue\": \"us-tax-profile.federal-income-tax-instruction.change\"\r\n            }\r\n        }\r\n    ]\r\n}"
						},
						"url": {
							"raw": "https://iat-api.adp.com/events/payroll/v1/us-tax-profile.federal-income-tax-instruction.change",
							"protocol": "https",
							"host": [
								"iat-api",
								"adp",
								"com"
							],
							"path": [
								"events",
								"payroll",
								"v1",
								"us-tax-profile.federal-income-tax-instruction.change"
							]
						}
					},
					"response": []
				},
				{
					"name": "Federal_USTaxProfile_Invalid_SOC_TaxWithholdingStatus_400",
					"request": {
						"method": "POST",
						"header": [
							{
								"key": "Authorization",
								"type": "text",
								"value": "Bearer 8f19a783-7ec0-4f7f-8ee6-c62c41179d79"
							},
							{
								"key": "Content-Type",
								"name": "Content-Type",
								"type": "text",
								"value": "application/json"
							}
						],
						"body": {
							"mode": "raw",
							"raw": "{\r\n    \"events\": [\r\n        {\r\n            \"data\": {\r\n                \"eventContext\": {\r\n                    \"worker\": {\r\n                        \"associateOID\": \"G3P3QYJJXG79RRNW\"\t\r\n                    }\r\n                },\r\n                \"transform\": {\r\n                    \"eventStatusCode\": {\r\n                        \"codeValue\": \"submit\"\r\n                    },\r\n                    \"effectiveDateTime\": \"2019-09-05T00:00:00Z\",\r\n                    \"usTaxProfile\": {\r\n                        \"usFederalTaxInstruction\": {\r\n                            \"federalIncomeTaxInstruction\": {\r\n                                \"taxFilingStatusCode\": {\r\n                                    \"longName\": \"Married\",\r\n                                    \"codeValue\": \"X\",\r\n                                    \"shortName\": \"Married\"\r\n                                },\r\n                                \"taxWithholdingStatus\": {\r\n                                    \"statusCode\": {\r\n                                        \"longName\": \"Exempt from withholding\",\r\n                                        \"codeValue\": \"1\",\r\n                                        \"shortName\": \"Exempt\"\r\n                                    }\r\n                                },\r\n                                \"taxWithholdingAllowanceQuantity\": 8,\r\n                                \"overrideTaxPercentage\": 4\r\n                            },\r\n                            \"socialSecurityTaxInstruction\": {\r\n                                \"taxWithholdingStatus\": {\r\n                                    \"statusCode\": {\r\n                                        \"codeValue\": \"X\"\r\n                                    },\r\n                                    \"effectiveDate\": \"2019-09-05T10:56:52.661859Z\"\r\n                                }\r\n                            }\r\n                        }\r\n                    }\r\n                }\r\n            },\r\n            \"serviceCategoryCode\": {\r\n                \"codeValue\": \"payroll\"\r\n            },\r\n            \"eventNameCode\": {\r\n                \"codeValue\": \"worker.usTaxProfile.federalIncomeTaxInstruction.change\"\r\n            }\r\n        }\r\n    ]\r\n}"
						},
						"url": {
							"raw": "https://iat-api.adp.com/events/payroll/v1/us-tax-profile.federal-income-tax-instruction.change",
							"protocol": "https",
							"host": [
								"iat-api",
								"adp",
								"com"
							],
							"path": [
								"events",
								"payroll",
								"v1",
								"us-tax-profile.federal-income-tax-instruction.change"
							]
						}
					},
					"response": []
				},
				{
					"name": "Federal_USTaxProfile_Invalid_Medicare_TaxWithholdingStatus_400",
					"request": {
						"method": "POST",
						"header": [
							{
								"key": "Authorization",
								"type": "text",
								"value": "Bearer 8f19a783-7ec0-4f7f-8ee6-c62c41179d79"
							},
							{
								"key": "Content-Type",
								"name": "Content-Type",
								"type": "text",
								"value": "application/json"
							}
						],
						"body": {
							"mode": "raw",
							"raw": "{\r\n    \"events\": [\r\n        {\r\n            \"data\": {\r\n                \"eventContext\": {\r\n                    \"worker\": {\r\n                        \"associateOID\": \"G3P3QYJJXG79RRNW\"\t\r\n                    }\r\n                },\r\n                \"transform\": {\r\n                    \"eventStatusCode\": {\r\n                        \"codeValue\": \"submit\"\r\n                    },\r\n                    \"effectiveDateTime\": \"2019-09-05T00:00:00Z\",\r\n                    \"usTaxProfile\": {\r\n                        \"usFederalTaxInstruction\": {\r\n                            \"federalIncomeTaxInstruction\": {\r\n                                \"taxFilingStatusCode\": {\r\n                                    \"longName\": \"Married\",\r\n                                    \"codeValue\": \"X\",\r\n                                    \"shortName\": \"Married\"\r\n                                },\r\n                                \"taxWithholdingStatus\": {\r\n                                    \"statusCode\": {\r\n                                        \"longName\": \"Exempt from withholding\",\r\n                                        \"codeValue\": \"1\",\r\n                                        \"shortName\": \"Exempt\"\r\n                                    }\r\n                                },\r\n                                \"taxWithholdingAllowanceQuantity\": 8,\r\n                                \"overrideTaxPercentage\": 4\r\n                            },\r\n                            \"medicareTaxInstruction\": {\r\n                                \"taxWithholdingStatus\": {\r\n                                    \"statusCode\": {\r\n                                        \"codeValue\": \"X\"\r\n                                    },\r\n                                    \"effectiveDate\": \"2019-09-05T10:56:52.661859Z\"\r\n                                }\r\n                            }\r\n                        }\r\n                    }\r\n                }\r\n            },\r\n            \"serviceCategoryCode\": {\r\n                \"codeValue\": \"payroll\"\r\n            },\r\n            \"eventNameCode\": {\r\n                \"codeValue\": \"worker.usTaxProfile.federalIncomeTaxInstruction.change\"\r\n            }\r\n        }\r\n    ]\r\n}"
						},
						"url": {
							"raw": "https://iat-api.adp.com/events/payroll/v1/us-tax-profile.federal-income-tax-instruction.change",
							"protocol": "https",
							"host": [
								"iat-api",
								"adp",
								"com"
							],
							"path": [
								"events",
								"payroll",
								"v1",
								"us-tax-profile.federal-income-tax-instruction.change"
							]
						}
					},
					"response": []
				},
				{
					"name": "Federal_USTaxProfile_Invalid_FUTA_TaxWithholdingStatus_400",
					"request": {
						"method": "POST",
						"header": [
							{
								"key": "Authorization",
								"type": "text",
								"value": "Bearer 8f19a783-7ec0-4f7f-8ee6-c62c41179d79"
							},
							{
								"key": "Content-Type",
								"name": "Content-Type",
								"type": "text",
								"value": "application/json"
							}
						],
						"body": {
							"mode": "raw",
							"raw": "{\r\n    \"events\": [\r\n        {\r\n            \"data\": {\r\n                \"eventContext\": {\r\n                    \"worker\": {\r\n                        \"associateOID\": \"G3P3QYJJXG79RRNW\"\t\r\n                    }\r\n                },\r\n                \"transform\": {\r\n                    \"eventStatusCode\": {\r\n                        \"codeValue\": \"submit\"\r\n                    },\r\n                    \"effectiveDateTime\": \"2019-09-05T00:00:00Z\",\r\n                    \"usTaxProfile\": {\r\n                        \"usFederalTaxInstruction\": {\r\n                            \"federalIncomeTaxInstruction\": {\r\n                                \"taxFilingStatusCode\": {\r\n                                    \"longName\": \"Married\",\r\n                                    \"codeValue\": \"X\",\r\n                                    \"shortName\": \"Married\"\r\n                                },\r\n                                \"taxWithholdingStatus\": {\r\n                                    \"statusCode\": {\r\n                                        \"longName\": \"Exempt from withholding\",\r\n                                        \"codeValue\": \"1\",\r\n                                        \"shortName\": \"Exempt\"\r\n                                    }\r\n                                },\r\n                                \"taxWithholdingAllowanceQuantity\": 8,\r\n                                \"overrideTaxPercentage\": 4\r\n                            },\r\n                            \"federalUnemploymentTaxInstruction\": {\r\n                                \"taxWithholdingStatus\": {\r\n                                    \"statusCode\": {\r\n                                        \"codeValue\": \"X\"\r\n                                    },\r\n                                    \"effectiveDate\": \"2019-09-05T10:56:52.661859Z\"\r\n                                }\r\n                            }\r\n                        }\r\n                    }\r\n                }\r\n            },\r\n            \"serviceCategoryCode\": {\r\n                \"codeValue\": \"payroll\"\r\n            },\r\n            \"eventNameCode\": {\r\n                \"codeValue\": \"worker.usTaxProfile.federalIncomeTaxInstruction.change\"\r\n            }\r\n        }\r\n    ]\r\n}"
						},
						"url": {
							"raw": "https://iat-api.adp.com/events/payroll/v1/us-tax-profile.federal-income-tax-instruction.change",
							"protocol": "https",
							"host": [
								"iat-api",
								"adp",
								"com"
							],
							"path": [
								"events",
								"payroll",
								"v1",
								"us-tax-profile.federal-income-tax-instruction.change"
							]
						}
					},
					"response": []
				},
				{
					"name": "Federal_USTaxProfile_taxwithholdingstatus_medicare 1_socialsecurity 0_400",
					"request": {
						"method": "POST",
						"header": [
							{
								"key": "Authorization",
								"type": "text",
								"value": "Bearer 8f19a783-7ec0-4f7f-8ee6-c62c41179d79"
							},
							{
								"key": "Content-Type",
								"name": "Content-Type",
								"type": "text",
								"value": "application/json"
							}
						],
						"body": {
							"mode": "raw",
							"raw": "{\n    \"events\": [\n        {\n            \"data\": {\n                \"eventContext\": {\n                    \"worker\": {\n                        \"associateOID\": \"G3P3QYJJXG79RRNW\"\n                    }\n                },\n                \"transform\": {\n                    \"eventStatusCode\": {\n                        \"codeValue\": \"submit\"\n                    },\n                    \"effectiveDateTime\": \"2019-09-05T00:00:00Z\",\n                    \"usTaxProfile\": {\n                        \"usFederalTaxInstruction\": {\n                            \"federalIncomeTaxInstruction\": {\n                                \"taxFilingStatusCode\": {\n                                    \"longName\": \"Single\",\n                                    \"codeValue\": \"S\",\n                                    \"shortName\": \"Single\"\n                                },\n                                \"taxWithholdingStatus\": {\n                                    \"statusCode\": {\n                                        \"longName\": \"Exempt from withholding\",\n                                        \"codeValue\": \"X\",\n                                        \"shortName\": \"Exempt\"\n                                    }\n                                },\n                                \"taxWithholdingAllowanceQuantity\": \"1\",\n                                \"additionalTaxAmount\": {\n                                    \"amountValue\": 30.12,\n                                    \"currencyCode\": \"USD\"\n                                }\n                            },\n                            \"socialSecurityTaxInstruction\": {\n                                \"taxWithholdingStatus\": {\n                                    \"statusCode\": {\n                                        \"longName\": \"Exempt from Tax\",\n                                        \"codeValue\": \"0\",\n                                        \"shortName\": \"Exempt\"\n                                    },\n                                    \"effectiveDate\": \"2019-09-05T10:56:52.661859Z\"\n                                }\n                            },\n                            \"medicareTaxInstruction\": {\n                                \"taxWithholdingStatus\": {\n                                    \"statusCode\": {\n                                        \"longName\": \"Exempt from Tax\",\n                                        \"codeValue\": \"1\",\n                                        \"shortName\": \"Exempt\"\n                                    },\n                                    \"effectiveDate\": \"2019-08-05T10:56:52.661859Z\"\n                                }\n                            },\n                            \"federalUnemploymentTaxInstruction\": {\n                                \"taxWithholdingStatus\": {\n                                    \"statusCode\": {\n                                        \"longName\": \"Exempt from Tax\",\n                                        \"codeValue\": \"0\",\n                                        \"shortName\": \"Exempt\"\n                                    },\n                                    \"effectiveDate\": \"2019-09-05T10:56:52.661859Z\"\n                                }\n                            }\n                        }\n                    }\n                }\n            },\n            \"serviceCategoryCode\": {\n                \"codeValue\": \"payroll\"\n            },\n            \"eventNameCode\": {\n                \"codeValue\": \"worker.usTaxProfile.federalIncomeTaxInstruction.change\"\n            }\n        }\n    ]\n}"
						},
						"url": {
							"raw": "https://iat-api.adp.com/events/payroll/v1/us-tax-profile.federal-income-tax-instruction.change",
							"protocol": "https",
							"host": [
								"iat-api",
								"adp",
								"com"
							],
							"path": [
								"events",
								"payroll",
								"v1",
								"us-tax-profile.federal-income-tax-instruction.change"
							]
						}
					},
					"response": []
				},
				{
					"name": "Federal_USTaxProfile_InvalidTaxWithholdingStatus_400",
					"request": {
						"method": "POST",
						"header": [
							{
								"key": "Authorization",
								"value": "Bearer 8f19a783-7ec0-4f7f-8ee6-c62c41179d79",
								"type": "text"
							},
							{
								"key": "Content-Type",
								"name": "Content-Type",
								"value": "application/json",
								"type": "text"
							}
						],
						"body": {
							"mode": "raw",
							"raw": "{\r\n    \"events\": [\r\n        {\r\n            \"data\": {\r\n                \"eventContext\": {\r\n                    \"worker\": {\r\n                        \"associateOID\": \"G3P3QYJJXG79RRNW\"  \r\n                    }\r\n                },\r\n                \"transform\": {\r\n                    \"eventStatusCode\": {\r\n                        \"codeValue\": \"submit\"\r\n                    },\r\n                    \"effectiveDateTime\": \"2019-09-05T00:00:00Z\",\r\n                    \"usTaxProfile\": {\r\n                        \"usFederalTaxInstruction\": {\r\n                            \"federalIncomeTaxInstruction\": {\r\n                                \"taxFilingStatusCode\": {\r\n                                    \"longName\": \"Single\",\r\n                                    \"codeValue\": \"S\",\r\n                                    \"shortName\": \"Single\"\r\n                                },\r\n                                \"taxWithholdingStatus\": {\r\n                                    \"statusCode\": {\r\n                                        \"longName\": \"Exempt from withholding\",\r\n                                        \"codeValue\": \"Z\",\r\n                                        \"shortName\": \"Exempt\"\r\n                                    }\r\n                                },\r\n                                \"taxWithholdingAllowanceQuantity\": \"1\",\r\n                                \"additionalTaxAmount\":{\r\n                                \t \"amountValue\": 30.12,\r\n                                    \"currencyCode\": \"USD\"\r\n                                }\r\n                           },\r\n                            \"socialSecurityTaxInstruction\": {\r\n                                \"taxWithholdingStatus\": {\r\n                                    \"statusCode\": {\r\n                                        \"longName\": \"Exempt from Tax\",\r\n                                        \"codeValue\": \"1\",\r\n                                        \"shortName\": \"Exempt\"\r\n                                    },\r\n                                    \"effectiveDate\": \"2019-09-05T10:56:52.661859Z\"\r\n                                }\r\n                            },\r\n                            \"medicareTaxInstruction\": {\r\n                                \"taxWithholdingStatus\": {\r\n                                    \"statusCode\": {\r\n                                        \"longName\": \"Exempt from Tax\",\r\n                                        \"codeValue\": \"1\",\r\n                                        \"shortName\": \"Exempt\"\r\n                                    },\r\n                                    \"effectiveDate\": \"2019-09-05T10:56:52.661859Z\"\r\n                                }\r\n                            },\r\n                            \"federalUnemploymentTaxInstruction\": {\r\n                                \"taxWithholdingStatus\": {\r\n                                    \"statusCode\": {\r\n                                        \"longName\": \"Exempt from Tax\",\r\n                                        \"codeValue\": \"0\",\r\n                                        \"shortName\": \"Exempt\"\r\n                                    },\r\n                                    \"effectiveDate\": \"2019-09-05T10:56:52.661859Z\"\r\n                                }\r\n                            }\r\n                        }\r\n                    }\r\n                }\r\n            },\r\n            \"serviceCategoryCode\": {\r\n                \"codeValue\": \"payroll\"\r\n            },\r\n            \"eventNameCode\": {\r\n                \"codeValue\": \"worker.usTaxProfile.federalIncomeTaxInstruction.change\"\r\n            }\r\n        }\r\n    ]\r\n}\r\n"
						},
						"url": {
							"raw": "https://iat-api.adp.com/events/payroll/v1/us-tax-profile.federal-income-tax-instruction.change",
							"protocol": "https",
							"host": [
								"iat-api",
								"adp",
								"com"
							],
							"path": [
								"events",
								"payroll",
								"v1",
								"us-tax-profile.federal-income-tax-instruction.change"
							]
						}
					},
					"response": []
				},
				{
					"name": "Federal_USTaxProfile_InvalidTaxWithholdingAllowanceQuantity_400",
					"request": {
						"method": "POST",
						"header": [
							{
								"key": "Authorization",
								"value": "Bearer 8f19a783-7ec0-4f7f-8ee6-c62c41179d79",
								"type": "text"
							},
							{
								"key": "Content-Type",
								"name": "Content-Type",
								"value": "application/json",
								"type": "text"
							}
						],
						"body": {
							"mode": "raw",
							"raw": "{\r\n    \"events\": [\r\n        {\r\n            \"data\": {\r\n                \"eventContext\": {\r\n                    \"worker\": {\r\n                        \"associateOID\": \"G3P3QYJJXG79RRNW\"  \r\n                    }\r\n                },\r\n                \"transform\": {\r\n                    \"eventStatusCode\": {\r\n                        \"codeValue\": \"submit\"\r\n                    },\r\n                    \"effectiveDateTime\": \"2019-09-05T00:00:00Z\",\r\n                    \"usTaxProfile\": {\r\n                        \"usFederalTaxInstruction\": {\r\n                            \"federalIncomeTaxInstruction\": {\r\n                                \"taxFilingStatusCode\": {\r\n                                    \"longName\": \"Single\",\r\n                                    \"codeValue\": \"S\",\r\n                                    \"shortName\": \"Single\"\r\n                                },\r\n                                \"taxWithholdingStatus\": {\r\n                                    \"statusCode\": {\r\n                                        \"longName\": \"Exempt from withholding\",\r\n                                        \"codeValue\": \"X\",\r\n                                        \"shortName\": \"Exempt\"\r\n                                    }\r\n                                },\r\n                                \"taxWithholdingAllowanceQuantity\": \"120\",\r\n                                \"additionalTaxAmount\":{\r\n                                \t \"amountValue\": 30.12,\r\n                                    \"currencyCode\": \"USD\"\r\n                                }\r\n                           },\r\n                            \"socialSecurityTaxInstruction\": {\r\n                                \"taxWithholdingStatus\": {\r\n                                    \"statusCode\": {\r\n                                        \"longName\": \"Exempt from Tax\",\r\n                                        \"codeValue\": \"1\",\r\n                                        \"shortName\": \"Exempt\"\r\n                                    },\r\n                                    \"effectiveDate\": \"2019-09-05T10:56:52.661859Z\"\r\n                                }\r\n                            },\r\n                            \"medicareTaxInstruction\": {\r\n                                \"taxWithholdingStatus\": {\r\n                                    \"statusCode\": {\r\n                                        \"longName\": \"Exempt from Tax\",\r\n                                        \"codeValue\": \"1\",\r\n                                        \"shortName\": \"Exempt\"\r\n                                    },\r\n                                    \"effectiveDate\": \"2019-09-05T10:56:52.661859Z\"\r\n                                }\r\n                            },\r\n                            \"federalUnemploymentTaxInstruction\": {\r\n                                \"taxWithholdingStatus\": {\r\n                                    \"statusCode\": {\r\n                                        \"longName\": \"Exempt from Tax\",\r\n                                        \"codeValue\": \"0\",\r\n                                        \"shortName\": \"Exempt\"\r\n                                    },\r\n                                    \"effectiveDate\": \"2019-09-05T10:56:52.661859Z\"\r\n                                }\r\n                            }\r\n                        }\r\n                    }\r\n                }\r\n            },\r\n            \"serviceCategoryCode\": {\r\n                \"codeValue\": \"payroll\"\r\n            },\r\n            \"eventNameCode\": {\r\n                \"codeValue\": \"worker.usTaxProfile.federalIncomeTaxInstruction.change\"\r\n            }\r\n        }\r\n    ]\r\n}\r\n"
						},
						"url": {
							"raw": "https://iat-api.adp.com/events/payroll/v1/us-tax-profile.federal-income-tax-instruction.change",
							"protocol": "https",
							"host": [
								"iat-api",
								"adp",
								"com"
							],
							"path": [
								"events",
								"payroll",
								"v1",
								"us-tax-profile.federal-income-tax-instruction.change"
							]
						}
					},
					"response": []
				},
				{
					"name": "Federal_USTaxProfile_InvalidAdditionalTaxAmount_decimal>2_400",
					"request": {
						"method": "POST",
						"header": [
							{
								"key": "Authorization",
								"type": "text",
								"value": "Bearer 21bcdd7d-8f25-4f30-8adf-6538fb6dc66b"
							},
							{
								"key": "Content-Type",
								"name": "Content-Type",
								"type": "text",
								"value": "application/json"
							}
						],
						"body": {
							"mode": "raw",
							"raw": "{\r\n    \"events\": [\r\n        {\r\n            \"data\": {\r\n                \"eventContext\": {\r\n                    \"worker\": {\r\n                        \"associateOID\": \"G3P3QYJJXG79RRNW\"  \r\n                    }\r\n                },\r\n                \"transform\": {\r\n                    \"eventStatusCode\": {\r\n                        \"codeValue\": \"submit\"\r\n                    },\r\n                    \"effectiveDateTime\": \"2019-09-05T00:00:00Z\",\r\n                    \"usTaxProfile\": {\r\n                        \"usFederalTaxInstruction\": {\r\n                            \"federalIncomeTaxInstruction\": {\r\n                                \"taxFilingStatusCode\": {\r\n                                    \"longName\": \"Single\",\r\n                                    \"codeValue\": \"S\",\r\n                                    \"shortName\": \"Single\"\r\n                                },\r\n                                \"taxWithholdingStatus\": {\r\n                                    \"statusCode\": {\r\n                                        \"longName\": \"Exempt from withholding\",\r\n                                        \"codeValue\": \"X\",\r\n                                        \"shortName\": \"Exempt\"\r\n                                    }\r\n                                },\r\n                                \"taxWithholdingAllowanceQuantity\": \"12\",\r\n                                \"additionalTaxAmount\":{\r\n                                \t \"amountValue\": 30.12345,\r\n                                    \"currencyCode\": \"USD\"\r\n                                }\r\n                           },\r\n                            \"socialSecurityTaxInstruction\": {\r\n                                \"taxWithholdingStatus\": {\r\n                                    \"statusCode\": {\r\n                                        \"longName\": \"Exempt from Tax\",\r\n                                        \"codeValue\": \"1\",\r\n                                        \"shortName\": \"Exempt\"\r\n                                    },\r\n                                    \"effectiveDate\": \"2019-09-05T10:56:52.661859Z\"\r\n                                }\r\n                            },\r\n                            \"medicareTaxInstruction\": {\r\n                                \"taxWithholdingStatus\": {\r\n                                    \"statusCode\": {\r\n                                        \"longName\": \"Exempt from Tax\",\r\n                                        \"codeValue\": \"1\",\r\n                                        \"shortName\": \"Exempt\"\r\n                                    },\r\n                                    \"effectiveDate\": \"2019-09-05T10:56:52.661859Z\"\r\n                                }\r\n                            },\r\n                            \"federalUnemploymentTaxInstruction\": {\r\n                                \"taxWithholdingStatus\": {\r\n                                    \"statusCode\": {\r\n                                        \"longName\": \"Exempt from Tax\",\r\n                                        \"codeValue\": \"0\",\r\n                                        \"shortName\": \"Exempt\"\r\n                                    },\r\n                                    \"effectiveDate\": \"2019-09-05T10:56:52.661859Z\"\r\n                                }\r\n                            }\r\n                        }\r\n                    }\r\n                }\r\n            },\r\n            \"serviceCategoryCode\": {\r\n                \"codeValue\": \"payroll\"\r\n            },\r\n            \"eventNameCode\": {\r\n                \"codeValue\": \"worker.usTaxProfile.federalIncomeTaxInstruction.change\"\r\n            }\r\n        }\r\n    ]\r\n}\r\n"
						},
						"url": {
							"raw": "https://iat-api.adp.com/events/payroll/v1/us-tax-profile.federal-income-tax-instruction.change",
							"protocol": "https",
							"host": [
								"iat-api",
								"adp",
								"com"
							],
							"path": [
								"events",
								"payroll",
								"v1",
								"us-tax-profile.federal-income-tax-instruction.change"
							]
						}
					},
					"response": []
				},
				{
					"name": "Federal_USTaxProfile_Married_both Amount and Percentage values_400",
					"request": {
						"method": "POST",
						"header": [
							{
								"key": "Authorization",
								"value": "Bearer 8f19a783-7ec0-4f7f-8ee6-c62c41179d79",
								"type": "text"
							},
							{
								"key": "Content-Type",
								"name": "Content-Type",
								"value": "application/json",
								"type": "text"
							}
						],
						"body": {
							"mode": "raw",
							"raw": "{\r\n    \"events\": [\r\n        {\r\n            \"data\": {\r\n                \"eventContext\": {\r\n                    \"worker\": {\r\n                        \"associateOID\": \"G3P3QYJJXG79RRNW\"\r\n                    }\r\n                },\r\n                \"transform\": {\r\n                    \"eventStatusCode\": {\r\n                        \"codeValue\": \"submit\"\r\n                    },\r\n                    \"effectiveDateTime\": \"2019-09-05T00:00:00Z\",\r\n                    \"usTaxProfile\": {\r\n                        \"usFederalTaxInstruction\": {\r\n                            \"federalIncomeTaxInstruction\": {\r\n                                \"taxWithholdingAllowanceQuantity\": 50,\r\n                                \"taxFilingStatusCode\": {\r\n                                    \"longName\": \"Married\",\r\n                                    \"codeValue\": \"M\",\r\n                                    \"shortName\": \"Married\"\r\n                                },\r\n                                \"additionalTaxAmount\": {\r\n                                    \"amountValue\": 20,\r\n                                    \"currencyCode\": \"USD\"\r\n                                },\r\n                                \"additionalTaxPercentage\": 12\r\n                            }\r\n                        }\r\n                    }\r\n                }\r\n            },\r\n            \"serviceCategoryCode\": {\r\n                \"codeValue\": \"payroll\"\r\n            },\r\n            \"eventNameCode\": {\r\n                \"codeValue\": \"us-tax-profile.federal-income-tax-instruction.change\"\r\n            }\r\n        }\r\n    ]\r\n}"
						},
						"url": {
							"raw": "https://iat-api.adp.com/events/payroll/v1/us-tax-profile.federal-income-tax-instruction.change",
							"protocol": "https",
							"host": [
								"iat-api",
								"adp",
								"com"
							],
							"path": [
								"events",
								"payroll",
								"v1",
								"us-tax-profile.federal-income-tax-instruction.change"
							]
						}
					},
					"response": []
				},
				{
					"name": "Federal_USTaxProfile_IRSLockInEnabled_in_UI_403",
					"request": {
						"method": "POST",
						"header": [
							{
								"key": "Authorization",
								"value": "Bearer 52c2760a-022d-4d09-957f-23042834c2d9",
								"type": "text"
							},
							{
								"key": "Content-Type",
								"name": "Content-Type",
								"value": "application/json",
								"type": "text"
							}
						],
						"body": {
							"mode": "raw",
							"raw": "{\r\n    \"events\": [\r\n        {\r\n            \"data\": {\r\n                \"eventContext\": {\r\n                    \"worker\": {\r\n                        \"associateOID\": \"G3P3QYJJXG79RRNW\"\r\n                    }\r\n                },\r\n                \"transform\": {\r\n                    \"eventStatusCode\": {\r\n                        \"codeValue\": \"submit\"\r\n                    },\r\n                    \"effectiveDateTime\": \"2019-09-05T00:00:00Z\",\r\n                    \"usTaxProfile\": {\r\n                        \"usFederalTaxInstruction\": {\r\n                            \"federalIncomeTaxInstruction\": {\r\n                                \"taxFilingStatusCode\": {\r\n                                    \"longName\": \"Single\",\r\n                                    \"codeValue\": \"S\",\r\n                                    \"shortName\": \"Single\"\r\n                                },\r\n                                \"additionalTaxAmount\": {\r\n                                    \"amountValue\": 35,\r\n                                    \"currencyCode\": \"USD\"\r\n                                }\r\n                            }\r\n                        }\r\n                    }\r\n                }\r\n            },\r\n            \"serviceCategoryCode\": {\r\n                \"codeValue\": \"payroll\"\r\n            },\r\n            \"eventNameCode\": {\r\n                \"codeValue\": \"us-tax-profile.federal-income-tax-instruction.change\"\r\n            }\r\n        }\r\n    ]\r\n}"
						},
						"url": {
							"raw": "https://iat-api.adp.com/events/payroll/v1/us-tax-profile.federal-income-tax-instruction.change",
							"protocol": "https",
							"host": [
								"iat-api",
								"adp",
								"com"
							],
							"path": [
								"events",
								"payroll",
								"v1",
								"us-tax-profile.federal-income-tax-instruction.change"
							]
						}
					},
					"response": []
				},
				{
					"name": "Federal_USTaxProfile_Single_NegativeAdditionalTaxAmount_400",
					"request": {
						"method": "POST",
						"header": [
							{
								"key": "Authorization",
								"value": "Bearer 8f19a783-7ec0-4f7f-8ee6-c62c41179d79",
								"type": "text"
							},
							{
								"key": "Content-Type",
								"name": "Content-Type",
								"value": "application/json",
								"type": "text"
							}
						],
						"body": {
							"mode": "raw",
							"raw": "{\r\n    \"events\": [\r\n        {\r\n            \"data\": {\r\n                \"eventContext\": {\r\n                    \"worker\": {\r\n                        \"associateOID\": \"G3P3QYJJXG79RRNW\"  \r\n                    }\r\n                },\r\n                \"transform\": {\r\n                    \"eventStatusCode\": {\r\n                        \"codeValue\": \"submit\"\r\n                    },\r\n                    \"effectiveDateTime\": \"2019-09-05T00:00:00Z\",\r\n                    \"usTaxProfile\": {\r\n                        \"usFederalTaxInstruction\": {\r\n                            \"federalIncomeTaxInstruction\": {\r\n                                \"taxFilingStatusCode\": {\r\n                                    \"longName\": \"Single\",\r\n                                    \"codeValue\": \"S\",\r\n                                    \"shortName\": \"Single\"\r\n                                },\r\n                                \"taxWithholdingStatus\": {\r\n                                    \"statusCode\": {\r\n                                        \"longName\": \"Exempt from withholding\",\r\n                                        \"codeValue\": \"X\",\r\n                                        \"shortName\": \"Exempt\"\r\n                                    }\r\n                                },\r\n                                \"taxWithholdingAllowanceQuantity\": \"12\",\r\n                                \"additionalTaxAmount\":{\r\n                                \t \"amountValue\": -30,\r\n                                    \"currencyCode\": \"USD\"\r\n                                }\r\n                           },\r\n                            \"socialSecurityTaxInstruction\": {\r\n                                \"taxWithholdingStatus\": {\r\n                                    \"statusCode\": {\r\n                                        \"longName\": \"Exempt from Tax\",\r\n                                        \"codeValue\": \"1\",\r\n                                        \"shortName\": \"Exempt\"\r\n                                    },\r\n                                    \"effectiveDate\": \"2019-09-05T10:56:52.661859Z\"\r\n                                }\r\n                            },\r\n                            \"medicareTaxInstruction\": {\r\n                                \"taxWithholdingStatus\": {\r\n                                    \"statusCode\": {\r\n                                        \"longName\": \"Exempt from Tax\",\r\n                                        \"codeValue\": \"1\",\r\n                                        \"shortName\": \"Exempt\"\r\n                                    },\r\n                                    \"effectiveDate\": \"2019-09-05T10:56:52.661859Z\"\r\n                                }\r\n                            },\r\n                            \"federalUnemploymentTaxInstruction\": {\r\n                                \"taxWithholdingStatus\": {\r\n                                    \"statusCode\": {\r\n                                        \"longName\": \"Exempt from Tax\",\r\n                                        \"codeValue\": \"0\",\r\n                                        \"shortName\": \"Exempt\"\r\n                                    },\r\n                                    \"effectiveDate\": \"2019-09-05T10:56:52.661859Z\"\r\n                                }\r\n                            }\r\n                        }\r\n                    }\r\n                }\r\n            },\r\n            \"serviceCategoryCode\": {\r\n                \"codeValue\": \"payroll\"\r\n            },\r\n            \"eventNameCode\": {\r\n                \"codeValue\": \"worker.usTaxProfile.federalIncomeTaxInstruction.change\"\r\n            }\r\n        }\r\n    ]\r\n}\r\n"
						},
						"url": {
							"raw": "https://iat-api.adp.com/events/payroll/v1/us-tax-profile.federal-income-tax-instruction.change",
							"protocol": "https",
							"host": [
								"iat-api",
								"adp",
								"com"
							],
							"path": [
								"events",
								"payroll",
								"v1",
								"us-tax-profile.federal-income-tax-instruction.change"
							]
						}
					},
					"response": []
				},
				{
					"name": "Federal_USTaxProfile_ federalIncomeTaxInstruction_null_400",
					"request": {
						"method": "POST",
						"header": [
							{
								"key": "Authorization",
								"type": "text",
								"value": "Bearer 52c2760a-022d-4d09-957f-23042834c2d9"
							},
							{
								"key": "Content-Type",
								"name": "Content-Type",
								"type": "text",
								"value": "application/json"
							}
						],
						"body": {
							"mode": "raw",
							"raw": "{\r\n    \"events\": [\r\n        {\r\n            \"data\": {\r\n                \"eventContext\": {\r\n                    \"worker\": {\r\n                        \"associateOID\": \"G3P3QYJJXG79RRNW\"\t\r\n                    }\r\n                },\r\n                \"transform\": {\r\n                    \"eventStatusCode\": {\r\n                        \"codeValue\": \"submit\"\r\n                    },\r\n                    \"effectiveDateTime\": \"2019-09-05T00:00:00Z\",\r\n                    \"usTaxProfile\": {\r\n                        \"usFederalTaxInstruction\": {\r\n                            \"federalIncomeTaxInstruction\": null,\r\n                            \"socialSecurityTaxInstruction\": {\r\n                                \"taxWithholdingStatus\": {\r\n                                    \"statusCode\": {\r\n                                        \"codeValue\": \"0\"\r\n                                    },\r\n                                    \"effectiveDate\": \"2019-09-05T10:56:52.661859Z\"\r\n                                }\r\n                            },\r\n                            \"medicareTaxInstruction\": {\r\n                                \"taxWithholdingStatus\": {\r\n                                    \"statusCode\": {\r\n                                        \"codeValue\": \"1\"\r\n                                    },\r\n                                    \"effectiveDate\": \"2019-09-05T10:56:52.661859Z\"\r\n                                }\r\n                            }\r\n                        }\r\n                    }\r\n                }\r\n            },\r\n            \"serviceCategoryCode\": {\r\n                \"codeValue\": \"payroll\"\r\n            },\r\n            \"eventNameCode\": {\r\n                \"codeValue\": \"worker.usTaxProfile.federalIncomeTaxInstruction.change\"\r\n            }\r\n        }\r\n    ]\r\n}"
						},
						"url": {
							"raw": "https://iat-api.adp.com/events/payroll/v1/us-tax-profile.federal-income-tax-instruction.change",
							"protocol": "https",
							"host": [
								"iat-api",
								"adp",
								"com"
							],
							"path": [
								"events",
								"payroll",
								"v1",
								"us-tax-profile.federal-income-tax-instruction.change"
							]
						}
					},
					"response": []
				},
				{
					"name": "Federal_USTaxProfile_ two Amount or two Percentage_FederalIncomeTaxInstruction_400",
					"request": {
						"method": "POST",
						"header": [
							{
								"key": "Authorization",
								"type": "text",
								"value": "Bearer 52c2760a-022d-4d09-957f-23042834c2d9"
							},
							{
								"key": "Content-Type",
								"name": "Content-Type",
								"type": "text",
								"value": "application/json"
							}
						],
						"body": {
							"mode": "raw",
							"raw": "{\r\n    \"events\": [\r\n        {\r\n            \"data\": {\r\n                \"eventContext\": {\r\n                    \"worker\": {\r\n                        \"associateOID\": \"G3P3QYJJXG79RRNW\"\t\r\n                    }\r\n                },\r\n                \"transform\": {\r\n                    \"eventStatusCode\": {\r\n                        \"codeValue\": \"submit\"\r\n                    },\r\n                    \"effectiveDateTime\": \"2019-09-05T00:00:00Z\",\r\n                    \"usTaxProfile\": {\r\n                        \"usFederalTaxInstruction\": {\r\n                            \"federalIncomeTaxInstruction\": {\r\n                                \"taxFilingStatusCode\": {\r\n                                    \"longName\": \"Married\",\r\n                                    \"codeValue\": \"X\",\r\n                                    \"shortName\": \"Married\"\r\n                                },\r\n                                \"taxWithholdingStatus\": {\r\n                                    \"statusCode\": {\r\n                                        \"codeValue\": \"1\"\r\n                                    }\r\n                                },\r\n                                \"taxWithholdingAllowanceQuantity\": 8,\r\n                                \"overrideTaxPercentage\": 4,\r\n                                \"additionalTaxPercentage\":6\r\n                            },\r\n                            \"socialSecurityTaxInstruction\": {\r\n                                \"taxWithholdingStatus\": {\r\n                                    \"statusCode\": {\r\n                                        \"codeValue\": \"0\"\r\n                                    },\r\n                                    \"effectiveDate\": \"2019-09-05T10:56:52.661859Z\"\r\n                                }\r\n                            },\r\n                            \"medicareTaxInstruction\": {\r\n                                \"taxWithholdingStatus\": {\r\n                                    \"statusCode\": {\r\n                                        \"codeValue\": \"1\"\r\n                                    },\r\n                                    \"effectiveDate\": \"2019-09-05T10:56:52.661859Z\"\r\n                                }\r\n                            }\r\n                        }\r\n                    }\r\n                }\r\n            },\r\n            \"serviceCategoryCode\": {\r\n                \"codeValue\": \"payroll\"\r\n            },\r\n            \"eventNameCode\": {\r\n                \"codeValue\": \"worker.usTaxProfile.federalIncomeTaxInstruction.change\"\r\n            }\r\n        }\r\n    ]\r\n}"
						},
						"url": {
							"raw": "https://iat-api.adp.com/events/payroll/v1/us-tax-profile.federal-income-tax-instruction.change",
							"protocol": "https",
							"host": [
								"iat-api",
								"adp",
								"com"
							],
							"path": [
								"events",
								"payroll",
								"v1",
								"us-tax-profile.federal-income-tax-instruction.change"
							]
						}
					},
					"response": []
				},
				{
					"name": "Federal_USTaxProfile_ Amount_Percentage_objects_null_400",
					"request": {
						"method": "POST",
						"header": [
							{
								"key": "Authorization",
								"type": "text",
								"value": "Bearer 52c2760a-022d-4d09-957f-23042834c2d9"
							},
							{
								"key": "Content-Type",
								"name": "Content-Type",
								"type": "text",
								"value": "application/json"
							}
						],
						"body": {
							"mode": "raw",
							"raw": "{\r\n    \"events\": [\r\n        {\r\n            \"data\": {\r\n                \"eventContext\": {\r\n                    \"worker\": {\r\n                        \"associateOID\": \"G3P3QYJJXG79RRNW\"\t\r\n                    }\r\n                },\r\n                \"transform\": {\r\n                    \"eventStatusCode\": {\r\n                        \"codeValue\": \"submit\"\r\n                    },\r\n                    \"effectiveDateTime\": \"2019-09-05T00:00:00Z\",\r\n                    \"usTaxProfile\": {\r\n                        \"usFederalTaxInstruction\": {\r\n                            \"federalIncomeTaxInstruction\": {\r\n                                \"taxFilingStatusCode\": {\r\n                                    \"longName\": \"Married\",\r\n                                    \"codeValue\": \"X\",\r\n                                    \"shortName\": \"Married\"\r\n                                },\r\n                                \"taxWithholdingStatus\": {\r\n                                    \"statusCode\": {\r\n                                        \"codeValue\": \"1\"\r\n                                    }\r\n                                },\r\n                                \"taxWithholdingAllowanceQuantity\": 8\r\n                            },\r\n                            \"socialSecurityTaxInstruction\": {\r\n                                \"taxWithholdingStatus\": {\r\n                                    \"statusCode\": {\r\n                                        \"codeValue\": \"0\"\r\n                                    },\r\n                                    \"effectiveDate\": \"2019-09-05T10:56:52.661859Z\"\r\n                                }\r\n                            },\r\n                            \"medicareTaxInstruction\": {\r\n                                \"taxWithholdingStatus\": {\r\n                                    \"statusCode\": {\r\n                                        \"codeValue\": \"1\"\r\n                                    },\r\n                                    \"effectiveDate\": \"2019-09-05T10:56:52.661859Z\"\r\n                                }\r\n                            }\r\n                        }\r\n                    }\r\n                }\r\n            },\r\n            \"serviceCategoryCode\": {\r\n                \"codeValue\": \"payroll\"\r\n            },\r\n            \"eventNameCode\": {\r\n                \"codeValue\": \"worker.usTaxProfile.federalIncomeTaxInstruction.change\"\r\n            }\r\n        }\r\n    ]\r\n}"
						},
						"url": {
							"raw": "https://iat-api.adp.com/events/payroll/v1/us-tax-profile.federal-income-tax-instruction.change",
							"protocol": "https",
							"host": [
								"iat-api",
								"adp",
								"com"
							],
							"path": [
								"events",
								"payroll",
								"v1",
								"us-tax-profile.federal-income-tax-instruction.change"
							]
						}
					},
					"response": []
				},
				{
					"name": "Federal_USTaxProfile_ Invalid_AOID_400",
					"request": {
						"method": "POST",
						"header": [
							{
								"key": "Authorization",
								"type": "text",
								"value": "Bearer dc780932-2389-4863-878e-6520b17f8ac5"
							},
							{
								"key": "Content-Type",
								"name": "Content-Type",
								"type": "text",
								"value": "application/json"
							}
						],
						"body": {
							"mode": "raw",
							"raw": "{\r\n    \"events\": [\r\n        {\r\n            \"data\": {\r\n                \"eventContext\": {\r\n                    \"worker\": {\r\n                        \"associateOID\": \"G3P3QYJJXG79RRNZ\"\r\n                    }\r\n                },\r\n                \"transform\": {\r\n                    \"eventStatusCode\": {\r\n                        \"codeValue\": \"submit\"\r\n                    },\r\n                    \"effectiveDateTime\": \"2019-09-05T00:00:00Z\",\r\n                    \"usTaxProfile\": {\r\n                        \"usFederalTaxInstruction\": {\r\n                            \"federalIncomeTaxInstruction\": {\r\n                                \"taxFilingStatusCode\": {\r\n                                    \"longName\": \"Single\",\r\n                                    \"codeValue\": \"S\",\r\n                                    \"shortName\": \"Single\"\r\n                                },\r\n                                \"additionalTaxAmount\": {\r\n                                    \"amountValue\": 10,\r\n                                    \"currencyCode\": \"USD\"\r\n                                }\r\n                            }\r\n                        }\r\n                    }\r\n                }\r\n            },\r\n            \"serviceCategoryCode\": {\r\n                \"codeValue\": \"payroll\"\r\n            },\r\n            \"eventNameCode\": {\r\n                \"codeValue\": \"us-tax-profile.federal-income-tax-instruction.change\"\r\n            }\r\n        }\r\n    ]\r\n}"
						},
						"url": {
							"raw": "https://iat-api.adp.com/events/payroll/v1/us-tax-profile.federal-income-tax-instruction.change",
							"protocol": "https",
							"host": [
								"iat-api",
								"adp",
								"com"
							],
							"path": [
								"events",
								"payroll",
								"v1",
								"us-tax-profile.federal-income-tax-instruction.change"
							]
						}
					},
					"response": []
				},
				{
					"name": "Federal_USTaxProfile_ Practioner_updating_contractor_400",
					"request": {
						"method": "POST",
						"header": [
							{
								"key": "Authorization",
								"type": "text",
								"value": "Bearer dc780932-2389-4863-878e-6520b17f8ac5"
							},
							{
								"key": "Content-Type",
								"name": "Content-Type",
								"type": "text",
								"value": "application/json"
							}
						],
						"body": {
							"mode": "raw",
							"raw": "{\r\n    \"events\": [\r\n        {\r\n            \"data\": {\r\n                \"eventContext\": {\r\n                    \"worker\": {\r\n                        \"associateOID\": \"G3ZR39PZC39HAQ37\"\r\n                    }\r\n                },\r\n                \"transform\": {\r\n                    \"eventStatusCode\": {\r\n                        \"codeValue\": \"submit\"\r\n                    },\r\n                    \"effectiveDateTime\": \"2019-09-05T00:00:00Z\",\r\n                    \"usTaxProfile\": {\r\n                        \"usFederalTaxInstruction\": {\r\n                            \"federalIncomeTaxInstruction\": {\r\n                                \"taxFilingStatusCode\": {\r\n                                    \"longName\": \"Single\",\r\n                                    \"codeValue\": \"S\",\r\n                                    \"shortName\": \"Single\"\r\n                                },\r\n                                \"additionalTaxAmount\": {\r\n                                    \"amountValue\": 10,\r\n                                    \"currencyCode\": \"USD\"\r\n                                }\r\n                            }\r\n                        }\r\n                    }\r\n                }\r\n            },\r\n            \"serviceCategoryCode\": {\r\n                \"codeValue\": \"payroll\"\r\n            },\r\n            \"eventNameCode\": {\r\n                \"codeValue\": \"us-tax-profile.federal-income-tax-instruction.change\"\r\n            }\r\n        }\r\n    ]\r\n}"
						},
						"url": {
							"raw": "https://iat-api.adp.com/events/payroll/v1/us-tax-profile.federal-income-tax-instruction.change",
							"protocol": "https",
							"host": [
								"iat-api",
								"adp",
								"com"
							],
							"path": [
								"events",
								"payroll",
								"v1",
								"us-tax-profile.federal-income-tax-instruction.change"
							]
						}
					},
					"response": []
				}
			]
		},
		{
			"name": "Token Call",
			"request": {
				"method": "POST",
				"header": [
					{
						"key": "Content-Type",
						"value": "application/x-www-form-urlencoded"
					}
				],
				"body": {
					"mode": "urlencoded",
					"urlencoded": [
						{
							"key": "grant_type",
							"value": "client_credentials",
							"type": "text"
						},
						{
							"key": "client_id",
							"value": "paste client ID here",
							"type": "text"
						},
						{
							"key": "client_secret",
							"value": "paste client secret here",
							"type": "text"
						}
					]
				},
				"url": {
					"raw": "https://iat-api.adp.com/auth/oauth/v2/token",
					"protocol": "https",
					"host": [
						"iat-api",
						"adp",
						"com"
					],
					"path": [
						"auth",
						"oauth",
						"v2",
						"token"
					]
				}
			},
			"response": []
		},
		{
			"name": "Workers call",
			"request": {
				"method": "GET",
				"header": [
					{
						"key": "Authorization",
						"value": "Bearer 3078eae9-be00-46e7-afcc-21dffb09f335",
						"type": "text"
					}
				],
				"url": {
					"raw": "https://iat-api.adp.com/hr/v2/workers/G33FG5JZR590SWXD",
					"protocol": "https",
					"host": [
						"iat-api",
						"adp",
						"com"
					],
					"path": [
						"hr",
						"v2",
						"workers",
						"G33FG5JZR590SWXD"
					]
				}
			},
			"response": []
		},
		{
			"name": "core/v1/event-notification-messages",
			"request": {
				"method": "GET",
				"header": [
					{
						"key": "Authorization",
						"value": "Bearer c4439567-39cd-4e51-a363-e3b98c348a53"
					},
					{
						"key": "prefer",
						"value": "/adp/long-polling",
						"disabled": true
					}
				],
				"url": {
					"raw": "https://iat-api.adp.com/core/v1/event-notification-messages",
					"protocol": "https",
					"host": [
						"iat-api",
						"adp",
						"com"
					],
					"path": [
						"core",
						"v1",
						"event-notification-messages"
					]
				}
			},
			"response": []
		},
		{
			"name": "core/v1/event-notification-messages",
			"request": {
				"method": "DELETE",
				"header": [
					{
						"key": "Authorization",
						"value": "Bearer 556ebefb-4b84-4a34-816f-7862b47d008d"
					},
					{
						"key": "prefer",
						"value": "/adp/long-polling",
						"disabled": true
					}
				],
				"url": {
					"raw": "https://iat-api.adp.com/core/v1/event-notification-messages/0x_414d51204253494e464f4251313220200e165d5dd1a8f327",
					"protocol": "https",
					"host": [
						"iat-api",
						"adp",
						"com"
					],
					"path": [
						"core",
						"v1",
						"event-notification-messages",
						"0x_414d51204253494e464f4251313220200e165d5dd1a8f327"
					]
				}
			},
			"response": []
		}
	]
}