{
	"info": {
		"_postman_id": "c356bd29-9be9-41cd-a305-dee3dd25395e",
		"name": "Job application v2 WFN IAT-enhancements",
		"schema": "https://schema.getpostman.com/json/collection/v2.1.0/collection.json"
	},
	"item": [
		{
			"name": "event notification",
			"item": [
				{
					"name": "get event notification",
					"request": {
						"method": "GET",
						"header": [
							{
								"key": "Authorization",
								"value": "Bearer {{accessToken}}",
								"type": "text"
							},
							{
								"key": "sm_transactionid",
								"value": "reques12",
								"type": "text"
							},
							{
								"key": "Accept",
								"value": "application/json",
								"type": "text"
							},
							{
								"key": "If-None-Match",
								"value": "true",
								"type": "text"
							}
						],
						"url": {
							"raw": "https://iat-api.adp.com/core/v1/event-notification-messages",
							"protocol": "https",
							"host": [
								"iat-api",
								"adp",
								"com"
							],
							"path": [
								"core",
								"v1",
								"event-notification-messages"
							]
						}
					},
					"response": []
				},
				{
					"name": "delete event",
					"request": {
						"method": "GET",
						"header": [
							{
								"key": "Authorization",
								"value": "Bearer {{accessToken}}",
								"type": "text"
							},
							{
								"key": "sm_transactionid",
								"value": "reques12",
								"type": "text"
							},
							{
								"key": "Accept",
								"value": "application/json",
								"type": "text"
							}
						],
						"url": {
							"raw": "https://iat-api.adp.com/core/v1/event-notification-messages/0x_414d51204253494e464f425135202020c51c5d5d7b715227",
							"protocol": "https",
							"host": [
								"iat-api",
								"adp",
								"com"
							],
							"path": [
								"core",
								"v1",
								"event-notification-messages",
								"0x_414d51204253494e464f425135202020c51c5d5d7b715227"
							]
						}
					},
					"response": []
				}
			],
			"protocolProfileBehavior": {}
		},
		{
			"name": "Success single filters",
			"item": [
				{
					"name": "GET Job applications",
					"request": {
						"method": "GET",
						"header": [
							{
								"key": "Authorization",
								"type": "text",
								"value": "Bearer {{accessToken}}"
							},
							{
								"key": "sm_transactionid",
								"type": "text",
								"value": "reques12"
							},
							{
								"key": "Accept",
								"value": "application/json",
								"type": "text"
							}
						],
						"url": {
							"raw": "https://iat-accounts.adp.com/staffing/v1/job-applications",
							"protocol": "https",
							"host": [
								"iat-accounts",
								"adp",
								"com"
							],
							"path": [
								"staffing",
								"v1",
								"job-applications"
							]
						}
					},
					"response": []
				},
				{
					"name": "GET Job applications with job application id",
					"request": {
						"method": "GET",
						"header": [
							{
								"key": "Authorization",
								"type": "text",
								"value": "Bearer {{accessToken}}"
							},
							{
								"key": "sm_transactionid",
								"type": "text",
								"value": "reques12"
							}
						],
						"url": {
							"raw": "https://iat-accounts.adp.com/staffing/v2/job-applications/169738837734_1",
							"protocol": "https",
							"host": [
								"iat-accounts",
								"adp",
								"com"
							],
							"path": [
								"staffing",
								"v2",
								"job-applications",
								"169738837734_1"
							]
						}
					},
					"response": []
				},
				{
					"name": "GET Job applications filter clientRequisitionID",
					"request": {
						"method": "GET",
						"header": [
							{
								"key": "Authorization",
								"type": "text",
								"value": "Bearer {{accessToken}}"
							},
							{
								"key": "sm_transactionid",
								"type": "text",
								"value": "reques12",
								"disabled": true
							},
							{
								"key": "Accept",
								"value": "application/json",
								"type": "text"
							}
						],
						"url": {
							"raw": "https://iat-api.adp.com/staffing/v2/job-applications?$filter=jobRequisitionReference/clientRequisitionID eq 1010",
							"protocol": "https",
							"host": [
								"iat-api",
								"adp",
								"com"
							],
							"path": [
								"staffing",
								"v2",
								"job-applications"
							],
							"query": [
								{
									"key": "$filter",
									"value": "jobRequisitionReference/clientRequisitionID eq 1010"
								}
							]
						}
					},
					"response": []
				},
				{
					"name": "GET Job applications with filter requisitionTitle",
					"request": {
						"method": "GET",
						"header": [
							{
								"key": "Authorization",
								"type": "text",
								"value": "Bearer {{accessToken}}"
							},
							{
								"key": "sm_transactionid",
								"type": "text",
								"value": "reques12"
							}
						],
						"url": {
							"raw": "https://iat-accounts.adp.com/staffing/v2/job-applications?$filter=jobRequisitionReference/requisitionTitle eq OT",
							"protocol": "https",
							"host": [
								"iat-accounts",
								"adp",
								"com"
							],
							"path": [
								"staffing",
								"v2",
								"job-applications"
							],
							"query": [
								{
									"key": "$filter",
									"value": "jobRequisitionReference/requisitionTitle eq OT"
								}
							]
						}
					},
					"response": []
				},
				{
					"name": "GET Job applications with filter appliedLocations",
					"protocolProfileBehavior": {
						"disableBodyPruning": true
					},
					"request": {
						"method": "GET",
						"header": [
							{
								"key": "Authorization",
								"type": "text",
								"value": "Bearer {{accessToken}} "
							},
							{
								"key": "sm_transactionid",
								"type": "text",
								"value": "reques12"
							},
							{
								"key": "Accept",
								"name": "Content-Type",
								"value": "application/json",
								"type": "text"
							},
							{
								"key": "Content-Type",
								"value": "application/json"
							}
						],
						"body": {
							"mode": "urlencoded",
							"urlencoded": []
						},
						"url": {
							"raw": "https://iat-accounts.adp.com/staffing/v2/job-applications?$filter=appliedLocations/itemID eq 169734009081_1",
							"protocol": "https",
							"host": [
								"iat-accounts",
								"adp",
								"com"
							],
							"path": [
								"staffing",
								"v2",
								"job-applications"
							],
							"query": [
								{
									"key": "$filter",
									"value": "appliedLocations/itemID eq 169734009081_1"
								}
							]
						}
					},
					"response": []
				},
				{
					"name": "GET Job applications with filter submittedDate",
					"request": {
						"method": "GET",
						"header": [
							{
								"key": "Authorization",
								"type": "text",
								"value": "Bearer {{accessToken}}"
							},
							{
								"key": "sm_transactionid",
								"type": "text",
								"value": "reques12"
							}
						],
						"url": {
							"raw": "https://iat-api.adp.com/staffing/v2/job-applications?$filter=applicationSource/submittedDate eq 2019-10-03",
							"protocol": "https",
							"host": [
								"iat-api",
								"adp",
								"com"
							],
							"path": [
								"staffing",
								"v2",
								"job-applications"
							],
							"query": [
								{
									"key": "$filter",
									"value": "applicationSource/submittedDate eq 2019-10-03"
								}
							]
						}
					},
					"response": []
				},
				{
					"name": "GET Job applications with filter internalApplicantIndicator",
					"request": {
						"method": "GET",
						"header": [
							{
								"key": "Authorization",
								"type": "text",
								"value": "Bearer {{accessToken}}"
							},
							{
								"key": "sm_transactionid",
								"type": "text",
								"value": "reques12"
							}
						],
						"url": {
							"raw": "https://iat-api.adp.com/staffing/v2/job-applications?$filter=applicant/internalApplicantIndicator eq false",
							"protocol": "https",
							"host": [
								"iat-api",
								"adp",
								"com"
							],
							"path": [
								"staffing",
								"v2",
								"job-applications"
							],
							"query": [
								{
									"key": "$filter",
									"value": "applicant/internalApplicantIndicator eq false"
								}
							]
						}
					},
					"response": []
				},
				{
					"name": "GET Job applications with filter applicationStatusCode",
					"request": {
						"method": "GET",
						"header": [
							{
								"key": "Authorization",
								"type": "text",
								"value": "Bearer {{accessToken}}"
							},
							{
								"key": "sm_transactionid",
								"type": "text",
								"value": "reques12"
							}
						],
						"url": {
							"raw": "https://iat-api.adp.com/staffing/v2/job-applications?$filter=applicationStatusCode/codeValue eq Make Offer",
							"protocol": "https",
							"host": [
								"iat-api",
								"adp",
								"com"
							],
							"path": [
								"staffing",
								"v2",
								"job-applications"
							],
							"query": [
								{
									"key": "$filter",
									"value": "applicationStatusCode/codeValue eq Make Offer"
								}
							]
						}
					},
					"response": []
				}
			],
			"protocolProfileBehavior": {}
		},
		{
			"name": "Negative scenarios",
			"item": [
				{
					"name": "GET Job applications with invalid job application id",
					"request": {
						"method": "GET",
						"header": [
							{
								"key": "Authorization",
								"type": "text",
								"value": "Bearer {{accessToken}}"
							},
							{
								"key": "sm_transactionid",
								"type": "text",
								"value": "reques12"
							}
						],
						"url": {
							"raw": "https://iat-api.adp.com/staffing/v2/job-applications/123!@",
							"protocol": "https",
							"host": [
								"iat-api",
								"adp",
								"com"
							],
							"path": [
								"staffing",
								"v2",
								"job-applications",
								"123!@"
							]
						}
					},
					"response": []
				},
				{
					"name": "GET Job applications with invalid clientRequisitionID",
					"request": {
						"method": "GET",
						"header": [
							{
								"key": "Authorization",
								"type": "text",
								"value": "Bearer {{accessToken}}"
							},
							{
								"key": "sm_transactionid",
								"type": "text",
								"value": "reques12"
							}
						],
						"url": {
							"raw": "https://iat-api.adp.com/staffing/v2/job-applications?$filter=jobRequisitionReference/clientRequisitionID eq 10101",
							"protocol": "https",
							"host": [
								"iat-api",
								"adp",
								"com"
							],
							"path": [
								"staffing",
								"v2",
								"job-applications"
							],
							"query": [
								{
									"key": "$filter",
									"value": "jobRequisitionReference/clientRequisitionID eq 10101"
								}
							]
						}
					},
					"response": []
				},
				{
					"name": "GET Job applications with invalid requisitionTitle",
					"request": {
						"method": "GET",
						"header": [
							{
								"key": "Authorization",
								"type": "text",
								"value": "Bearer {{accessToken}}"
							},
							{
								"key": "sm_transactionid",
								"type": "text",
								"value": "reques12"
							}
						],
						"url": {
							"raw": "https://iat-api.adp.com/staffing/v2/job-applications?$filter=jobRequisitionReference/requisitionTitle eq @!@",
							"protocol": "https",
							"host": [
								"iat-api",
								"adp",
								"com"
							],
							"path": [
								"staffing",
								"v2",
								"job-applications"
							],
							"query": [
								{
									"key": "$filter",
									"value": "jobRequisitionReference/requisitionTitle eq @!@"
								}
							]
						}
					},
					"response": []
				},
				{
					"name": "GET Job applications with invalid appliedLocations",
					"protocolProfileBehavior": {
						"disableBodyPruning": true
					},
					"request": {
						"method": "GET",
						"header": [
							{
								"key": "Authorization",
								"type": "text",
								"value": "Bearer {{accessToken}} "
							},
							{
								"key": "sm_transactionid",
								"type": "text",
								"value": "reques12"
							},
							{
								"key": "Accept",
								"name": "Content-Type",
								"value": "application/json",
								"type": "text"
							},
							{
								"key": "Content-Type",
								"value": "application/json"
							}
						],
						"body": {
							"mode": "urlencoded",
							"urlencoded": []
						},
						"url": {
							"raw": "https://iat-api.adp.com/staffing/v2/job-applications?$filter=appliedLocations/itemID eq 16",
							"protocol": "https",
							"host": [
								"iat-api",
								"adp",
								"com"
							],
							"path": [
								"staffing",
								"v2",
								"job-applications"
							],
							"query": [
								{
									"key": "$filter",
									"value": "appliedLocations/itemID eq 16"
								}
							]
						}
					},
					"response": []
				},
				{
					"name": "GET Job applications with invalid submittedDate",
					"request": {
						"method": "GET",
						"header": [
							{
								"key": "Authorization",
								"type": "text",
								"value": "Bearer {{accessToken}}"
							},
							{
								"key": "sm_transactionid",
								"type": "text",
								"value": "reques12"
							}
						],
						"url": {
							"raw": "https://iat-api.adp.com/staffing/v2/job-applications?$filter=applicationSource/submittedDate eq iutriukf",
							"protocol": "https",
							"host": [
								"iat-api",
								"adp",
								"com"
							],
							"path": [
								"staffing",
								"v2",
								"job-applications"
							],
							"query": [
								{
									"key": "$filter",
									"value": "applicationSource/submittedDate eq iutriukf"
								}
							]
						}
					},
					"response": []
				},
				{
					"name": "GET Job applications with invalid applicationStatusCode",
					"request": {
						"method": "GET",
						"header": [
							{
								"key": "Authorization",
								"type": "text",
								"value": "Bearer {{accessToken}}"
							},
							{
								"key": "sm_transactionid",
								"type": "text",
								"value": "reques12"
							}
						],
						"url": {
							"raw": "https://iat-api.adp.com/staffing/v2/job-applications?$filter=applicationStatusCode/codeValue eq  fsdfsf",
							"protocol": "https",
							"host": [
								"iat-api",
								"adp",
								"com"
							],
							"path": [
								"staffing",
								"v2",
								"job-applications"
							],
							"query": [
								{
									"key": "$filter",
									"value": "applicationStatusCode/codeValue eq  fsdfsf"
								}
							]
						}
					},
					"response": []
				},
				{
					"name": "GET Job applications with invalid internalApplicantIndicator",
					"request": {
						"method": "GET",
						"header": [
							{
								"key": "Authorization",
								"type": "text",
								"value": "Bearer {{accessToken}}"
							},
							{
								"key": "sm_transactionid",
								"type": "text",
								"value": "reques12"
							}
						],
						"url": {
							"raw": "https://iat-api.adp.com/staffing/v2/job-applications?$filter=applicant/internalApplicantIndicator eq ^%$",
							"protocol": "https",
							"host": [
								"iat-api",
								"adp",
								"com"
							],
							"path": [
								"staffing",
								"v2",
								"job-applications"
							],
							"query": [
								{
									"key": "$filter",
									"value": "applicant/internalApplicantIndicator eq ^%$"
								}
							]
						}
					},
					"response": []
				}
			],
			"protocolProfileBehavior": {}
		},
		{
			"name": "successful combination filter",
			"item": [
				{
					"name": "clientRequisitionID and applicationStatusCode",
					"request": {
						"method": "GET",
						"header": [
							{
								"key": "Authorization",
								"type": "text",
								"value": "Bearer {{accessToken}}"
							},
							{
								"key": "sm_transactionid",
								"type": "text",
								"value": "reques12"
							}
						],
						"url": {
							"raw": "https://iat-accounts.adp.com/staffing/v2/job-applications?$filter=jobRequisitionReference/clientRequisitionID eq 1000 AND applicationStatusCode/codeValue eq Make Offer",
							"protocol": "https",
							"host": [
								"iat-accounts",
								"adp",
								"com"
							],
							"path": [
								"staffing",
								"v2",
								"job-applications"
							],
							"query": [
								{
									"key": "$filter",
									"value": "jobRequisitionReference/clientRequisitionID eq 1000 AND applicationStatusCode/codeValue eq Make Offer"
								}
							]
						}
					},
					"response": []
				},
				{
					"name": "clientRequisitionID and submittedDate",
					"request": {
						"method": "GET",
						"header": [
							{
								"key": "Authorization",
								"type": "text",
								"value": "Bearer {{accessToken}}"
							},
							{
								"key": "sm_transactionid",
								"type": "text",
								"value": "reques12"
							}
						],
						"url": {
							"raw": "https://iat-api.adp.com/staffing/v2/job-applications?$filter=jobRequisitionReference/clientRequisitionID eq 1010 AND applicationSource/submittedDate eq 2019-09-23",
							"protocol": "https",
							"host": [
								"iat-api",
								"adp",
								"com"
							],
							"path": [
								"staffing",
								"v2",
								"job-applications"
							],
							"query": [
								{
									"key": "$filter",
									"value": "jobRequisitionReference/clientRequisitionID eq 1010 AND applicationSource/submittedDate eq 2019-09-23"
								}
							]
						}
					},
					"response": []
				},
				{
					"name": "clientRequisitionID and internalApplicantIndicator",
					"request": {
						"method": "GET",
						"header": [
							{
								"key": "Authorization",
								"type": "text",
								"value": "Bearer {{accessToken}}"
							},
							{
								"key": "sm_transactionid",
								"type": "text",
								"value": "reques12"
							}
						],
						"url": {
							"raw": "https://iat-api.adp.com/staffing/v2/job-applications?$filter=jobRequisitionReference/clientRequisitionID eq 1010 AND applicant/internalApplicantIndicator eq false",
							"protocol": "https",
							"host": [
								"iat-api",
								"adp",
								"com"
							],
							"path": [
								"staffing",
								"v2",
								"job-applications"
							],
							"query": [
								{
									"key": "$filter",
									"value": "jobRequisitionReference/clientRequisitionID eq 1010 AND applicant/internalApplicantIndicator eq false"
								}
							]
						}
					},
					"response": []
				},
				{
					"name": "requisitionTitle and submittedDate",
					"request": {
						"method": "GET",
						"header": [
							{
								"key": "Authorization",
								"type": "text",
								"value": "Bearer {{accessToken}}"
							},
							{
								"key": "sm_transactionid",
								"type": "text",
								"value": "reques12"
							}
						],
						"url": {
							"raw": "https://iat-api.adp.com/staffing/v2/job-applications?$filter=jobRequisitionReference/requisitionTitle eq OT AND applicationSource/submittedDate eq 2019-10-03",
							"protocol": "https",
							"host": [
								"iat-api",
								"adp",
								"com"
							],
							"path": [
								"staffing",
								"v2",
								"job-applications"
							],
							"query": [
								{
									"key": "$filter",
									"value": "jobRequisitionReference/requisitionTitle eq OT AND applicationSource/submittedDate eq 2019-10-03"
								}
							]
						}
					},
					"response": []
				},
				{
					"name": "requisitionTitle and applicationStatusCode",
					"request": {
						"method": "GET",
						"header": [
							{
								"key": "Authorization",
								"type": "text",
								"value": "Bearer {{accessToken}}"
							},
							{
								"key": "sm_transactionid",
								"type": "text",
								"value": "reques12"
							}
						],
						"url": {
							"raw": "https://iat-accounts.adp.com/staffing/v2/job-applications?$filter=jobRequisitionReference/requisitionTitle eq OT AND applicationStatusCode/codeValue eq Make Offer",
							"protocol": "https",
							"host": [
								"iat-accounts",
								"adp",
								"com"
							],
							"path": [
								"staffing",
								"v2",
								"job-applications"
							],
							"query": [
								{
									"key": "$filter",
									"value": "jobRequisitionReference/requisitionTitle eq OT AND applicationStatusCode/codeValue eq Make Offer"
								}
							]
						}
					},
					"response": []
				},
				{
					"name": "appliedLocations and submittedDate",
					"request": {
						"method": "GET",
						"header": [
							{
								"key": "Authorization",
								"type": "text",
								"value": "Bearer {{accessToken}}"
							},
							{
								"key": "sm_transactionid",
								"type": "text",
								"value": "reques12"
							}
						],
						"url": {
							"raw": "https://iat-accounts.adp.com/staffing/v2/job-applications?$filter=appliedLocations/itemID eq 169734009081_1 AND applicationSource/submittedDate eq 2019-10-16",
							"protocol": "https",
							"host": [
								"iat-accounts",
								"adp",
								"com"
							],
							"path": [
								"staffing",
								"v2",
								"job-applications"
							],
							"query": [
								{
									"key": "$filter",
									"value": "appliedLocations/itemID eq 169734009081_1 AND applicationSource/submittedDate eq 2019-10-16"
								}
							]
						}
					},
					"response": []
				},
				{
					"name": "appliedLocations and internalApplicantIndicator",
					"request": {
						"method": "GET",
						"header": [
							{
								"key": "Authorization",
								"type": "text",
								"value": "Bearer {{accessToken}}"
							},
							{
								"key": "sm_transactionid",
								"type": "text",
								"value": "reques12"
							}
						],
						"url": {
							"raw": "https://iat-accounts.adp.com/staffing/v2/job-applications?$filter=appliedLocations/itemID eq 169734009081_1 AND applicant/internalApplicantIndicator eq false",
							"protocol": "https",
							"host": [
								"iat-accounts",
								"adp",
								"com"
							],
							"path": [
								"staffing",
								"v2",
								"job-applications"
							],
							"query": [
								{
									"key": "$filter",
									"value": "appliedLocations/itemID eq 169734009081_1 AND applicant/internalApplicantIndicator eq false"
								}
							]
						}
					},
					"response": []
				},
				{
					"name": "submittedDate and internalApplicantIndicator",
					"request": {
						"method": "GET",
						"header": [
							{
								"key": "Authorization",
								"type": "text",
								"value": "Bearer {{accessToken}}"
							},
							{
								"key": "sm_transactionid",
								"type": "text",
								"value": "reques12"
							}
						],
						"url": {
							"raw": "https://iat-accounts.adp.com/staffing/v2/job-applications?$filter=applicationSource/submittedDate eq 2019-08-09  AND applicant/internalApplicantIndicator eq  false",
							"protocol": "https",
							"host": [
								"iat-accounts",
								"adp",
								"com"
							],
							"path": [
								"staffing",
								"v2",
								"job-applications"
							],
							"query": [
								{
									"key": "$filter",
									"value": "applicationSource/submittedDate eq 2019-08-09  AND applicant/internalApplicantIndicator eq  false"
								}
							]
						}
					},
					"response": []
				},
				{
					"name": "applicationStatusCode and internalApplicantIndicator",
					"request": {
						"method": "GET",
						"header": [
							{
								"key": "Authorization",
								"type": "text",
								"value": "Bearer {{accessToken}}"
							},
							{
								"key": "sm_transactionid",
								"type": "text",
								"value": "reques12"
							}
						],
						"url": {
							"raw": "https://iat-api.adp.com/staffing/v2/job-applications?$filter=applicationStatusCode/codeValue eq Make Offer AND applicant/internalApplicantIndicator eq true",
							"protocol": "https",
							"host": [
								"iat-api",
								"adp",
								"com"
							],
							"path": [
								"staffing",
								"v2",
								"job-applications"
							],
							"query": [
								{
									"key": "$filter",
									"value": "applicationStatusCode/codeValue eq Make Offer AND applicant/internalApplicantIndicator eq true"
								}
							]
						}
					},
					"response": []
				},
				{
					"name": "Multiple combination filters",
					"request": {
						"method": "GET",
						"header": [
							{
								"key": "Authorization",
								"type": "text",
								"value": "Bearer {{accessToken}}"
							},
							{
								"key": "sm_transactionid",
								"type": "text",
								"value": "reques12"
							}
						],
						"url": {
							"raw": "https://iat-accounts.adp.com/staffing/v2/job-applications?$filter=(applicationStatusCode/codeValue eq Make Offer OR applicationStatusCode/codeValue eq New Application) AND applicationSource/submittedDate ne 2019-08-16 AND jobRequisitionReference/clientRequisitionID eq 1010",
							"protocol": "https",
							"host": [
								"iat-accounts",
								"adp",
								"com"
							],
							"path": [
								"staffing",
								"v2",
								"job-applications"
							],
							"query": [
								{
									"key": "$filter",
									"value": "(applicationStatusCode/codeValue eq Make Offer OR applicationStatusCode/codeValue eq New Application) AND applicationSource/submittedDate ne 2019-08-16 AND jobRequisitionReference/clientRequisitionID eq 1010"
								}
							]
						}
					},
					"response": []
				},
				{
					"name": "Multiple combination filters Copy",
					"request": {
						"method": "GET",
						"header": [
							{
								"key": "Authorization",
								"type": "text",
								"value": "Bearer {{accessToken}}"
							},
							{
								"key": "sm_transactionid",
								"type": "text",
								"value": "reques12"
							}
						],
						"url": {
							"raw": "https://iat-accounts.adp.com/staffing/v2/job-applications?$filter=(applicationStatusCode/codeValue eq Make Offer OR applicationStatusCode/codeValue eq New Application)",
							"protocol": "https",
							"host": [
								"iat-accounts",
								"adp",
								"com"
							],
							"path": [
								"staffing",
								"v2",
								"job-applications"
							],
							"query": [
								{
									"key": "$filter",
									"value": "(applicationStatusCode/codeValue eq Make Offer OR applicationStatusCode/codeValue eq New Application)"
								}
							]
						}
					},
					"response": []
				}
			],
			"protocolProfileBehavior": {}
		},
		{
			"name": "POST - ACCESS TOKEN CALL",
			"event": [
				{
					"listen": "test",
					"script": {
						"id": "a08e497d-95a3-42a6-bf50-ce43f34288ba",
						"exec": [
							"// parse JSON data",
							"let jsonData = pm.response.json()",
							"console.log ('JSON response: ', jsonData)",
							"",
							"let access_token = jsonData.access_token",
							"console.log (access_token)",
							"pm.globals.set(\"accessToken\", access_token);",
							"",
							"// status code is 200",
							"",
							"pm.test(\"Status code is 200\", function () {",
							"    pm.response.to.have.status(200);",
							"});"
						],
						"type": "text/javascript"
					}
				}
			],
			"request": {
				"method": "POST",
				"header": [
					{
						"key": "Content-Type",
						"name": "Content-Type",
						"value": "application/x-www-form-urlencoded",
						"type": "text"
					}
				],
				"body": {
					"mode": "urlencoded",
					"urlencoded": [
						{
							"key": "grant_type",
							"value": "client_credentials",
							"type": "text"
						},
						{
							"key": "client_id",
							"value": "fdfa0ac6-050f-4444-880b-6c0ce83a14f6",
							"type": "text"
						},
						{
							"key": "client_secret",
							"value": "725f6a05-746c-4749-a31f-72868dc69d5a",
							"type": "text"
						}
					]
				},
				"url": {
					"raw": "https://iat-accounts.adp.com/auth/oauth/v2/token",
					"protocol": "https",
					"host": [
						"iat-accounts",
						"adp",
						"com"
					],
					"path": [
						"auth",
						"oauth",
						"v2",
						"token"
					]
				}
			},
			"response": []
		}
	],
	"protocolProfileBehavior": {}
}