{
	"id": "bf2cfd75-bf58-46e1-9aea-c5eab4e48e82",
	"name": "Personal Contact_VANTAGE_IAT_GITHUB",
	"description": null,
	"auth": null,
	"events": null,
	"variables": null,
	"order": [
		"0ed09263-71d7-47f2-9baf-ef4ae8fdaec3",
		"1d974f16-0ef2-47bb-803b-e79b0f485c36",
		"99469f15-ed31-47b0-8e71-4e62c31de460",
		"e1946161-0112-430c-bc9b-b1ca8d1ede42"
	],
	"folders_order": [
		"33ab63bf-10d2-4c09-bcfc-0800fa2419e3",
		"edb3aa04-8be7-409c-a3f7-7468138d3c22",
		"f4440d1b-45c5-4985-9cab-bdb589136295",
		"d7324a3a-ce07-4233-8a74-f12d526450b8"
	],
	"folders": [
		{
			"id": "edb3aa04-8be7-409c-a3f7-7468138d3c22",
			"name": "ADD",
			"description": null,
			"auth": null,
			"events": null,
			"collection": "bf2cfd75-bf58-46e1-9aea-c5eab4e48e82",
			"folder": null,
			"order": [
				"30fa7bd9-8fd9-4a6a-a684-078cc7b3af1e",
				"a8b10f7e-f678-46bd-a894-c9314541c318",
				"1d39b26d-2fa0-4d0b-a735-2a228646604a",
				"b630e47f-3afc-49d1-95b3-f7d649c905b5",
				"b68279d0-5f98-451f-9b28-55bd8a4d61fb",
				"d4f687b6-efd2-4850-9c88-5741b5ac513e"
			],
			"folders_order": []
		},
		{
			"id": "f4440d1b-45c5-4985-9cab-bdb589136295",
			"name": "CHANGE",
			"description": null,
			"auth": null,
			"events": null,
			"collection": "bf2cfd75-bf58-46e1-9aea-c5eab4e48e82",
			"folder": null,
			"order": [
				"9c72dfa9-6e1d-428f-b400-4710b43189d3",
				"29bdc4aa-17ce-4837-a9f7-507d6c08b24d",
				"f2e7c5c3-61bc-4deb-b0f0-67ce32503369",
				"25a1a702-1b38-42c0-bf59-3b88815ea582",
				"5de3deea-0517-4623-a6c3-41a898d79248",
				"c4970c48-39df-46e3-a15b-5d60f4017e9d",
				"f9115b3e-fe60-49d3-8281-122f0811ac21"
			],
			"folders_order": []
		},
		{
			"id": "d7324a3a-ce07-4233-8a74-f12d526450b8",
			"name": "GET",
			"description": null,
			"auth": null,
			"events": null,
			"collection": "bf2cfd75-bf58-46e1-9aea-c5eab4e48e82",
			"folder": null,
			"order": [
				"d03b671d-556f-4984-947a-8253df1c88be"
			],
			"folders_order": []
		},
		{
			"id": "33ab63bf-10d2-4c09-bcfc-0800fa2419e3",
			"name": "REMOVE",
			"description": null,
			"auth": null,
			"events": null,
			"collection": "bf2cfd75-bf58-46e1-9aea-c5eab4e48e82",
			"folder": null,
			"order": [
				"acdc21a1-f09e-4d84-9648-be35c23becdf",
				"261f982b-32d0-4ced-bd2f-5731ef6d1fe0",
				"c1eb38d9-079d-414d-836b-a63a9bdb5b8a",
				"63256799-14f2-4bb2-adbb-b99b221a7891"
			],
			"folders_order": []
		}
	],
	"requests": [
		{
			"id": "0ed09263-71d7-47f2-9baf-ef4ae8fdaec3",
			"name": "Workers call",
			"url": "https://iat-api.adp.com/hr/v2/workers",
			"description": null,
			"data": [],
			"dataMode": "raw",
			"headerData": [
				{
					"key": "Authorization",
					"value": "Bearer ff9557bc-cb55-4934-b71e-1ab932f22b0a"
				},
				{
					"key": "If-None-Match",
					"value": "true",
					"enabled": false
				},
				{
					"key": "Accept",
					"value": "application/json;masked=false",
					"enabled": true
				}
			],
			"method": "GET",
			"pathVariableData": [],
			"queryParams": [],
			"auth": null,
			"events": null,
			"folder": null,
			"rawModeData": "",
			"headers": "Authorization: Bearer ff9557bc-cb55-4934-b71e-1ab932f22b0a\n//If-None-Match: true\nAccept: application/json;masked=false\n",
			"pathVariables": {}
		},
		{
			"id": "1d39b26d-2fa0-4d0b-a735-2a228646604a",
			"name": "400-Add personal contact details with invalid Mobile number",
			"url": "https://iat-api.adp.com/events/hr/v1/worker.personal-contact.add",
			"description": null,
			"data": [],
			"dataMode": "raw",
			"headerData": [
				{
					"key": "Content-Type",
					"value": "application/json"
				},
				{
					"key": "Authorization",
					"value": "Bearer 85667efe-bed4-4dae-babb-0883b88351e6"
				}
			],
			"method": "POST",
			"pathVariableData": [],
			"queryParams": [],
			"auth": null,
			"events": null,
			"folder": "edb3aa04-8be7-409c-a3f7-7468138d3c22",
			"rawModeData": "{\r\n  \"events\": [\r\n    {\r\n      \"data\": {\r\n        \"eventContext\": {\r\n          \"worker\": {\r\n            \"associateOID\": \"G3HASSTGHBFK64HC\"\r\n          }\r\n        },\r\n        \"transform\": {\r\n          \"personalContact\": {\r\n            \"personName\": {\r\n              \"formattedName\": \"Test,Contact\"\r\n            },\r\n            \"address\": {\r\n              \"lineOne\": \"5800 Windward Parkway\",\r\n              \"lineTwo\": \"line2\",\r\n              \"lineThree\": \"line3\",\r\n              \"cityName\": \"Alpharetta\",\r\n              \"countrySubdivisionLevel1\": {\r\n                \"subdivisionType\": \"StateTerritory\",\r\n                \"codeValue\": \"GA\",\r\n                \"shortName\": \"Georgia\",\r\n                \"longName\": \"Georgia\"\r\n              },\r\n              \"countryCode\": \"US\",\r\n              \"postalCode\": \"30005\"\r\n            },\r\n            \"communication\": {\r\n              \"landlines\": [\r\n                {\r\n                  \"nameCode\": {\r\n                    \"codeValue\": \"Home Phone\",\r\n                    \"shortName\": \"Home Phone\"\r\n                  },\r\n                  \"countryDialing\": \"1\",\r\n                  \"areaDialing\": \"770\",\r\n                  \"dialNumber\": \"7720252\",\r\n                  \"formattedNumber\": \"(770) 772-0252\"\r\n                },\r\n                {\r\n                  \"nameCode\": {\r\n                    \"codeValue\": \"Work Phone\",\r\n                    \"shortName\": \"Work Phone\"\r\n                  },\r\n                  \"countryDialing\": \"1\",\r\n                  \"areaDialing\": \"770\",\r\n                  \"dialNumber\": \"7720252\",\r\n                  \"extension\": \"123\",\r\n                  \"access\": \"1\",\r\n                  \"formattedNumber\": \"(770) 772-0252 123\"\r\n                },\r\n                {\r\n                  \"nameCode\": {\r\n                    \"codeValue\": \"Alternate Phone\",\r\n                    \"shortName\": \"Alternate Phone\"\r\n                  },\r\n                  \"countryDialing\": \"1\",\r\n                  \"areaDialing\": \"770\",\r\n                  \"dialNumber\": \"7720252\",\r\n                  \"formattedNumber\": \"(770) 772-0252\"\r\n                }\r\n              ],\r\n              \"mobiles\": [\r\n                {\r\n                  \"nameCode\": {\r\n                    \"codeValue\": \"Cell Phone\",\r\n                    \"shortName\": \"Cell Phone\"\r\n                  },\r\n                  \"countryDialing\": \"1\",\r\n                  \"areaDialing\": \"770\",\r\n                  \"dialNumber\": \"7720252123\",\r\n                  \"formattedNumber\": \"(770) 772-0252123\"\r\n                }\r\n              ],\r\n              \"emails\": [\r\n                {\r\n                  \"itemID\": \"139470108012_1\",\r\n                  \"nameCode\": {\r\n                    \"codeValue\": \"E-mail\",\r\n                    \"shortName\": \"E-mail\"\r\n                  },\r\n                  \"emailUri\": \"email@test.com\"\r\n                }\r\n              ]\r\n            },\r\n            \"contactTypeCode\": {\r\n              \"shortName\": \"Emergency\"\r\n            },\r\n            \"relationshipTypeCode\": {\r\n              \"codeValue\": \"O\",\r\n              \"shortName\": \"Other\"\r\n            },\r\n            \"precedenceCode\": {\r\n              \"codeValue\": \"Primary\"\r\n            }\r\n          }\r\n        }\r\n      }\r\n    }\r\n  ]\r\n}",
			"headers": "Content-Type: application/json\nAuthorization: Bearer 85667efe-bed4-4dae-babb-0883b88351e6\n",
			"pathVariables": {}
		},
		{
			"id": "1d974f16-0ef2-47bb-803b-e79b0f485c36",
			"name": "Access token",
			"url": "https://iat-api.adp.com/auth/oauth/v2/token",
			"description": null,
			"data": [
				{
					"key": "grant_type",
					"value": "client_credentials",
					"type": "text"
				},
				{
					"key": "client_id",
					"value": "paste client_id",
					"type": "text"
				},
				{
					"key": "client_secret",
					"value": "paste client_secret",
					"type": "text"
				}
			],
			"dataMode": "urlencoded",
			"headerData": [
				{
					"key": "Content-Type",
					"value": "application/x-www-form-urlencoded"
				}
			],
			"method": "POST",
			"pathVariableData": [],
			"queryParams": [],
			"auth": null,
			"events": null,
			"folder": null,
			"headers": "Content-Type: application/x-www-form-urlencoded\n",
			"pathVariables": {}
		},
		{
			"id": "25a1a702-1b38-42c0-bf59-3b88815ea582",
			"name": "400-Change personal contact details with invalid itemID",
			"url": "https://iat-api.adp.com/events/hr/v1/worker.personal-contact.change",
			"description": null,
			"data": [],
			"dataMode": "raw",
			"headerData": [
				{
					"key": "Content-Type",
					"value": "application/json"
				},
				{
					"key": "Authorization",
					"value": "Bearer 78512baf-7c1a-4b32-8b19-4d763feab9bb"
				}
			],
			"method": "POST",
			"pathVariableData": [],
			"queryParams": [],
			"auth": null,
			"events": null,
			"folder": "f4440d1b-45c5-4985-9cab-bdb589136295",
			"rawModeData": "{\r\n  \"events\": [\r\n    {\r\n      \"data\": {\r\n        \"eventContext\": {\r\n          \"worker\": {\r\n            \"associateOID\": \"G372T336YEJ07AWG\"\r\n          },\r\n          \"personalContact\": {\r\n            \"itemID\": \"169750562647_2721\"\r\n          }\r\n        },\r\n        \"transform\": {\r\n          \"personalContact\": {\r\n            \"personName\": {\r\n              \"formattedName\": \"Personal contact change\"\r\n            },\r\n            \"address\": {\r\n              \"lineOne\": \"5800 Windward Parkway\",\r\n              \"lineTwo\": \"line2\",\r\n              \"lineThree\": \"line3\",\r\n              \"cityName\": \"Alpharetta\",\r\n              \"countrySubdivisionLevel1\": {\r\n                \"subdivisionType\": \"StateTerritory\",\r\n                \"codeValue\": \"GA\",\r\n                \"shortName\": \"Georgia\",\r\n                \"longName\": \"Georgia\"\r\n              },\r\n              \"countryCode\": \"US\",\r\n              \"postalCode\": \"30005\"\r\n            },\r\n            \"communication\": {\r\n              \"landlines\": [\r\n                {\r\n                  \"nameCode\": {\r\n                    \"codeValue\": \"Home Phone\",\r\n                    \"shortName\": \"Home Phone\"\r\n                  },\r\n                  \"countryDialing\": \"1\",\r\n                  \"areaDialing\": \"770\",\r\n                  \"dialNumber\": \"7720252\",\r\n                  \"formattedNumber\": \"(770) 772-0253\"\r\n                },\r\n                {\r\n                  \"nameCode\": {\r\n                    \"codeValue\": \"Work Phone\",\r\n                    \"shortName\": \"Work Phone\"\r\n                  },\r\n                  \"countryDialing\": \"1\",\r\n                  \"areaDialing\": \"770\",\r\n                  \"dialNumber\": \"7720252\",\r\n                  \"extension\": \"123\",\r\n                  \"access\": \"1\",\r\n                  \"formattedNumber\": \"(770) 772-0252 122\"\r\n                },\r\n                {\r\n                  \"nameCode\": {\r\n                    \"codeValue\": \"Alternate Phone\",\r\n                    \"shortName\": \"Alternate Phone\"\r\n                  },\r\n                  \"countryDialing\": \"1\",\r\n                  \"areaDialing\": \"770\",\r\n                  \"dialNumber\": \"7720252\",\r\n                  \"formattedNumber\": \"(770) 772-0253\"\r\n                }\r\n              ],\r\n              \"mobiles\": [\r\n                {\r\n                  \"nameCode\": {\r\n                    \"codeValue\": \"Cell Phone\",\r\n                    \"shortName\": \"Cell Phone\"\r\n                  },\r\n                  \"countryDialing\": \"1\",\r\n                  \"areaDialing\": \"770\",\r\n                  \"dialNumber\": \"772025212\",\r\n                  \"formattedNumber\": \"(770) 772-0253\"\r\n                }\r\n              ],\r\n              \"emails\": [\r\n                {\r\n                  \r\n                  \"nameCode\": {\r\n                    \"codeValue\": \"E-mail\",\r\n                    \"shortName\": \"E-mail\"\r\n                  },\r\n                  \"emailUri\": \"email456@test.com\"\r\n                }\r\n              ]\r\n            },\r\n            \"contactTypeCode\": {\r\n              \"codeValue\": \"Emergency\",\r\n              \"shortName\": \"Emergency\"\r\n            },\r\n            \"relationshipTypeCode\": {\r\n              \"codeValue\": \"B\",\r\n              \"shortName\": \"Sibling\"\r\n            },\r\n            \"precedenceCode\": {\r\n              \"codeValue\": \"Primary\"\r\n            }\r\n          }\r\n        }\r\n      }\r\n    }\r\n  ]\r\n}",
			"headers": "Content-Type: application/json\nAuthorization: Bearer 78512baf-7c1a-4b32-8b19-4d763feab9bb\n",
			"pathVariables": {}
		},
		{
			"id": "261f982b-32d0-4ced-bd2f-5731ef6d1fe0",
			"name": "400-Remove Personal contact details with invalid itemID",
			"url": "https://iat-api.adp.com/events/hr/v1/worker.personal-contact.remove",
			"description": null,
			"data": [],
			"dataMode": "raw",
			"headerData": [
				{
					"key": "Content-Type",
					"value": "application/json"
				},
				{
					"key": "Authorization",
					"value": "Bearer 78512baf-7c1a-4b32-8b19-4d763feab9bb"
				}
			],
			"method": "POST",
			"pathVariableData": [],
			"queryParams": [],
			"auth": null,
			"events": null,
			"folder": "33ab63bf-10d2-4c09-bcfc-0800fa2419e3",
			"rawModeData": "{\r\n  \"events\": [\r\n    {\r\n      \"data\": {\r\n        \"eventContext\": {\r\n          \"worker\": {\r\n            \"associateOID\": \"G372T336YEJ07AWG\"\r\n          },\r\n          \"personalContact\": {\r\n            \"itemID\": \"169750562647_2721\"\r\n          }\r\n        }\r\n      }\r\n    }\r\n  ]\r\n}",
			"headers": "Content-Type: application/json\nAuthorization: Bearer 78512baf-7c1a-4b32-8b19-4d763feab9bb\n",
			"pathVariables": {}
		},
		{
			"id": "29bdc4aa-17ce-4837-a9f7-507d6c08b24d",
			"name": "400-Change personal contact details with invalid Mobile number",
			"url": "https://iat-api.adp.com/events/hr/v1/worker.personal-contact.change",
			"description": null,
			"data": [],
			"dataMode": "raw",
			"headerData": [
				{
					"key": "Content-Type",
					"value": "application/json"
				},
				{
					"key": "Authorization",
					"value": "Bearer 78512baf-7c1a-4b32-8b19-4d763feab9bb"
				}
			],
			"method": "POST",
			"pathVariableData": [],
			"queryParams": [],
			"auth": null,
			"events": null,
			"folder": "f4440d1b-45c5-4985-9cab-bdb589136295",
			"rawModeData": "{\r\n  \"events\": [\r\n    {\r\n      \"data\": {\r\n        \"eventContext\": {\r\n          \"worker\": {\r\n            \"associateOID\": \"G372T336YEJ07AWG\"\r\n          },\r\n          \"personalContact\": {\r\n            \"itemID\": \"169750562647_272\"\r\n          }\r\n        },\r\n        \"transform\": {\r\n          \"personalContact\": {\r\n            \"personName\": {\r\n              \"formattedName\": \"Personal contact change\"\r\n            },\r\n            \"address\": {\r\n              \"lineOne\": \"5800 Windward Parkway\",\r\n              \"lineTwo\": \"line2\",\r\n              \"lineThree\": \"line3\",\r\n              \"cityName\": \"Alpharetta\",\r\n              \"countrySubdivisionLevel1\": {\r\n                \"subdivisionType\": \"StateTerritory\",\r\n                \"codeValue\": \"GA\",\r\n                \"shortName\": \"Georgia\",\r\n                \"longName\": \"Georgia\"\r\n              },\r\n              \"countryCode\": \"US\",\r\n              \"postalCode\": \"30005\"\r\n            },\r\n            \"communication\": {\r\n              \"landlines\": [\r\n                {\r\n                  \"nameCode\": {\r\n                    \"codeValue\": \"Home Phone\",\r\n                    \"shortName\": \"Home Phone\"\r\n                  },\r\n                  \"countryDialing\": \"1\",\r\n                  \"areaDialing\": \"770\",\r\n                  \"dialNumber\": \"7720252\",\r\n                  \"formattedNumber\": \"(770) 772-0253\"\r\n                },\r\n                {\r\n                  \"nameCode\": {\r\n                    \"codeValue\": \"Work Phone\",\r\n                    \"shortName\": \"Work Phone\"\r\n                  },\r\n                  \"countryDialing\": \"1\",\r\n                  \"areaDialing\": \"770\",\r\n                  \"dialNumber\": \"7720252\",\r\n                  \"extension\": \"123\",\r\n                  \"access\": \"1\",\r\n                  \"formattedNumber\": \"(770) 772-0252 122\"\r\n                },\r\n                {\r\n                  \"nameCode\": {\r\n                    \"codeValue\": \"Alternate Phone\",\r\n                    \"shortName\": \"Alternate Phone\"\r\n                  },\r\n                  \"countryDialing\": \"1\",\r\n                  \"areaDialing\": \"770\",\r\n                  \"dialNumber\": \"7720252\",\r\n                  \"formattedNumber\": \"(770) 772-0253\"\r\n                }\r\n              ],\r\n              \"mobiles\": [\r\n                {\r\n                  \"nameCode\": {\r\n                    \"codeValue\": \"Cell Phone\",\r\n                    \"shortName\": \"Cell Phone\"\r\n                  },\r\n                  \"countryDialing\": \"1\",\r\n                  \"areaDialing\": \"770\",\r\n                  \"dialNumber\": \"77202521234\",\r\n                  \"formattedNumber\": \"(770) 772-0253\"\r\n                }\r\n              ],\r\n              \"emails\": [\r\n                {\r\n                  \r\n                  \"nameCode\": {\r\n                    \"codeValue\": \"E-mail\",\r\n                    \"shortName\": \"E-mail\"\r\n                  },\r\n                  \"emailUri\": \"email456@test.com\"\r\n                }\r\n              ]\r\n            },\r\n            \"contactTypeCode\": {\r\n              \"codeValue\": \"Emergency\",\r\n              \"shortName\": \"Emergency\"\r\n            },\r\n            \"relationshipTypeCode\": {\r\n              \"codeValue\": \"B\",\r\n              \"shortName\": \"Sibling\"\r\n            },\r\n            \"precedenceCode\": {\r\n              \"codeValue\": \"Primary\"\r\n            }\r\n          }\r\n        }\r\n      }\r\n    }\r\n  ]\r\n}",
			"headers": "Content-Type: application/json\nAuthorization: Bearer 78512baf-7c1a-4b32-8b19-4d763feab9bb\n",
			"pathVariables": {}
		},
		{
			"id": "30fa7bd9-8fd9-4a6a-a684-078cc7b3af1e",
			"name": "201-Add Personal contact details",
			"url": "https://iat-api.adp.com/events/hr/v1/worker.personal-contact.add",
			"description": null,
			"data": [],
			"dataMode": "raw",
			"headerData": [
				{
					"key": "Content-Type",
					"value": "application/json"
				},
				{
					"key": "Authorization",
					"value": "Bearer 2dc7a991-0c72-4c02-989c-9d4626515138"
				}
			],
			"method": "POST",
			"pathVariableData": [],
			"queryParams": [],
			"auth": null,
			"events": null,
			"folder": "edb3aa04-8be7-409c-a3f7-7468138d3c22",
			"rawModeData": "{\n  \"events\": [\n    {\n      \"data\":{\n        \"eventContext\":{\n          \"worker\":{\n            \"associateOID\":\"G3HASSTGHBFK64HC\"\n          }\n        },\n        \"transform\":{\n          \"eventStatusCode\":{\n            \"codeValue\":\"submit\"\n          },\n          \"personalContact\":{\n            \"personName\":{\n              \"givenName\":\"Ashley\",\n              \"middleName\":\"Marie\",\n              \"familyName1\":\"Albright\",\n              \"formattedName\":\"Albright,Ashley\"\n            },\n            \"address\":{\n              \"nameCode\":{\n                \"codeValue\":\"R\",\n                \"shortName\":\"Residence Address\"\n              },\n              \"lineOne\":\"357 Millburn Avenue\",\n              \"cityName\":\"Millburn\",\n              \"countrySubdivisionLevel1\":{\n                \"subdivisionType\":\"state\",\n                \"codeValue\":\"NJ\",\n                \"shortName\":\"New Jersey\"\n              },\n              \"postalCode\":\"07041\"\n            },\n            \"communication\":{\n              \"landlines\":[\n                {\n                  \"itemID\":\"1\",\n                  \"nameCode\":{\n                    \"shortName\":\"Home Phone\"\n                  },\n                  \"countryDialing\":\"1\",\n                  \"areaDialing\":\"973\",\n                  \"dialNumber\":\"5553245\",\n                  \"formattedNumber\":\"(973) 555-3245\"\n                }\n              ],\n              \"mobiles\":[\n                {\n                  \"itemID\":\"1\",\n                  \"nameCode\":{\n                    \"shortName\":\"Personal Cell\"\n                  },\n                  \"countryDialing\":\"1\",\n                  \"areaDialing\":\"973\",\n                  \"dialNumber\":\"5553011\",\n                  \"formattedNumber\":\"(973) 555-3011\"\n                }\n              ],\n              \"emails\":[\n                {\n                  \"itemID\":\"1\",\n                  \"emailUri\":\"AshleyAlbright@yahoo.com\"\n                }\n              ]\n            },\n            \"contactTypeCode\":{\n              \"codeValue\":\"E\",\n              \"shortName\":\"Emergency\"\n            },\n            \"relationshipTypeCode\":{\n              \"shortName\":\"Spouse\"\n            },\n            \"precedenceCode\":{\n              \"codeValue\":\"P\",\n              \"shortName\":\"Primary\"\n            }\n          }\n        }\n      }\n    }\n  ]\n}\n",
			"headers": "Content-Type: application/json\nAuthorization: Bearer 2dc7a991-0c72-4c02-989c-9d4626515138\n",
			"pathVariables": {}
		},
		{
			"id": "5de3deea-0517-4623-a6c3-41a898d79248",
			"name": "META-Change Personal contact",
			"url": "https://iat-api.adp.com/events/hr/v1/worker.personal-contact.change/meta",
			"description": "",
			"data": null,
			"dataMode": "params",
			"headerData": [
				{
					"key": "Authorization",
					"value": "Bearer 06b3d2eb-620e-455c-aff1-40aff681deaf",
					"description": "",
					"enabled": true
				},
				{
					"key": "Accept",
					"value": "application/json;masked=false",
					"description": "",
					"enabled": true
				}
			],
			"method": "GET",
			"pathVariableData": [],
			"queryParams": [],
			"auth": null,
			"events": [],
			"folder": "f4440d1b-45c5-4985-9cab-bdb589136295",
			"headers": "Authorization: Bearer 06b3d2eb-620e-455c-aff1-40aff681deaf\nAccept: application/json;masked=false\n",
			"pathVariables": {}
		},
		{
			"id": "63256799-14f2-4bb2-adbb-b99b221a7891",
			"name": "META-Remove Personal contact",
			"url": "https://iat-api.adp.com/events/hr/v1/worker.personal-contact.remove/meta",
			"description": "",
			"data": null,
			"dataMode": "params",
			"headerData": [
				{
					"key": "Authorization",
					"value": "Bearer 06b3d2eb-620e-455c-aff1-40aff681deaf",
					"description": "",
					"enabled": true
				},
				{
					"key": "Accept",
					"value": "application/json;masked=false",
					"description": "",
					"enabled": true
				}
			],
			"method": "GET",
			"pathVariableData": [],
			"queryParams": [],
			"auth": null,
			"events": [],
			"folder": "33ab63bf-10d2-4c09-bcfc-0800fa2419e3",
			"headers": "Authorization: Bearer 06b3d2eb-620e-455c-aff1-40aff681deaf\nAccept: application/json;masked=false\n",
			"pathVariables": {}
		},
		{
			"id": "99469f15-ed31-47b0-8e71-4e62c31de460",
			"name": "core/v1/event-notification-messages",
			"url": "https://iat-api.adp.com/core/v1/event-notification-messages",
			"description": null,
			"data": [],
			"dataMode": null,
			"headerData": [
				{
					"key": "Authorization",
					"value": "Bearer 78512baf-7c1a-4b32-8b19-4d763feab9bb"
				},
				{
					"key": "prefer",
					"value": "/adp/long-polling",
					"enabled": false
				}
			],
			"method": "GET",
			"pathVariableData": [],
			"queryParams": [],
			"auth": null,
			"events": null,
			"folder": null,
			"headers": "Authorization: Bearer 78512baf-7c1a-4b32-8b19-4d763feab9bb\n//prefer: /adp/long-polling\n",
			"pathVariables": {}
		},
		{
			"id": "9c72dfa9-6e1d-428f-b400-4710b43189d3",
			"name": "200-Change Personal contact details",
			"url": "https://iat-api.adp.com/events/hr/v1/worker.personal-contact.change",
			"description": null,
			"data": [],
			"dataMode": "raw",
			"headerData": [
				{
					"key": "Content-Type",
					"value": "application/json"
				},
				{
					"key": "Authorization",
					"value": "Bearer 85667efe-bed4-4dae-babb-0883b88351e6"
				}
			],
			"method": "POST",
			"pathVariableData": [],
			"queryParams": [],
			"auth": null,
			"events": null,
			"folder": "f4440d1b-45c5-4985-9cab-bdb589136295",
			"rawModeData": "{\r\n  \"events\": [\r\n    {\r\n      \"data\": {\r\n        \"eventContext\": {\r\n          \"worker\": {\r\n            \"associateOID\": \"G3HASSTGHBFK64HC\"\r\n          },\r\n          \"personalContact\": {\r\n            \"itemID\": \"169750562647_272\"\r\n          }\r\n        },\r\n        \"transform\": {\r\n          \"personalContact\": {\r\n            \"personName\": {\r\n            \t\"givenName\":\"Ashley\",\r\n              \"middleName\":\"Marie\",\r\n              \"familyName1\":\"Albright\",\r\n              \"formattedName\":\"Albright, Ashley\"\r\n            },\r\n            \"address\":{\r\n              \"nameCode\":{\r\n                \"codeValue\":\"R\",\r\n                \"shortName\":\"Residence Address\"\r\n              },\r\n              \"lineOne\":\"357 Millburn Avenue\",\r\n              \"cityName\":\"Millburn\",\r\n              \"countrySubdivisionLevel1\":{\r\n                \"subdivisionType\":\"state\",\r\n                \"codeValue\":\"NJ\",\r\n                \"shortName\":\"New Jersey\"\r\n              },\r\n              \"postalCode\":\"07041\"\r\n            },\r\n            \"communication\":{\r\n              \"landlines\":[\r\n                {\r\n                  \"itemID\":\"1\",\r\n                  \"nameCode\":{\r\n                    \"shortName\":\"Home Phone\"\r\n                  },\r\n                  \"countryDialing\":\"1\",\r\n                  \"areaDialing\":\"973\",\r\n                  \"dialNumber\":\"5553245\",\r\n                  \"formattedNumber\":\"(973) 555-3245\"\r\n                }\r\n              ],\r\n              \"mobiles\":[\r\n                {\r\n                  \"itemID\":\"1\",\r\n                  \"nameCode\":{\r\n                    \"shortName\":\"Personal Cell\"\r\n                  },\r\n                  \"countryDialing\":\"1\",\r\n                  \"areaDialing\":\"973\",\r\n                  \"dialNumber\":\"5553011\",\r\n                  \"formattedNumber\":\"(973) 555-3011\"\r\n                }\r\n              ],\r\n              \"emails\":[\r\n                {\r\n                  \"itemID\":\"1\",\r\n                  \"emailUri\":\"AshleyAlbright@yahoo.com\"\r\n                }\r\n              ]\r\n            },\r\n            \"contactTypeCode\":{\r\n              \"codeValue\":\"E\",\r\n              \"shortName\":\"Emergency\"\r\n            },\r\n            \"relationshipTypeCode\":{\r\n              \"shortName\":\"Spouse\"\r\n            },\r\n            \"precedenceCode\":{\r\n              \"codeValue\":\"P\",\r\n              \"shortName\":\"Primary\"\r\n            }\r\n          }\r\n        }\r\n      }\r\n    }\r\n  ]\r\n}\r\n",
			"headers": "Content-Type: application/json\nAuthorization: Bearer 85667efe-bed4-4dae-babb-0883b88351e6\n",
			"pathVariables": {}
		},
		{
			"id": "a8b10f7e-f678-46bd-a894-c9314541c318",
			"name": "400-Add personal contact details with invalid Relationship",
			"url": "https://iat-api.adp.com/events/hr/v1/worker.personal-contact.add",
			"description": null,
			"data": [],
			"dataMode": "raw",
			"headerData": [
				{
					"key": "Content-Type",
					"value": "application/json"
				},
				{
					"key": "Authorization",
					"value": "Bearer 85667efe-bed4-4dae-babb-0883b88351e6"
				}
			],
			"method": "POST",
			"pathVariableData": [],
			"queryParams": [],
			"auth": null,
			"events": null,
			"folder": "edb3aa04-8be7-409c-a3f7-7468138d3c22",
			"rawModeData": "{\n  \"events\": [\n    {\n      \"data\":{\n        \"eventContext\":{\n          \"worker\":{\n            \"associateOID\":\"G3HASSTGHBFK64HC\"\n          }\n        },\n        \"transform\":{\n          \"eventStatusCode\":{\n            \"codeValue\":\"submit\"\n          },\n          \"personalContact\":{\n            \"personName\":{\n              \"formattedName\":\"Jersy123,Person\"\n            },\n            \"address\":{\n              \"nameCode\":{\n                \"codeValue\":\"R\",\n                \"shortName\":\"Residence Address\"\n              },\n              \"lineOne\":\"357 Millburn Avenue\",\n              \"cityName\":\"Millburn\",\n              \"countrySubdivisionLevel1\":{\n                \"subdivisionType\":\"state\",\n                \"codeValue\":\"NJ\",\n                \"shortName\":\"New Jersey\"\n              },\n              \"postalCode\":\"07041\"\n            },\n            \"communication\":{\n              \"landlines\":[\n                {\n                  \"itemID\":\"1\",\n                  \"nameCode\":{\n                    \"shortName\":\"Home Phone\"\n                  },\n                  \"countryDialing\":\"1\",\n                  \"areaDialing\":\"973\",\n                  \"dialNumber\":\"5553245\",\n                  \"formattedNumber\":\"(973) 555-3245\"\n                }\n              ],\n              \"mobiles\":[\n                {\n                  \"itemID\":\"1\",\n                  \"nameCode\":{\n                    \"shortName\":\"Personal Cell\"\n                  },\n                  \"countryDialing\":\"1\",\n                  \"areaDialing\":\"973\",\n                  \"dialNumber\":\"5553011\",\n                  \"formattedNumber\":\"(973) 555-3011\"\n                }\n              ],\n              \"emails\":[\n                {\n                  \"itemID\":\"1\",\n                  \"emailUri\":\"TestPerson@yahoo.com\"\n                }\n              ]\n            },\n            \"contactTypeCode\":{\n              \"codeValue\":\"E\",\n              \"shortName\":\"Emergency\"\n            },\n            \"relationshipTypeCode\":{\n              \"codeValue\": \"Contact\",\n               \"longName\": \"Other\"\n            },\n            \"precedenceCode\":{\n              \"codeValue\":\"P\",\n              \"shortName\":\"Primary\"\n            }\n          }\n        }\n      }\n    }\n  ]\n}\n",
			"headers": "Content-Type: application/json\nAuthorization: Bearer 85667efe-bed4-4dae-babb-0883b88351e6\n",
			"pathVariables": {}
		},
		{
			"id": "acdc21a1-f09e-4d84-9648-be35c23becdf",
			"name": "200-Remove Personal contact details",
			"url": "https://iat-api.adp.com/events/hr/v1/worker.personal-contact.remove",
			"description": null,
			"data": [],
			"dataMode": "raw",
			"headerData": [
				{
					"key": "Content-Type",
					"value": "application/json"
				},
				{
					"key": "Authorization",
					"value": "Bearer 773e32ba-4b96-425a-a800-53fede81d695"
				}
			],
			"method": "POST",
			"pathVariableData": [],
			"queryParams": [],
			"auth": null,
			"events": null,
			"folder": "33ab63bf-10d2-4c09-bcfc-0800fa2419e3",
			"rawModeData": "{\n  \"events\": [\n    {\n      \"data\": {\n        \"eventContext\": {\n          \"worker\": {\n            \"associateOID\": \"G3HASSTGHBFK64HC\"\n          },\n          \"personalContact\": {\n            \"itemID\": \"JohnAlbright,Ashley\"\n          }\n        }\n      }\n    }\n  ]\n}",
			"headers": "Content-Type: application/json\nAuthorization: Bearer 773e32ba-4b96-425a-a800-53fede81d695\n",
			"pathVariables": {}
		},
		{
			"id": "b630e47f-3afc-49d1-95b3-f7d649c905b5",
			"name": "400-Add personal contact details with invalid Country code",
			"url": "https://iat-api.adp.com/events/hr/v1/worker.personal-contact.add",
			"description": null,
			"data": [],
			"dataMode": "raw",
			"headerData": [
				{
					"key": "Content-Type",
					"value": "application/json"
				},
				{
					"key": "Authorization",
					"value": "Bearer 85667efe-bed4-4dae-babb-0883b88351e6"
				}
			],
			"method": "POST",
			"pathVariableData": [],
			"queryParams": [],
			"auth": null,
			"events": null,
			"folder": "edb3aa04-8be7-409c-a3f7-7468138d3c22",
			"rawModeData": "{\r\n  \"events\": [\r\n    {\r\n      \"data\":{\r\n        \"eventContext\":{\r\n          \"worker\":{\r\n            \"associateOID\":\"G3HASSTGHBFK64HCyut\"\r\n          }\r\n        },\r\n        \"transform\":{\r\n          \"eventStatusCode\":{\r\n            \"codeValue\":\"submit\"\r\n          },\r\n          \"personalContact\":{\r\n            \"personName\":{\r\n              \"formattedName\":\"Residence,Ashley\"\r\n            },\r\n            \"address\":{\r\n              \"nameCode\":{\r\n                \"codeValue\":\"R\",\r\n                \"shortName\":\"Residence Address\"\r\n              },\r\n              \"lineOne\":\"357 Millburn Avenue\",\r\n              \"cityName\":\"Millburn\",\r\n              \"countrySubdivisionLevel1\":{\r\n                \"subdivisionType\":\"state\",\r\n                \"codeValue\":\"NJ\",\r\n                \"shortName\":\"New Jersey\"\r\n              },\r\n              \"countryCode\": \"US1ui\",\r\n              \"postalCode\":\"07041\"\r\n            },\r\n            \"communication\":{\r\n              \"landlines\":[\r\n                {\r\n                  \"itemID\":\"1\",\r\n                  \"nameCode\":{\r\n                    \"shortName\":\"Home Phone\"\r\n                  },\r\n                  \"formattedNumber\":\"(973) 555-3245\"\r\n                }\r\n              ],\r\n              \"mobiles\":[\r\n                {\r\n                  \"itemID\":\"1\",\r\n                  \"nameCode\":{\r\n                    \"shortName\":\"Personal Cell\"\r\n                  },\r\n                  \"countryDialing\":\"1\",\r\n                  \"areaDialing\":\"973\",\r\n                  \"dialNumber\":\"5553011\",\r\n                  \"formattedNumber\":\"(973) 555-3011\"\r\n                }\r\n              ],\r\n              \"emails\":[\r\n                {\r\n                  \"itemID\":\"1\",\r\n                  \"emailUri\":\"AshleyAlbright@yahoo.com\"\r\n                }\r\n              ]\r\n            },\r\n            \"contactTypeCode\":{\r\n              \"codeValue\":\"E\",\r\n              \"shortName\":\"Emergency\"\r\n            },\r\n            \"relationshipTypeCode\":{\r\n              \"shortName\":\"Spouse\"\r\n            },\r\n            \"precedenceCode\":{\r\n              \"codeValue\":\"P\",\r\n              \"shortName\":\"Primary\"\r\n            }\r\n          }\r\n        }\r\n      }\r\n    }\r\n  ]\r\n}\r\n",
			"headers": "Content-Type: application/json\nAuthorization: Bearer 85667efe-bed4-4dae-babb-0883b88351e6\n",
			"pathVariables": {}
		},
		{
			"id": "b68279d0-5f98-451f-9b28-55bd8a4d61fb",
			"name": "400-Add personal contact details with invalid AOID",
			"url": "https://iat-api.adp.com/events/hr/v1/worker.personal-contact.add",
			"description": null,
			"data": [],
			"dataMode": "raw",
			"headerData": [
				{
					"key": "Content-Type",
					"value": "application/json"
				},
				{
					"key": "Authorization",
					"value": "Bearer 78512baf-7c1a-4b32-8b19-4d763feab9bb"
				}
			],
			"method": "POST",
			"pathVariableData": [],
			"queryParams": [],
			"auth": null,
			"events": null,
			"folder": "edb3aa04-8be7-409c-a3f7-7468138d3c22",
			"rawModeData": "{\r\n  \"events\": [\r\n    {\r\n      \"data\": {\r\n        \"eventContext\": {\r\n          \"worker\": {\r\n            \"associateOID\": \"G372T336YEJ07AWGG\"\r\n          }\r\n        },\r\n        \"transform\": {\r\n          \"personalContact\": {\r\n            \"personName\": {\r\n              \"formattedName\": \"Personal Contact One\"\r\n            },\r\n            \"address\": {\r\n              \"lineOne\": \"5800 Windward Parkway\",\r\n              \"lineTwo\": \"line2\",\r\n              \"lineThree\": \"line3\",\r\n              \"cityName\": \"Alpharetta\",\r\n              \"countrySubdivisionLevel1\": {\r\n                \"subdivisionType\": \"StateTerritory\",\r\n                \"codeValue\": \"GA\",\r\n                \"shortName\": \"Georgia\",\r\n                \"longName\": \"Georgia\"\r\n              },\r\n              \"countryCode\": \"US\",\r\n              \"postalCode\": \"30005\"\r\n            },\r\n            \"communication\": {\r\n              \"landlines\": [\r\n                {\r\n                  \"nameCode\": {\r\n                    \"codeValue\": \"Home Phone\",\r\n                    \"shortName\": \"Home Phone\"\r\n                  },\r\n                  \"countryDialing\": \"1\",\r\n                  \"areaDialing\": \"770\",\r\n                  \"dialNumber\": \"7720252\",\r\n                  \"formattedNumber\": \"(770) 772-0252\"\r\n                },\r\n                {\r\n                  \"nameCode\": {\r\n                    \"codeValue\": \"Work Phone\",\r\n                    \"shortName\": \"Work Phone\"\r\n                  },\r\n                  \"countryDialing\": \"1\",\r\n                  \"areaDialing\": \"770\",\r\n                  \"dialNumber\": \"7720252\",\r\n                  \"extension\": \"123\",\r\n                  \"access\": \"1\",\r\n                  \"formattedNumber\": \"(770) 772-0252 123\"\r\n                },\r\n                {\r\n                  \"nameCode\": {\r\n                    \"codeValue\": \"Alternate Phone\",\r\n                    \"shortName\": \"Alternate Phone\"\r\n                  },\r\n                  \"countryDialing\": \"1\",\r\n                  \"areaDialing\": \"770\",\r\n                  \"dialNumber\": \"7720252\",\r\n                  \"formattedNumber\": \"(770) 772-0252\"\r\n                }\r\n              ],\r\n              \"mobiles\": [\r\n                {\r\n                  \"nameCode\": {\r\n                    \"codeValue\": \"Cell Phone\",\r\n                    \"shortName\": \"Cell Phone\"\r\n                  },\r\n                  \"countryDialing\": \"1\",\r\n                  \"areaDialing\": \"770\",\r\n                  \"dialNumber\": \"7720252\",\r\n                  \"formattedNumber\": \"(770) 772-0252\"\r\n                }\r\n              ],\r\n              \"emails\": [\r\n                {\r\n                  \r\n                  \"nameCode\": {\r\n                    \"codeValue\": \"E-mail\",\r\n                    \"shortName\": \"E-mail\"\r\n                  },\r\n                  \"emailUri\": \"email@test.com\"\r\n                }\r\n              ]\r\n            },\r\n            \"contactTypeCode\": {\r\n              \"codeValue\": \"Emergency\",\r\n              \"shortName\": \"Emergency\"\r\n            },\r\n            \"relationshipTypeCode\": {\r\n              \"codeValue\": \"O\",\r\n              \"shortName\": \"Other\"\r\n            },\r\n            \"precedenceCode\": {\r\n              \"codeValue\": \"Primary\"\r\n            }\r\n          }\r\n        }\r\n      }\r\n    }\r\n  ]\r\n}",
			"headers": "Content-Type: application/json\nAuthorization: Bearer 78512baf-7c1a-4b32-8b19-4d763feab9bb\n",
			"pathVariables": {}
		},
		{
			"id": "c1eb38d9-079d-414d-836b-a63a9bdb5b8a",
			"name": "400-Remove Personal contact details with invalid AOID",
			"url": "https://iat-api.adp.com/events/hr/v1/worker.personal-contact.remove",
			"description": null,
			"data": [],
			"dataMode": "raw",
			"headerData": [
				{
					"key": "Content-Type",
					"value": "application/json"
				},
				{
					"key": "Authorization",
					"value": "Bearer 78512baf-7c1a-4b32-8b19-4d763feab9bb"
				}
			],
			"method": "POST",
			"pathVariableData": [],
			"queryParams": [],
			"auth": null,
			"events": null,
			"folder": "33ab63bf-10d2-4c09-bcfc-0800fa2419e3",
			"rawModeData": "{\n  \"events\": [\n    {\n      \"data\": {\n        \"eventContext\": {\n          \"worker\": {\n            \"associateOID\": \"G372T336YEJ07AWGG\"\n          },\n          \"personalContact\": {\n            \"itemID\": \"169750751108_25\"\n          }\n        }\n      }\n    }\n  ]\n}",
			"headers": "Content-Type: application/json\nAuthorization: Bearer 78512baf-7c1a-4b32-8b19-4d763feab9bb\n",
			"pathVariables": {}
		},
		{
			"id": "c4970c48-39df-46e3-a15b-5d60f4017e9d",
			"name": "400-Change personal contact details with invalid Relationship",
			"url": "https://iat-api.adp.com/events/hr/v1/worker.personal-contact.change",
			"description": "",
			"data": [],
			"dataMode": "raw",
			"headerData": [
				{
					"key": "Content-Type",
					"value": "application/json"
				},
				{
					"key": "Authorization",
					"value": "Bearer 4e496d71-b3f6-4fca-8660-39238068866d"
				}
			],
			"method": "POST",
			"pathVariableData": [],
			"queryParams": [],
			"auth": null,
			"events": null,
			"folder": "f4440d1b-45c5-4985-9cab-bdb589136295",
			"rawModeData": "{\r\n  \"events\": [\r\n    {\r\n      \"data\": {\r\n        \"eventContext\": {\r\n          \"worker\": {\r\n            \"associateOID\": \"G3HASSTGHBFK64HC\"\r\n          },\r\n          \"personalContact\": {\r\n            \"itemID\": \"Jhon,Ashley\"\r\n          }\r\n        },\r\n        \"transform\": {\r\n          \"personalContact\": {\r\n            \"personName\": {\r\n           \r\n              \"formattedName\":\"Jhon,Ashley\"\r\n            },\r\n            \"address\":{\r\n              \"nameCode\":{\r\n                \"codeValue\":\"R\",\r\n                \"shortName\":\"Residence Address\"\r\n              },\r\n              \"lineOne\":\"357 Millburn Avenue\",\r\n              \"cityName\":\"Millburn\",\r\n              \"countrySubdivisionLevel1\":{\r\n                \"subdivisionType\":\"state\",\r\n                \"codeValue\":\"NJ\",\r\n                \"shortName\":\"New Jersey\"\r\n              },\r\n              \"postalCode\":\"07041\"\r\n            },\r\n            \"communication\":{\r\n              \"landlines\":[\r\n                {\r\n                  \"itemID\":\"1\",\r\n                  \"nameCode\":{\r\n                    \"shortName\":\"Home Phone\"\r\n                  },\r\n                  \"countryDialing\":\"1\",\r\n                  \"areaDialing\":\"973\",\r\n                  \"dialNumber\":\"5553245\",\r\n                  \"formattedNumber\":\"(973) 555-3245\"\r\n                }\r\n              ],\r\n              \"mobiles\":[\r\n                {\r\n                  \"itemID\":\"1\",\r\n                  \"nameCode\":{\r\n                    \"shortName\":\"Personal Cell\"\r\n                  },\r\n                  \"countryDialing\":\"1\",\r\n                  \"areaDialing\":\"973\",\r\n                  \"dialNumber\":\"5553011\",\r\n                  \"formattedNumber\":\"(973) 555-3011\"\r\n                }\r\n              ],\r\n              \"emails\":[\r\n                {\r\n                  \"itemID\":\"1\",\r\n                  \"emailUri\":\"AshleyAlbright@yahoo.com\"\r\n                }\r\n              ]\r\n            },\r\n            \"contactTypeCode\":{\r\n              \"codeValue\":\"E\",\r\n              \"shortName\":\"Emergency\"\r\n            },\r\n            \"relationshipTypeCode\":{\r\n              \"codeValue\": \"lhduhydyfhydhyfhyhdyf\",\r\n              \"shortName\": \"Sibling\"\r\n            },\r\n            \"precedenceCode\":{\r\n              \"codeValue\":\"P\",\r\n              \"shortName\":\"Primary\"\r\n            }\r\n          }\r\n        }\r\n      }\r\n    }\r\n  ]\r\n}\r\n",
			"headers": "Content-Type: application/json\nAuthorization: Bearer 4e496d71-b3f6-4fca-8660-39238068866d\n",
			"pathVariables": {}
		},
		{
			"id": "d03b671d-556f-4984-947a-8253df1c88be",
			"name": "get",
			"url": "https://iat-api.adp.com/hr/v2/associates/G372T336YEJ07AWG/personal-contacts",
			"description": null,
			"data": [],
			"dataMode": "raw",
			"headerData": [
				{
					"key": "Authorization",
					"value": "Bearer 78512baf-7c1a-4b32-8b19-4d763feab9bb"
				},
				{
					"key": "If-None-Match",
					"value": "true"
				}
			],
			"method": "GET",
			"pathVariableData": [],
			"queryParams": [],
			"auth": null,
			"events": null,
			"folder": "d7324a3a-ce07-4233-8a74-f12d526450b8",
			"rawModeData": "{\n  \"events\": [\n    {\n      \"data\": {\n        \"eventContext\": {\n          \"worker\": {\n            \"associateOID\": \"G3KQQ9WBC60375HW\"\n          },\n          \"personalContact\": {\n            \"itemID\": \"139470090303_22\"\n          }\n        }\n      }\n    }\n  ]\n}",
			"headers": "Authorization: Bearer 78512baf-7c1a-4b32-8b19-4d763feab9bb\nIf-None-Match: true\n",
			"pathVariables": {}
		},
		{
			"id": "d4f687b6-efd2-4850-9c88-5741b5ac513e",
			"name": "META-ADD Personal contact",
			"url": "https://iat-api.adp.com/events/hr/v1/worker.personal-contact.add/meta",
			"description": "",
			"data": null,
			"dataMode": "params",
			"headerData": [
				{
					"key": "Authorization",
					"value": "Bearer 06b3d2eb-620e-455c-aff1-40aff681deaf",
					"description": "",
					"enabled": true
				},
				{
					"key": "Accept",
					"value": "application/json;masked=false",
					"description": "",
					"enabled": true
				}
			],
			"method": "GET",
			"pathVariableData": [],
			"queryParams": [],
			"auth": null,
			"events": [],
			"folder": "edb3aa04-8be7-409c-a3f7-7468138d3c22",
			"headers": "Authorization: Bearer 06b3d2eb-620e-455c-aff1-40aff681deaf\nAccept: application/json;masked=false\n",
			"pathVariables": {}
		},
		{
			"id": "e1946161-0112-430c-bc9b-b1ca8d1ede42",
			"name": "/core/v1/event-notification-messages/0x_414d51204253494e464f42513520202079e5db5b18b0ab20",
			"url": "https://iat-api.adp.com/core/v1/event-notification-messages/0x_414d51204253494e464f4251313220202c01735ed880c129",
			"description": null,
			"data": [],
			"dataMode": null,
			"headerData": [
				{
					"key": "Authorization",
					"value": "Bearer 78512baf-7c1a-4b32-8b19-4d763feab9bb"
				}
			],
			"method": "DELETE",
			"pathVariableData": [],
			"queryParams": [],
			"auth": null,
			"events": null,
			"folder": null,
			"headers": "Authorization: Bearer 78512baf-7c1a-4b32-8b19-4d763feab9bb\n",
			"pathVariables": {}
		},
		{
			"id": "f2e7c5c3-61bc-4deb-b0f0-67ce32503369",
			"name": "400-Change personal contact details with invalid Country code",
			"url": "https://iat-api.adp.com/events/hr/v1/worker.personal-contact.change",
			"description": null,
			"data": [],
			"dataMode": "raw",
			"headerData": [
				{
					"key": "Content-Type",
					"value": "application/json"
				},
				{
					"key": "Authorization",
					"value": "Bearer 78512baf-7c1a-4b32-8b19-4d763feab9bb"
				}
			],
			"method": "POST",
			"pathVariableData": [],
			"queryParams": [],
			"auth": null,
			"events": null,
			"folder": "f4440d1b-45c5-4985-9cab-bdb589136295",
			"rawModeData": "{\r\n  \"events\": [\r\n    {\r\n      \"data\": {\r\n        \"eventContext\": {\r\n          \"worker\": {\r\n            \"associateOID\": \"G372T336YEJ07AWG\"\r\n          },\r\n          \"personalContact\": {\r\n            \"itemID\": \"169750562647_272\"\r\n          }\r\n        },\r\n        \"transform\": {\r\n          \"personalContact\": {\r\n            \"personName\": {\r\n              \"formattedName\": \"Personal contact change\"\r\n            },\r\n            \"address\": {\r\n              \"lineOne\": \"5800 Windward Parkway\",\r\n              \"lineTwo\": \"line2\",\r\n              \"lineThree\": \"line3\",\r\n              \"cityName\": \"Alpharetta\",\r\n              \"countrySubdivisionLevel1\": {\r\n                \"subdivisionType\": \"StateTerritory\",\r\n                \"codeValue\": \"GA\",\r\n                \"shortName\": \"Georgia\",\r\n                \"longName\": \"Georgia\"\r\n              },\r\n              \"countryCode\": \"US1\",\r\n              \"postalCode\": \"30005\"\r\n            },\r\n            \"communication\": {\r\n              \"landlines\": [\r\n                {\r\n                  \"nameCode\": {\r\n                    \"codeValue\": \"Home Phone\",\r\n                    \"shortName\": \"Home Phone\"\r\n                  },\r\n                  \"countryDialing\": \"1\",\r\n                  \"areaDialing\": \"770\",\r\n                  \"dialNumber\": \"7720252\",\r\n                  \"formattedNumber\": \"(770) 772-0253\"\r\n                },\r\n                {\r\n                  \"nameCode\": {\r\n                    \"codeValue\": \"Work Phone\",\r\n                    \"shortName\": \"Work Phone\"\r\n                  },\r\n                  \"countryDialing\": \"1\",\r\n                  \"areaDialing\": \"770\",\r\n                  \"dialNumber\": \"7720252\",\r\n                  \"extension\": \"123\",\r\n                  \"access\": \"1\",\r\n                  \"formattedNumber\": \"(770) 772-0252 122\"\r\n                },\r\n                {\r\n                  \"nameCode\": {\r\n                    \"codeValue\": \"Alternate Phone\",\r\n                    \"shortName\": \"Alternate Phone\"\r\n                  },\r\n                  \"countryDialing\": \"1\",\r\n                  \"areaDialing\": \"770\",\r\n                  \"dialNumber\": \"7720252\",\r\n                  \"formattedNumber\": \"(770) 772-0253\"\r\n                }\r\n              ],\r\n              \"mobiles\": [\r\n                {\r\n                  \"nameCode\": {\r\n                    \"codeValue\": \"Cell Phone\",\r\n                    \"shortName\": \"Cell Phone\"\r\n                  },\r\n                  \"countryDialing\": \"1\",\r\n                  \"areaDialing\": \"770\",\r\n                  \"dialNumber\": \"772025212\",\r\n                  \"formattedNumber\": \"(770) 772-0253\"\r\n                }\r\n              ],\r\n              \"emails\": [\r\n                {\r\n                  \r\n                  \"nameCode\": {\r\n                    \"codeValue\": \"E-mail\",\r\n                    \"shortName\": \"E-mail\"\r\n                  },\r\n                  \"emailUri\": \"email456@test.com\"\r\n                }\r\n              ]\r\n            },\r\n            \"contactTypeCode\": {\r\n              \"codeValue\": \"Emergency\",\r\n              \"shortName\": \"Emergency\"\r\n            },\r\n            \"relationshipTypeCode\": {\r\n              \"codeValue\": \"B\",\r\n              \"shortName\": \"Sibling\"\r\n            },\r\n            \"precedenceCode\": {\r\n              \"codeValue\": \"Primary\"\r\n            }\r\n          }\r\n        }\r\n      }\r\n    }\r\n  ]\r\n}",
			"headers": "Content-Type: application/json\nAuthorization: Bearer 78512baf-7c1a-4b32-8b19-4d763feab9bb\n",
			"pathVariables": {}
		},
		{
			"id": "f9115b3e-fe60-49d3-8281-122f0811ac21",
			"name": "400-Change personal contact details with invalid AOID",
			"url": "https://iat-api.adp.com/events/hr/v1/worker.personal-contact.change",
			"description": "",
			"data": [],
			"dataMode": "raw",
			"headerData": [
				{
					"key": "Content-Type",
					"value": "application/json"
				},
				{
					"key": "Authorization",
					"value": "Bearer 4e496d71-b3f6-4fca-8660-39238068866d"
				}
			],
			"method": "POST",
			"pathVariableData": [],
			"queryParams": [],
			"auth": null,
			"events": null,
			"folder": "f4440d1b-45c5-4985-9cab-bdb589136295",
			"rawModeData": "{\r\n  \"events\": [\r\n    {\r\n      \"data\": {\r\n        \"eventContext\": {\r\n          \"worker\": {\r\n            \"associateOID\": \"\"\r\n          },\r\n          \"personalContact\": {\r\n            \"itemID\": \"Jhon,Ashley\"\r\n          }\r\n        },\r\n        \"transform\": {\r\n          \"personalContact\": {\r\n            \"personName\": {\r\n           \r\n              \"formattedName\":\"Jhon,Ashley\"\r\n            },\r\n            \"address\":{\r\n              \"nameCode\":{\r\n                \"codeValue\":\"R\",\r\n                \"shortName\":\"Residence Address\"\r\n              },\r\n              \"lineOne\":\"357 Millburn Avenue\",\r\n              \"cityName\":\"Millburn\",\r\n              \"countrySubdivisionLevel1\":{\r\n                \"subdivisionType\":\"state\",\r\n                \"codeValue\":\"NJ\",\r\n                \"shortName\":\"New Jersey\"\r\n              },\r\n              \"postalCode\":\"07041\"\r\n            },\r\n            \"communication\":{\r\n              \"landlines\":[\r\n                {\r\n                  \"itemID\":\"1\",\r\n                  \"nameCode\":{\r\n                    \"shortName\":\"Home Phone\"\r\n                  },\r\n                  \"countryDialing\":\"1\",\r\n                  \"areaDialing\":\"973\",\r\n                  \"dialNumber\":\"555324545214\",\r\n                  \"formattedNumber\":\"(973) 555-32451524\"\r\n                }\r\n              ],\r\n              \"mobiles\":[\r\n                {\r\n                  \"itemID\":\"1\",\r\n                  \"nameCode\":{\r\n                    \"shortName\":\"Personal Cell\"\r\n                  },\r\n                  \"countryDialing\":\"1\",\r\n                  \"areaDialing\":\"973\",\r\n                  \"dialNumber\":\"5553011\",\r\n                  \"formattedNumber\":\"(973) 555-3011784\"\r\n                }\r\n              ],\r\n              \"emails\":[\r\n                {\r\n                  \"itemID\":\"1\",\r\n                  \"emailUri\":\"AshleyAlbright@yahoo.com\"\r\n                }\r\n              ]\r\n            },\r\n            \"contactTypeCode\":{\r\n              \"codeValue\":\"E\",\r\n              \"shortName\":\"Emergency\"\r\n            },\r\n            \"relationshipTypeCode\":{\r\n              \"codeValue\": \"s\",\r\n              \"shortName\": \"Sibling\"\r\n            },\r\n            \"precedenceCode\":{\r\n              \"codeValue\":\"P\",\r\n              \"shortName\":\"Primary\"\r\n            }\r\n          }\r\n        }\r\n      }\r\n    }\r\n  ]\r\n}\r\n",
			"headers": "Content-Type: application/json\nAuthorization: Bearer 4e496d71-b3f6-4fca-8660-39238068866d\n",
			"pathVariables": {}
		}
	]
}