{
	"info": {
		"_postman_id": "0e2612b3-6671-460a-b015-3ae819d217e4",
		"name": "Codelists",
		"schema": "https://schema.getpostman.com/json/collection/v2.1.0/collection.json"
	},
	"item": [
		{
			"name": "Federal-tax-withholding-status/run",
			"request": {
				"method": "GET",
				"header": [
					{
						"key": "OrgOid",
						"value": "{{orgoid}}",
						"type": "text"
					},
					{
						"key": "associateoid",
						"value": "{{associateoid}}",
						"type": "text"
					}
				],
				"url": {
					"raw": "{{host_events}}/codelists/payroll/v3/payroll-instruction-management/federal-tax-withholding-status/run",
					"host": [
						"{{host_events}}"
					],
					"path": [
						"codelists",
						"payroll",
						"v3",
						"payroll-instruction-management",
						"federal-tax-withholding-status",
						"run"
					]
				}
			},
			"response": [
				{
					"name": "Federal-tax-withholding-status/run",
					"originalRequest": {
						"method": "GET",
						"header": [
							{
								"key": "OrgOid",
								"value": "{{orgoid}}",
								"type": "text"
							},
							{
								"key": "associateoid",
								"value": "{{associateoid}}",
								"type": "text"
							}
						],
						"url": {
							"raw": "{{host_events}}/codelists/payroll/v3/payroll-instruction-management/federal-tax-withholding-status/run",
							"host": [
								"{{host_events}}"
							],
							"path": [
								"codelists",
								"payroll",
								"v3",
								"payroll-instruction-management",
								"federal-tax-withholding-status",
								"run"
							]
						}
					},
					"status": "OK",
					"code": 200,
					"_postman_previewlanguage": "json",
					"header": [
						{
							"key": "Cache-Control",
							"value": "no-cache"
						},
						{
							"key": "Pragma",
							"value": "no-cache"
						},
						{
							"key": "Content-Length",
							"value": "356"
						},
						{
							"key": "Content-Type",
							"value": "application/json; charset=utf-8"
						},
						{
							"key": "Expires",
							"value": "-1"
						},
						{
							"key": "Server",
							"value": "Microsoft-IIS/8.5"
						},
						{
							"key": "X-AspNet-Version",
							"value": "4.0.30319"
						},
						{
							"key": "X-Powered-By",
							"value": "ASP.NET"
						},
						{
							"key": "Date",
							"value": "Mon, 21 Sep 2020 11:43:00 GMT"
						},
						{
							"key": "Set-Cookie",
							"value": "BIGipServerp_stagrunessmobileapi2.nj.adp.com=3286303499.7968.0000; path=/; Httponly"
						},
						{
							"key": "Vary",
							"value": "Accept-Encoding"
						}
					],
					"cookie": [],
					"body": "{\n    \"codeLists\": [\n        {\n            \"listItems\": [\n                {\n                    \"codeValue\": \"1\",\n                    \"longName\": \"Exempt from Tax\"\n                },\n                {\n                    \"codeValue\": \"X\",\n                    \"longName\": \"Exempt from Withholding\"\n                },\n                {\n                    \"codeValue\": \"0\",\n                    \"longName\": \"Do Not Exempt\"\n                }\n            ]\n        }\n    ]\n}"
				}
			]
		},
		{
			"name": "Federal-tax-filing-status/run",
			"request": {
				"method": "GET",
				"header": [
					{
						"key": "OrgOid",
						"value": "{{orgoid}}",
						"type": "text"
					},
					{
						"key": "associateoid",
						"value": "{{associateoid}}",
						"type": "text"
					}
				],
				"url": {
					"raw": "{{host_events}}/codelists/payroll/v3/payroll-instruction-management/federal-tax-filing-status/run",
					"host": [
						"{{host_events}}"
					],
					"path": [
						"codelists",
						"payroll",
						"v3",
						"payroll-instruction-management",
						"federal-tax-filing-status",
						"run"
					]
				}
			},
			"response": []
		},
		{
			"name": "State-tax-withholding-status/run",
			"request": {
				"method": "GET",
				"header": [
					{
						"key": "OrgOid",
						"value": "{{orgoid}}",
						"type": "text"
					},
					{
						"key": "associateoid",
						"value": "{{associateoid}}",
						"type": "text"
					}
				],
				"url": {
					"raw": "{{host_events}}/codelists/payroll/v3/payroll-instruction-management/state-tax-withholding-status/run",
					"host": [
						"{{host_events}}"
					],
					"path": [
						"codelists",
						"payroll",
						"v3",
						"payroll-instruction-management",
						"state-tax-withholding-status",
						"run"
					]
				}
			},
			"response": []
		},
		{
			"name": "State-tax-filing-status/run",
			"request": {
				"method": "GET",
				"header": [
					{
						"key": "OrgOid",
						"value": "{{orgoid}}",
						"type": "text"
					},
					{
						"key": "associateoid",
						"value": "{{associateoid}}",
						"type": "text"
					}
				],
				"url": {
					"raw": "{{host_events}}/codelists/payroll/v3/payroll-instruction-management/state-tax-filing-status/run",
					"host": [
						"{{host_events}}"
					],
					"path": [
						"codelists",
						"payroll",
						"v3",
						"payroll-instruction-management",
						"state-tax-filing-status",
						"run"
					]
				}
			},
			"response": []
		},
		{
			"name": "State-tax-allowances/run",
			"request": {
				"method": "GET",
				"header": [
					{
						"key": "OrgOid",
						"value": "{{orgoid}}",
						"type": "text"
					},
					{
						"key": "associateoid",
						"value": "{{associateoid}}",
						"type": "text"
					}
				],
				"url": {
					"raw": "{{host_events}}/codelists/payroll/v3/payroll-instruction-management/state-tax-allowances/run",
					"host": [
						"{{host_events}}"
					],
					"path": [
						"codelists",
						"payroll",
						"v3",
						"payroll-instruction-management",
						"state-tax-allowances",
						"run"
					]
				}
			},
			"response": []
		},
		{
			"name": "State-tax-allowance-categories/run",
			"request": {
				"method": "GET",
				"header": [
					{
						"key": "OrgOid",
						"value": "{{orgoid}}",
						"type": "text"
					},
					{
						"key": "associateoid",
						"value": "{{associateoid}}",
						"type": "text"
					}
				],
				"url": {
					"raw": "{{host_events}}/codelists/payroll/v3/payroll-instruction-management/state-tax-allowance-categories/run",
					"host": [
						"{{host_events}}"
					],
					"path": [
						"codelists",
						"payroll",
						"v3",
						"payroll-instruction-management",
						"state-tax-allowance-categories",
						"run"
					]
				}
			},
			"response": []
		},
		{
			"name": "Payroll-jurisdictions/run",
			"request": {
				"method": "GET",
				"header": [
					{
						"key": "OrgOid",
						"value": "{{orgoid}}",
						"type": "text"
					},
					{
						"key": "associateoid",
						"value": "{{associateoid}}",
						"type": "text"
					}
				],
				"url": {
					"raw": "{{host_events}}/codelists/payroll/v3/payroll-instruction-management/payroll-jurisdictions/run",
					"host": [
						"{{host_events}}"
					],
					"path": [
						"codelists",
						"payroll",
						"v3",
						"payroll-instruction-management",
						"payroll-jurisdictions",
						"run"
					]
				}
			},
			"response": []
		},
		{
			"name": "Pay-cycles/run",
			"request": {
				"method": "GET",
				"header": [
					{
						"key": "OrgOid",
						"value": "{{orgoid}}",
						"type": "text"
					},
					{
						"key": "associateoid",
						"value": "{{associateoid}}",
						"type": "text"
					}
				],
				"url": {
					"raw": "{{host_events}}/codelists/payroll/v1/payroll-processing/pay-cycles/run",
					"host": [
						"{{host_events}}"
					],
					"path": [
						"codelists",
						"payroll",
						"v1",
						"payroll-processing",
						"pay-cycles",
						"run"
					]
				}
			},
			"response": []
		},
		{
			"name": "Pay-rates/run",
			"request": {
				"method": "GET",
				"header": [
					{
						"key": "OrgOid",
						"value": "{{orgoid}}",
						"type": "text"
					},
					{
						"key": "associateoid",
						"value": "{{associateoid}}",
						"type": "text"
					}
				],
				"url": {
					"raw": "{{host_events}}/codelists/payroll/v1/payroll-processing/pay-rates/run",
					"host": [
						"{{host_events}}"
					],
					"path": [
						"codelists",
						"payroll",
						"v1",
						"payroll-processing",
						"pay-rates",
						"run"
					]
				}
			},
			"response": []
		},
		{
			"name": "Earnings/run",
			"request": {
				"method": "GET",
				"header": [
					{
						"key": "OrgOid",
						"value": "{{orgoid}}",
						"type": "text"
					},
					{
						"key": "associateoid",
						"value": "{{associateoid}}",
						"type": "text"
					}
				],
				"url": {
					"raw": "{{host_events}}/codelists/payroll/v1/payroll-processing/earnings/run",
					"host": [
						"{{host_events}}"
					],
					"path": [
						"codelists",
						"payroll",
						"v1",
						"payroll-processing",
						"earnings",
						"run"
					]
				}
			},
			"response": []
		},
		{
			"name": "Departments",
			"request": {
				"method": "GET",
				"header": [
					{
						"key": "OrgOid",
						"value": "{{orgoid}}",
						"type": "text"
					},
					{
						"key": "associateoid",
						"value": "{{associateoid}}",
						"type": "text"
					}
				],
				"url": {
					"raw": "{{host_events}}/codelists/hr/v3/worker-management/Departments",
					"host": [
						"{{host_events}}"
					],
					"path": [
						"codelists",
						"hr",
						"v3",
						"worker-management",
						"Departments"
					]
				}
			},
			"response": []
		},
		{
			"name": "States",
			"request": {
				"method": "GET",
				"header": [
					{
						"key": "OrgOid",
						"value": "{{orgoid}}",
						"type": "text"
					},
					{
						"key": "associateoid",
						"value": "{{associateoid}}",
						"type": "text"
					}
				],
				"url": {
					"raw": "{{host_events}}/codelists/hr/v3/worker-management/States",
					"host": [
						"{{host_events}}"
					],
					"path": [
						"codelists",
						"hr",
						"v3",
						"worker-management",
						"States"
					]
				}
			},
			"response": []
		},
		{
			"name": "Gender",
			"request": {
				"method": "GET",
				"header": [
					{
						"key": "OrgOid",
						"value": "{{orgoid}}",
						"type": "text"
					},
					{
						"key": "associateoid",
						"value": "{{associateoid}}",
						"type": "text"
					}
				],
				"url": {
					"raw": "{{host_events}}/codelists/hr/v3/worker-management/SexValues",
					"host": [
						"{{host_events}}"
					],
					"path": [
						"codelists",
						"hr",
						"v3",
						"worker-management",
						"SexValues"
					]
				}
			},
			"response": []
		},
		{
			"name": "EthnicityValues",
			"request": {
				"method": "GET",
				"header": [
					{
						"key": "OrgOid",
						"value": "{{orgoid}}",
						"type": "text"
					},
					{
						"key": "associateoid",
						"value": "{{associateoid}}",
						"type": "text"
					}
				],
				"url": {
					"raw": "{{host_events}}/codelists/hr/v3/worker-management/EthnicityValues",
					"host": [
						"{{host_events}}"
					],
					"path": [
						"codelists",
						"hr",
						"v3",
						"worker-management",
						"EthnicityValues"
					]
				}
			},
			"response": []
		},
		{
			"name": "CountryCode",
			"request": {
				"method": "GET",
				"header": [
					{
						"key": "OrgOid",
						"value": "{{orgoid}}",
						"type": "text"
					},
					{
						"key": "associateoid",
						"value": "{{associateoid}}",
						"type": "text"
					}
				],
				"url": {
					"raw": "{{host_events}}/codelists/hr/v3/worker-management/country-codes",
					"host": [
						"{{host_events}}"
					],
					"path": [
						"codelists",
						"hr",
						"v3",
						"worker-management",
						"country-codes"
					]
				}
			},
			"response": []
		}
	]
}