{
	"info": {
		"_postman_id": "e244ba78-9d0a-4fbc-a524-57ce8353c940",
		"name": "Talent Profile-Recognitions-WFN-IAT GITHUB B2B",
		"schema": "https://schema.getpostman.com/json/collection/v2.1.0/collection.json"
	},
	"item": [
		{
			"name": "GET associate-recognitions",
			"item": [
				{
					"name": "Retrieve an awards or recognitions of an employee",
					"request": {
						"method": "GET",
						"header": [
							{
								"key": "Authorization",
								"type": "text",
								"value": "Bearer dc1d4380-80ad-4b95-b0f5-c2fee60defb5"
							},
							{
								"key": "If-None-Match",
								"value": "true",
								"type": "text",
								"disabled": true
							}
						],
						"url": {
							"raw": "https://iat-api.adp.com/talent/v2/associates/G372T336YEJ00G3E/associate-recognitions",
							"protocol": "https",
							"host": [
								"iat-api",
								"adp",
								"com"
							],
							"path": [
								"talent",
								"v2",
								"associates",
								"G372T336YEJ00G3E",
								"associate-recognitions"
							]
						}
					},
					"response": []
				},
				{
					"name": "Retrieve an individual award for an employee",
					"request": {
						"method": "GET",
						"header": [
							{
								"key": "Authorization",
								"type": "text",
								"value": "Bearer dc1d4380-80ad-4b95-b0f5-c2fee60defb5"
							},
							{
								"key": "If-None-Match",
								"value": "true",
								"type": "text",
								"disabled": true
							}
						],
						"url": {
							"raw": "https://iat-api.adp.com/talent/v2/associates/G372T336YEJ00G3E/associate-recognitions/169739432701_1",
							"protocol": "https",
							"host": [
								"iat-api",
								"adp",
								"com"
							],
							"path": [
								"talent",
								"v2",
								"associates",
								"G372T336YEJ00G3E",
								"associate-recognitions",
								"169739432701_1"
							]
						}
					},
					"response": []
				},
				{
					"name": "Neg-Retrieve an award with invalid itemID",
					"request": {
						"method": "GET",
						"header": [
							{
								"key": "Authorization",
								"type": "text",
								"value": "Bearer dc1d4380-80ad-4b95-b0f5-c2fee60defb5"
							},
							{
								"key": "If-None-Match",
								"value": "true",
								"type": "text",
								"disabled": true
							}
						],
						"url": {
							"raw": "https://iat-api.adp.com/talent/v2/associates/G372T336YEJ00G3E/associate-recognitions/169739432701_2",
							"protocol": "https",
							"host": [
								"iat-api",
								"adp",
								"com"
							],
							"path": [
								"talent",
								"v2",
								"associates",
								"G372T336YEJ00G3E",
								"associate-recognitions",
								"169739432701_2"
							]
						}
					},
					"response": []
				},
				{
					"name": "Neg-Retrieve the awards with invalid AOID",
					"request": {
						"method": "GET",
						"header": [
							{
								"key": "Authorization",
								"type": "text",
								"value": "Bearer dc1d4380-80ad-4b95-b0f5-c2fee60defb5"
							},
							{
								"key": "If-None-Match",
								"value": "true",
								"type": "text",
								"disabled": true
							}
						],
						"url": {
							"raw": "https://iat-api.adp.com/talent/v2/associates/G372T336YEJ00G3F/associate-recognitions",
							"protocol": "https",
							"host": [
								"iat-api",
								"adp",
								"com"
							],
							"path": [
								"talent",
								"v2",
								"associates",
								"G372T336YEJ00G3F",
								"associate-recognitions"
							]
						}
					},
					"response": []
				}
			],
			"protocolProfileBehavior": {}
		},
		{
			"name": "ADD associate-recognitions",
			"item": [
				{
					"name": "Add an award for an employee",
					"request": {
						"method": "POST",
						"header": [
							{
								"key": "Authorization",
								"type": "text",
								"value": "Bearer 868cb856-ae04-4a0f-a9fc-e1ba14588a7e"
							},
							{
								"key": "Content-Type",
								"name": "Content-Type",
								"type": "text",
								"value": "application/json",
								"disabled": true
							}
						],
						"body": {
							"mode": "raw",
							"raw": "{\n  \"events\": [\n    {\n      \"data\": {\n        \"transform\": {\n          \"associateRecognition\": {\n            \"nameCode\": {\n              \"codeValue\": \"TEST\",\n              \"longName\": \"TEST2\"\n            },\n            \"typeCode\": {\n              \"codeValue\": \"AWARD1\"\n              \n            },\n            \"issuingParty\": {\n              \"nameCode\": {\n                \"codeValue\": \"AWD\",\n                \"shortName\": \"Award1\"\n              }\n            },\n            \"issueDate\": \"2019-10-22\"\n          }\n        },\n        \"eventContext\": {\n          \"associateOID\": \"G372T336YEJ00G3E\"\n        }\n      },\n      \"actor\": {\n        \"associateOID\": \"G372T336YEJ00G3E\"\n      },\n      \"serviceCategoryCode\": {\n        \"codeValue\": \"workerTalentManagement\"\n      },\n      \"eventNameCode\": {\n        \"codeValue\": \"associate.ksaoc.recognition.add\"\n      }\n    }\n  ]\n}",
							"options": {
								"raw": {
									"language": "json"
								}
							}
						},
						"url": {
							"raw": "https://iat-api.adp.com/events/talent/v1/associate.ksaoc.recognition.add",
							"protocol": "https",
							"host": [
								"iat-api",
								"adp",
								"com"
							],
							"path": [
								"events",
								"talent",
								"v1",
								"associate.ksaoc.recognition.add"
							]
						}
					},
					"response": []
				},
				{
					"name": "Neg-Add an award with invalid award type for an employee",
					"request": {
						"method": "POST",
						"header": [
							{
								"key": "Authorization",
								"type": "text",
								"value": "Bearer 868cb856-ae04-4a0f-a9fc-e1ba14588a7e"
							},
							{
								"key": "Content-Type",
								"name": "Content-Type",
								"type": "text",
								"value": "application/json",
								"disabled": true
							}
						],
						"body": {
							"mode": "raw",
							"raw": "{\r  \"events\": [\r    {\r      \"data\": {\r        \"transform\": {\r          \"associateRecognition\": {\r            \"nameCode\": {\r              \"codeValue\": \"TEST\",\r              \"longName\": \"TEST2\"\r            },\r            \"typeCode\": {\r              \"codeValue\": \"AWARD11\"\r              \r            },\r            \"issuingParty\": {\r              \"nameCode\": {\r                \"codeValue\": \"AWD\",\r                \"shortName\": \"Award1\"\r              }\r            },\r            \"issueDate\": \"2019-10-22\"\r          }\r        },\r        \"eventContext\": {\r          \"associateOID\": \"G372T336YEJ00G3E\"\r        }\r      },\r      \"actor\": {\r        \"associateOID\": \"G372T336YEJ00G3E\"\r      },\r      \"serviceCategoryCode\": {\r        \"codeValue\": \"workerTalentManagement\"\r      },\r      \"eventNameCode\": {\r        \"codeValue\": \"associate.ksaoc.recognition.add\"\r      }\r    }\r  ]\r}",
							"options": {
								"raw": {
									"language": "json"
								}
							}
						},
						"url": {
							"raw": "https://iat-api.adp.com/events/talent/v1/associate.ksaoc.recognition.add",
							"protocol": "https",
							"host": [
								"iat-api",
								"adp",
								"com"
							],
							"path": [
								"events",
								"talent",
								"v1",
								"associate.ksaoc.recognition.add"
							]
						}
					},
					"response": []
				},
				{
					"name": "Neg-Add an award with invalid date format",
					"request": {
						"method": "POST",
						"header": [
							{
								"key": "Authorization",
								"type": "text",
								"value": "Bearer 868cb856-ae04-4a0f-a9fc-e1ba14588a7e"
							},
							{
								"key": "Content-Type",
								"name": "Content-Type",
								"type": "text",
								"value": "application/json",
								"disabled": true
							}
						],
						"body": {
							"mode": "raw",
							"raw": "{\r  \"events\": [\r    {\r      \"data\": {\r        \"transform\": {\r          \"associateRecognition\": {\r            \"nameCode\": {\r              \"codeValue\": \"TEST\",\r              \"longName\": \"TEST2\"\r            },\r            \"typeCode\": {\r              \"codeValue\": \"AWARD11\"\r              \r            },\r            \"issuingParty\": {\r              \"nameCode\": {\r                \"codeValue\": \"AWD\",\r                \"shortName\": \"Award1\"\r              }\r            },\r            \"issueDate\": \"2019-10-22\"\r          }\r        },\r        \"eventContext\": {\r          \"associateOID\": \"G372T336YEJ00G3E\"\r        }\r      },\r      \"actor\": {\r        \"associateOID\": \"G372T336YEJ00G3E\"\r      },\r      \"serviceCategoryCode\": {\r        \"codeValue\": \"workerTalentManagement\"\r      },\r      \"eventNameCode\": {\r        \"codeValue\": \"associate.ksaoc.recognition.add\"\r      }\r    }\r  ]\r}",
							"options": {
								"raw": {
									"language": "json"
								}
							}
						},
						"url": {
							"raw": "https://iat-api.adp.com/events/talent/v1/associate.ksaoc.recognition.add",
							"protocol": "https",
							"host": [
								"iat-api",
								"adp",
								"com"
							],
							"path": [
								"events",
								"talent",
								"v1",
								"associate.ksaoc.recognition.add"
							]
						}
					},
					"response": []
				},
				{
					"name": "Add an award for an employee-Meta call",
					"protocolProfileBehavior": {
						"disableBodyPruning": true
					},
					"request": {
						"method": "GET",
						"header": [
							{
								"key": "Authorization",
								"type": "text",
								"value": "Bearer 868cb856-ae04-4a0f-a9fc-e1ba14588a7e"
							},
							{
								"key": "Content-Type",
								"name": "Content-Type",
								"type": "text",
								"value": "application/json",
								"disabled": true
							}
						],
						"body": {
							"mode": "raw",
							"raw": "",
							"options": {
								"raw": {
									"language": "json"
								}
							}
						},
						"url": {
							"raw": "https://iat-api.adp.com/events/talent/v1/associate.ksaoc.recognition.add/meta",
							"protocol": "https",
							"host": [
								"iat-api",
								"adp",
								"com"
							],
							"path": [
								"events",
								"talent",
								"v1",
								"associate.ksaoc.recognition.add",
								"meta"
							]
						}
					},
					"response": []
				}
			],
			"protocolProfileBehavior": {}
		},
		{
			"name": "CHANGE associate-recognitions",
			"item": [
				{
					"name": "Update the award for an employee with valid item ID",
					"request": {
						"method": "POST",
						"header": [
							{
								"key": "Authorization",
								"type": "text",
								"value": "Bearer 868cb856-ae04-4a0f-a9fc-e1ba14588a7e"
							},
							{
								"key": "Content-Type",
								"name": "Content-Type",
								"value": "application/json",
								"type": "text"
							}
						],
						"body": {
							"mode": "raw",
							"raw": "{\r  \"events\": [\r    {\r      \"data\": {\r        \"transform\": {\r          \"associateRecognition\": {\r            \"nameCode\": {\r              \"codeValue\": \"TEST\",\r              \"longName\": \"TEST2\"\r            },\r            \"issuingParty\": {\r              \"nameCode\": {\r                \"codeValue\": \"AWD\",\r                \"shortName\": \"Award1\"\r              }\r            },\r            \"issueDate\": \"2019-10-22\",\r            \"typeCode\": {\r              \"codeValue\": \"AWARD2\"\r            }\r          }\r        },\r        \"eventContext\": {\r          \"associateOID\": \"G372T336YEJ00G3E\",\r          \"associateRecognition\": {\r            \"itemID\": \"169739352511_58\"\r          }\r        }\r      },\r      \"actor\": {\r        \"associateOID\": \"G372T336YEJ00G3E\"\r      },\r      \"serviceCategoryCode\": {\r        \"codeValue\": \"workerTalentManagement\"\r      },\r      \"eventNameCode\": {\r        \"codeValue\": \"associate.ksaoc.recognition.change\"\r      }\r    }\r  ]\r}",
							"options": {
								"raw": {
									"language": "json"
								}
							}
						},
						"url": {
							"raw": "https://iat-api.adp.com/events/talent/v1/associate.ksaoc.recognition.change",
							"protocol": "https",
							"host": [
								"iat-api",
								"adp",
								"com"
							],
							"path": [
								"events",
								"talent",
								"v1",
								"associate.ksaoc.recognition.change"
							]
						}
					},
					"response": []
				},
				{
					"name": "Update the award for an employee-meta call",
					"protocolProfileBehavior": {
						"disableBodyPruning": true
					},
					"request": {
						"method": "GET",
						"header": [
							{
								"key": "Authorization",
								"type": "text",
								"value": "Bearer 868cb856-ae04-4a0f-a9fc-e1ba14588a7e"
							},
							{
								"key": "Content-Type",
								"name": "Content-Type",
								"type": "text",
								"value": "application/json",
								"disabled": true
							}
						],
						"body": {
							"mode": "raw",
							"raw": "{\r  \"events\": [\r    {\r      \"data\": {\r        \"transform\": {\r          \"associateRecognition\": {\r            \"nameCode\": {\r              \"codeValue\": \"TEST\",\r              \"longName\": \"TEST2\"\r            },\r            \"issuingParty\": {\r              \"nameCode\": {\r                \"codeValue\": \"AWD\",\r                \"shortName\": \"Award1\"\r              }\r            },\r            \"issueDate\": \"2019-10-22\",\r            \"typeCode\": {\r              \"codeValue\": \"AWARD2\"\r            }\r          }\r        },\r        \"eventContext\": {\r          \"associateOID\": \"G372T336YEJ00G3E\",\r          \"associateRecognition\": {\r            \"itemID\": \"169739352511_58\"\r          }\r        }\r      },\r      \"actor\": {\r        \"associateOID\": \"G372T336YEJ00G3E\"\r      },\r      \"serviceCategoryCode\": {\r        \"codeValue\": \"workerTalentManagement\"\r      },\r      \"eventNameCode\": {\r        \"codeValue\": \"associate.ksaoc.recognition.change\"\r      }\r    }\r  ]\r}",
							"options": {
								"raw": {
									"language": "json"
								}
							}
						},
						"url": {
							"raw": "https://iat-api.adp.com/events/talent/v1/associate.ksaoc.recognition.change/meta",
							"protocol": "https",
							"host": [
								"iat-api",
								"adp",
								"com"
							],
							"path": [
								"events",
								"talent",
								"v1",
								"associate.ksaoc.recognition.change",
								"meta"
							]
						}
					},
					"response": []
				},
				{
					"name": "Neg-Update an award for an employee with invalid itemID",
					"request": {
						"method": "POST",
						"header": [
							{
								"key": "Authorization",
								"type": "text",
								"value": "Bearer 868cb856-ae04-4a0f-a9fc-e1ba14588a7e"
							},
							{
								"key": "Content-Type",
								"name": "Content-Type",
								"type": "text",
								"value": "application/json"
							}
						],
						"body": {
							"mode": "raw",
							"raw": "{\r  \"events\": [\r    {\r      \"data\": {\r        \"transform\": {\r          \"associateRecognition\": {\r            \"nameCode\": {\r              \"codeValue\": \"TEST\",\r              \"longName\": \"TEST2\"\r            },\r            \"issuingParty\": {\r              \"nameCode\": {\r                \"codeValue\": \"AWD\",\r                \"shortName\": \"Award1\"\r              }\r            },\r            \"issueDate\": \"2019-10-22\",\r            \"typeCode\": {\r              \"codeValue\": \"AWARD1\"\r            }\r          }\r        },\r        \"eventContext\": {\r          \"associateOID\": \"G372T336YEJ00G3E\",\r          \"associateRecognition\": {\r            \"itemID\": \"169739352511_5\"\r          }\r        }\r      },\r      \"actor\": {\r        \"associateOID\": \"G372T336YEJ00G3E\"\r      },\r      \"serviceCategoryCode\": {\r        \"codeValue\": \"workerTalentManagement\"\r      },\r      \"eventNameCode\": {\r        \"codeValue\": \"associate.ksaoc.recognition.change\"\r      }\r    }\r  ]\r}",
							"options": {
								"raw": {
									"language": "json"
								}
							}
						},
						"url": {
							"raw": "https://iat-api.adp.com/events/talent/v1/associate.ksaoc.recognition.change",
							"protocol": "https",
							"host": [
								"iat-api",
								"adp",
								"com"
							],
							"path": [
								"events",
								"talent",
								"v1",
								"associate.ksaoc.recognition.change"
							]
						}
					},
					"response": []
				},
				{
					"name": "Neg-Update a award for an employee with invalid Award Type",
					"request": {
						"method": "POST",
						"header": [
							{
								"key": "Authorization",
								"type": "text",
								"value": "Bearer 868cb856-ae04-4a0f-a9fc-e1ba14588a7e"
							},
							{
								"key": "Content-Type",
								"name": "Content-Type",
								"type": "text",
								"value": "application/json"
							}
						],
						"body": {
							"mode": "raw",
							"raw": "{\r  \"events\": [\r    {\r      \"data\": {\r        \"transform\": {\r          \"associateRecognition\": {\r            \"nameCode\": {\r              \"codeValue\": \"TEST11\",\r              \"longName\": \"TEST2\"\r            },\r            \"issuingParty\": {\r              \"nameCode\": {\r                \"codeValue\": \"AWD\",\r                \"shortName\": \"Award1\"\r              }\r            },\r            \"issueDate\": \"2019-10-22\",\r            \"typeCode\": {\r              \"codeValue\": \"AWARD11\"\r            }\r          }\r        },\r        \"eventContext\": {\r          \"associateOID\": \"G372T336YEJ00G3E\",\r          \"associateRecognition\": {\r            \"itemID\": \"169739432703_1\"\r          }\r        }\r      },\r      \"actor\": {\r        \"associateOID\": \"G372T336YEJ00G3E\"\r      },\r      \"serviceCategoryCode\": {\r        \"codeValue\": \"workerTalentManagement\"\r      },\r      \"eventNameCode\": {\r        \"codeValue\": \"associate.ksaoc.recognition.change\"\r      }\r    }\r  ]\r}",
							"options": {
								"raw": {
									"language": "json"
								}
							}
						},
						"url": {
							"raw": "https://iat-api.adp.com/events/talent/v1/associate.ksaoc.recognition.change",
							"protocol": "https",
							"host": [
								"iat-api",
								"adp",
								"com"
							],
							"path": [
								"events",
								"talent",
								"v1",
								"associate.ksaoc.recognition.change"
							]
						}
					},
					"response": []
				},
				{
					"name": "Neg-Update an award for invalid employee",
					"request": {
						"method": "POST",
						"header": [
							{
								"key": "Authorization",
								"type": "text",
								"value": "Bearer 868cb856-ae04-4a0f-a9fc-e1ba14588a7e"
							},
							{
								"key": "Content-Type",
								"name": "Content-Type",
								"type": "text",
								"value": "application/json"
							}
						],
						"body": {
							"mode": "raw",
							"raw": "{\r  \"events\": [\r    {\r      \"data\": {\r        \"transform\": {\r          \"associateRecognition\": {\r            \"nameCode\": {\r              \"codeValue\": \"TEST11\",\r              \"longName\": \"TEST2\"\r            },\r            \"issuingParty\": {\r              \"nameCode\": {\r                \"codeValue\": \"AWD\",\r                \"shortName\": \"Award1\"\r              }\r            },\r            \"issueDate\": \"2019-10-22\",\r            \"typeCode\": {\r              \"codeValue\": \"AWARD1\"\r            }\r          }\r        },\r        \"eventContext\": {\r          \"associateOID\": \"G372T336YEJ00G3\",\r          \"associateRecognition\": {\r            \"itemID\": \"169739432703_1\"\r          }\r        }\r      },\r      \"actor\": {\r        \"associateOID\": \"G372T336YEJ00G3E\"\r      },\r      \"serviceCategoryCode\": {\r        \"codeValue\": \"workerTalentManagement\"\r      },\r      \"eventNameCode\": {\r        \"codeValue\": \"associate.ksaoc.recognition.change\"\r      }\r    }\r  ]\r}",
							"options": {
								"raw": {
									"language": "json"
								}
							}
						},
						"url": {
							"raw": "https://iat-api.adp.com/events/talent/v1/associate.ksaoc.recognition.change",
							"protocol": "https",
							"host": [
								"iat-api",
								"adp",
								"com"
							],
							"path": [
								"events",
								"talent",
								"v1",
								"associate.ksaoc.recognition.change"
							]
						}
					},
					"response": []
				}
			],
			"protocolProfileBehavior": {}
		},
		{
			"name": "REMOVE associate-recognitions",
			"item": [
				{
					"name": "Remove an award or recognition of an employee",
					"request": {
						"method": "POST",
						"header": [
							{
								"key": "Authorization",
								"type": "text",
								"value": "Bearer 6a6b47f8-40eb-482d-8467-78713f4058ba"
							},
							{
								"key": "Content-Type",
								"name": "Content-Type",
								"type": "text",
								"value": "application/json"
							}
						],
						"body": {
							"mode": "raw",
							"raw": "{\r  \"events\": [\r    {\r      \"data\": {\r        \"eventContext\": {\r          \"associateOID\": \"G372T336YEJ00G3E\",\r          \"associateRecognition\": {\r            \"itemID\": \"169739352511_58\"\r          }\r        }\r      },\r      \"actor\": {\r        \"associateOID\": \"G372T336YEJ00G3E\"\r      },\r      \"serviceCategoryCode\": {\r        \"codeValue\": \"workerTalentManagement\"\r      },\r      \"eventNameCode\": {\r        \"codeValue\": \"associate.ksaoc.recognition.remove\"\r      }\r    }\r  ]\r}",
							"options": {
								"raw": {
									"language": "json"
								}
							}
						},
						"url": {
							"raw": "https://iat-api.adp.com/events/talent/v1/associate.ksaoc.recognition.remove",
							"protocol": "https",
							"host": [
								"iat-api",
								"adp",
								"com"
							],
							"path": [
								"events",
								"talent",
								"v1",
								"associate.ksaoc.recognition.remove"
							]
						}
					},
					"response": []
				},
				{
					"name": "Remove an award or recognition of an employee-meta call",
					"protocolProfileBehavior": {
						"disableBodyPruning": true
					},
					"request": {
						"method": "GET",
						"header": [
							{
								"key": "Authorization",
								"type": "text",
								"value": "Bearer 6a6b47f8-40eb-482d-8467-78713f4058ba"
							},
							{
								"key": "Content-Type",
								"name": "Content-Type",
								"type": "text",
								"value": "application/json"
							}
						],
						"body": {
							"mode": "raw",
							"raw": "{\r  \"events\": [\r    {\r      \"data\": {\r        \"eventContext\": {\r          \"associateOID\": \"G372T336YEJ00G3E\",\r          \"associateRecognition\": {\r            \"itemID\": \"169739352511_58\"\r          }\r        }\r      },\r      \"actor\": {\r        \"associateOID\": \"G372T336YEJ00G3E\"\r      },\r      \"serviceCategoryCode\": {\r        \"codeValue\": \"workerTalentManagement\"\r      },\r      \"eventNameCode\": {\r        \"codeValue\": \"associate.ksaoc.recognition.remove\"\r      }\r    }\r  ]\r}",
							"options": {
								"raw": {
									"language": "json"
								}
							}
						},
						"url": {
							"raw": "https://iat-api.adp.com/events/talent/v1/associate.ksaoc.recognition.remove/meta",
							"protocol": "https",
							"host": [
								"iat-api",
								"adp",
								"com"
							],
							"path": [
								"events",
								"talent",
								"v1",
								"associate.ksaoc.recognition.remove",
								"meta"
							]
						}
					},
					"response": []
				},
				{
					"name": "Neg-Remove an award for an employee with invalid item ID",
					"request": {
						"method": "POST",
						"header": [
							{
								"key": "Authorization",
								"type": "text",
								"value": "Bearer 6a6b47f8-40eb-482d-8467-78713f4058ba"
							},
							{
								"key": "Content-Type",
								"name": "Content-Type",
								"type": "text",
								"value": "application/json"
							}
						],
						"body": {
							"mode": "raw",
							"raw": "{\r  \"events\": [\r    {\r      \"data\": {\r        \"eventContext\": {\r          \"associateOID\": \"G372T336YEJ00G3E\",\r          \"associateRecognition\": {\r            \"itemID\": \"169739352511_58\"\r          }\r        }\r      },\r      \"actor\": {\r        \"associateOID\": \"G372T336YEJ00G3E\"\r      },\r      \"serviceCategoryCode\": {\r        \"codeValue\": \"workerTalentManagement\"\r      },\r      \"eventNameCode\": {\r        \"codeValue\": \"associate.ksaoc.recognition.remove\"\r      }\r    }\r  ]\r}",
							"options": {
								"raw": {
									"language": "json"
								}
							}
						},
						"url": {
							"raw": "https://iat-api.adp.com/events/talent/v1/associate.ksaoc.recognition.remove",
							"protocol": "https",
							"host": [
								"iat-api",
								"adp",
								"com"
							],
							"path": [
								"events",
								"talent",
								"v1",
								"associate.ksaoc.recognition.remove"
							]
						}
					},
					"response": []
				},
				{
					"name": "Neg-Remove an award for an invalid employee",
					"request": {
						"method": "POST",
						"header": [
							{
								"key": "Authorization",
								"type": "text",
								"value": "Bearer 6a6b47f8-40eb-482d-8467-78713f4058ba"
							},
							{
								"key": "Content-Type",
								"name": "Content-Type",
								"type": "text",
								"value": "application/json"
							}
						],
						"body": {
							"mode": "raw",
							"raw": "{\r  \"events\": [\r    {\r      \"data\": {\r        \"eventContext\": {\r          \"associateOID\": \"G372T336YEJ00G3\",\r          \"associateRecognition\": {\r            \"itemID\": \"169739432703_1\"\r          }\r        }\r      },\r      \"actor\": {\r        \"associateOID\": \"G372T336YEJ00G3E\"\r      },\r      \"serviceCategoryCode\": {\r        \"codeValue\": \"workerTalentManagement\"\r      },\r      \"eventNameCode\": {\r        \"codeValue\": \"associate.ksaoc.recognition.remove\"\r      }\r    }\r  ]\r}",
							"options": {
								"raw": {
									"language": "json"
								}
							}
						},
						"url": {
							"raw": "https://iat-api.adp.com/events/talent/v1/associate.ksaoc.recognition.remove",
							"protocol": "https",
							"host": [
								"iat-api",
								"adp",
								"com"
							],
							"path": [
								"events",
								"talent",
								"v1",
								"associate.ksaoc.recognition.remove"
							]
						}
					},
					"response": []
				}
			],
			"protocolProfileBehavior": {}
		},
		{
			"name": "Workers call",
			"request": {
				"method": "GET",
				"header": [
					{
						"key": "Authorization",
						"value": "Bearer 298b620f-9091-4a1c-bf69-c3e015e3f36a",
						"type": "text"
					}
				],
				"url": {
					"raw": "https://iat-api.adp.com/hr/v2/workers/G372T336YEJ00G3E",
					"protocol": "https",
					"host": [
						"iat-api",
						"adp",
						"com"
					],
					"path": [
						"hr",
						"v2",
						"workers",
						"G372T336YEJ00G3E"
					]
				}
			},
			"response": []
		},
		{
			"name": "Access Token call _IAT",
			"request": {
				"method": "POST",
				"header": [
					{
						"key": "Content-Type",
						"name": "Content-Type",
						"value": "application/x-www-form-urlencoded",
						"type": "text"
					}
				],
				"body": {
					"mode": "urlencoded",
					"urlencoded": [
						{
							"key": "grant_type",
							"value": "client_credentials",
							"type": "text"
						},
						{
							"key": "client_id",
							"value": "clientID here",
							"type": "text"
						},
						{
							"key": "client_secret",
							"value": "client_secret here",
							"type": "text"
						}
					]
				},
				"url": {
					"raw": "https://iat-api.adp.com/auth/oauth/v2/token",
					"protocol": "https",
					"host": [
						"iat-api",
						"adp",
						"com"
					],
					"path": [
						"auth",
						"oauth",
						"v2",
						"token"
					]
				}
			},
			"response": []
		},
		{
			"name": "core/v1/event-notification-messages",
			"request": {
				"method": "GET",
				"header": [
					{
						"key": "Authorization",
						"value": "Bearer aa3f739b-ce3c-473e-8353-6038d662a092"
					},
					{
						"key": "prefer",
						"value": "/adp/long-polling",
						"disabled": true
					}
				],
				"url": {
					"raw": "https://iat-api.adp.com/core/v1/event-notification-messages",
					"protocol": "https",
					"host": [
						"iat-api",
						"adp",
						"com"
					],
					"path": [
						"core",
						"v1",
						"event-notification-messages"
					]
				}
			},
			"response": []
		},
		{
			"name": "core/v1/event-notification-messages",
			"request": {
				"method": "DELETE",
				"header": [
					{
						"key": "Authorization",
						"value": "Bearer aa3f739b-ce3c-473e-8353-6038d662a092"
					},
					{
						"key": "prefer",
						"value": "/adp/long-polling",
						"disabled": true
					}
				],
				"url": {
					"raw": "https://iat-api.adp.com/core/v1/event-notification-messages/0x_414d51204253494e464f4251313120201beda15df1ac1224",
					"protocol": "https",
					"host": [
						"iat-api",
						"adp",
						"com"
					],
					"path": [
						"core",
						"v1",
						"event-notification-messages",
						"0x_414d51204253494e464f4251313120201beda15df1ac1224"
					]
				}
			},
			"response": []
		}
	],
	"protocolProfileBehavior": {}
}