{
	"info": {
		"_postman_id": "4bc97e5c-1409-4e77-895b-e92a796ebd4a",
		"name": "Worker Rehire-WFN-IAT-GITHUB B2B",
		"schema": "https://schema.getpostman.com/json/collection/v2.1.0/collection.json"
	},
	"item": [
		{
			"name": "POST - ACCESS TOKEN CALL",
			"event": [
				{
					"listen": "test",
					"script": {
						"id": "98683a39-6c29-430f-aad7-dab7f560ec52",
						"exec": [
							"",
							"",
							"// parse JSON data",
							"let jsonData = pm.response.json()",
							"console.log ('JSON response: ', jsonData)",
							"",
							"let access_token = jsonData.access_token",
							"console.log (access_token)",
							"pm.globals.set(\"accessToken-iat-wfn\", access_token);",
							"",
							"// status code is 200",
							"",
							"pm.test(\"Status code is 200\", function () {",
							"    pm.response.to.have.status(200);",
							"});"
						],
						"type": "text/javascript"
					}
				}
			],
			"request": {
				"method": "POST",
				"header": [
					{
						"key": "Content-Type",
						"name": "Content-Type",
						"value": "application/x-www-form-urlencoded",
						"type": "text"
					}
				],
				"body": {
					"mode": "urlencoded",
					"urlencoded": [
						{
							"key": "grant_type",
							"value": "client_credentials",
							"type": "text"
						},
						{
							"key": "client_id",
							"value": "Paste clientID here",
							"type": "text"
						},
						{
							"key": "client_secret",
							"value": "Paste Client secret here",
							"type": "text"
						}
					]
				},
				"url": {
					"raw": "https://iat-api.adp.com/auth/oauth/v2/token",
					"protocol": "https",
					"host": [
						"iat-api",
						"adp",
						"com"
					],
					"path": [
						"auth",
						"oauth",
						"v2",
						"token"
					]
				}
			},
			"response": []
		},
		{
			"name": "worker rehire meta",
			"event": [
				{
					"listen": "test",
					"script": {
						"type": "text/javascript",
						"exec": [
							"",
							"",
							"",
							"// parse JSON data",
							"let jsonData = pm.response.json()",
							"console.log ('JSON response: ', jsonData)",
							"",
							"let active_Indicator_value = jsonData.beneficiaries[0].activeIndicator;",
							"console.log (active_Indicator_value);",
							"",
							"",
							"pm.test(\"Verify the first Beneficiaries element has active_Indicator_value is false\", function () {",
							"   pm.expect(active_Indicator_value).to.eql(false);",
							"});",
							"",
							""
						],
						"id": "d8e6bcb0-d6b5-4dcf-8238-4556671774aa"
					}
				}
			],
			"protocolProfileBehavior": {
				"disableBodyPruning": true
			},
			"request": {
				"method": "GET",
				"header": [
					{
						"key": "Authorization",
						"type": "text",
						"value": "Bearer {{accessToken-iat-wfn}}"
					},
					{
						"key": "sm_transactionid",
						"type": "text",
						"value": "benefit04",
						"disabled": true
					},
					{
						"key": "Accept",
						"type": "text",
						"value": "application/json;masked=false"
					},
					{
						"key": "If-None-Match",
						"type": "text",
						"value": "true",
						"disabled": true
					},
					{
						"key": "",
						"name": "Content-Type",
						"type": "text",
						"value": "",
						"disabled": true
					},
					{
						"key": "Content-Type",
						"name": "Content-Type",
						"type": "text",
						"value": "application/json"
					}
				],
				"body": {
					"mode": "raw",
					"raw": "{\n    \"id\": {\n        \"value\": \"FSA2020\"\n    },\n    \"alternateId\": {\n        \"value\": \"FSA2020\"\n    },\n    \"legalPlanName\": \"FSA Plan 2020\",\n    \"providerId\": {\n        \"value\": \"DBI\"\n    },\n    \"productCode\": \"MedicalFSA\",\n    \"effectivePeriod\": {\n        \"validFrom\": \"2020-01-01\"\n    },\n    \"originalEffectiveDate\": \"2020-01-01\",\n    \"planAnniversary\": \"1/1\",\n    \"waitingRuleType\": [\n        {\n            \"rollForwardIndicator\": true,\n            \"ruleValue\": 2,\n            \"waitingRuleEventCode\": \"NewHire\",\n            \"waitingRuleTypeCode\": \"FirstOfMonthAfterXMonths\"\n        },\n        {\n            \"rollForwardIndicator\": true,\n            \"ruleValue\": 0,\n            \"waitingRuleEventCode\": \"WorkEvent\",\n            \"waitingRuleTypeCode\": \"HireDate\"\n        }\n    ],\n    \"accountBasedPlanSetupType\": {\n        \"accountBasedCoverageLevels\": [\n            {\n                \"employerContributionType\": {\n                    \"contributionAmount\": {\n                        \"currency\": \"USD\",\n                        \"value\": 2000\n                    },\n                    \"contributionType\": \"Flat\"\n                },\n                \"maximumContribution\": {\n                    \"currency\": \"USD\",\n                    \"value\": 2500\n                },\n                \"minimumContribution\": {\n                    \"currency\": \"USD\",\n                    \"value\": 0\n                },\n                \"coverageLevelTierType\": \"Employee\"\n            }\n        ]\n    }\n}\n",
					"options": {
						"raw": {
							"language": "json"
						}
					}
				},
				"url": {
					"raw": "https://iat-api.adp.com/events/hr/v1/worker.rehire/meta",
					"protocol": "https",
					"host": [
						"iat-api",
						"adp",
						"com"
					],
					"path": [
						"events",
						"hr",
						"v1",
						"worker.rehire",
						"meta"
					]
				}
			},
			"response": []
		},
		{
			"name": "200-worker Rehire",
			"event": [
				{
					"listen": "test",
					"script": {
						"type": "text/javascript",
						"exec": [
							"",
							"",
							"",
							"// parse JSON data",
							"let jsonData = pm.response.json()",
							"console.log ('JSON response: ', jsonData)",
							"",
							"let active_Indicator_value = jsonData.beneficiaries[0].activeIndicator;",
							"console.log (active_Indicator_value);",
							"",
							"",
							"pm.test(\"Verify the first Beneficiaries element has active_Indicator_value is false\", function () {",
							"   pm.expect(active_Indicator_value).to.eql(false);",
							"});",
							"",
							""
						],
						"id": "04283431-a893-49d0-a6ac-de6befc1b064"
					}
				}
			],
			"request": {
				"method": "POST",
				"header": [
					{
						"key": "Authorization",
						"type": "text",
						"value": "Bearer {{accessToken-iat-wfn}}"
					},
					{
						"key": "sm_transactionid",
						"type": "text",
						"value": "benefit04",
						"disabled": true
					},
					{
						"key": "Accept",
						"type": "text",
						"value": "application/json;masked=false"
					},
					{
						"key": "If-None-Match",
						"type": "text",
						"value": "true",
						"disabled": true
					},
					{
						"key": "",
						"name": "Content-Type",
						"type": "text",
						"value": "",
						"disabled": true
					},
					{
						"key": "Content-Type",
						"name": "Content-Type",
						"type": "text",
						"value": "application/json"
					}
				],
				"body": {
					"mode": "raw",
					"raw": "{\n    \"events\": [\n        {\n            \"data\":{\n                \"transform\":\n                    {\n                        \"effectiveDateTime\": \"2020-12-20\",\n                        \"worker\":\n                        {\n                            \"associateOID\": \"G3Q4RPS55N7JVWES\",\n                            \"workerDates\":\n                            {\n                                \"rehireDate\": \"2020-12-20\"\n                            },\n                            \"workerStatus\":\n                            {\n                                \"reasonCode\": {\n                                    \"codeValue\": \"CURR\"\n                                }\n                            }\n                        }\n                    }\n               \n            }\n        }\n    ]\n}\n ",
					"options": {
						"raw": {
							"language": "json"
						}
					}
				},
				"url": {
					"raw": "https://iat-api.adp.com/events/hr/v1/worker.rehire",
					"protocol": "https",
					"host": [
						"iat-api",
						"adp",
						"com"
					],
					"path": [
						"events",
						"hr",
						"v1",
						"worker.rehire"
					]
				}
			},
			"response": []
		},
		{
			"name": "400-Rehire-Invalid-ReasonCode",
			"event": [
				{
					"listen": "test",
					"script": {
						"id": "3a77d0ef-723b-4faa-830d-6e7f1794bf37",
						"exec": [
							"",
							"",
							"",
							"// parse JSON data",
							"let jsonData = pm.response.json()",
							"console.log ('JSON response: ', jsonData)",
							"",
							"let active_Indicator_value = jsonData.beneficiaries[0].activeIndicator;",
							"console.log (active_Indicator_value);",
							"",
							"",
							"pm.test(\"Verify the first Beneficiaries element has active_Indicator_value is false\", function () {",
							"   pm.expect(active_Indicator_value).to.eql(false);",
							"});",
							"",
							""
						],
						"type": "text/javascript"
					}
				}
			],
			"request": {
				"method": "POST",
				"header": [
					{
						"key": "Authorization",
						"type": "text",
						"value": "Bearer {{accessToken-iat-wfn}}"
					},
					{
						"key": "sm_transactionid",
						"type": "text",
						"value": "benefit04",
						"disabled": true
					},
					{
						"key": "Accept",
						"type": "text",
						"value": "application/json;masked=false"
					},
					{
						"key": "If-None-Match",
						"type": "text",
						"value": "true",
						"disabled": true
					},
					{
						"key": "",
						"name": "Content-Type",
						"type": "text",
						"value": "",
						"disabled": true
					},
					{
						"key": "Content-Type",
						"name": "Content-Type",
						"type": "text",
						"value": "application/json"
					}
				],
				"body": {
					"mode": "raw",
					"raw": "{\n  \"events\": [\n    {\n      \"data\": {\n        \"transform\": {\n          \"effectiveDateTime\": \"2020-12-22\",\n          \"worker\": {\n            \"associateOID\": \"G327P966TFWM5XDC\",\n            \"workerDates\": {\n              \"rehireDate\": \"2020-12-20\"\n            },\n            \"workerStatus\": {\n              \"reasonCode\": {\n                \"codeValue\": \"CURR123\"\n              }\n            },\n            \"workAssignment\":{\n              \"positionID\":\"94N105105\"\n            }\n          }\n        }\n      }\n    }\n  ]\n}",
					"options": {
						"raw": {
							"language": "json"
						}
					}
				},
				"url": {
					"raw": "https://iat-api.adp.com/events/hr/v1/worker.rehire",
					"protocol": "https",
					"host": [
						"iat-api",
						"adp",
						"com"
					],
					"path": [
						"events",
						"hr",
						"v1",
						"worker.rehire"
					]
				}
			},
			"response": []
		},
		{
			"name": "400-Rehire-Invalid-PositionID",
			"event": [
				{
					"listen": "test",
					"script": {
						"id": "292f5ac7-234b-4f21-b58c-c7bedc8c30ee",
						"exec": [
							"",
							"",
							"",
							"// parse JSON data",
							"let jsonData = pm.response.json()",
							"console.log ('JSON response: ', jsonData)",
							"",
							"let active_Indicator_value = jsonData.beneficiaries[0].activeIndicator;",
							"console.log (active_Indicator_value);",
							"",
							"",
							"pm.test(\"Verify the first Beneficiaries element has active_Indicator_value is false\", function () {",
							"   pm.expect(active_Indicator_value).to.eql(false);",
							"});",
							"",
							""
						],
						"type": "text/javascript"
					}
				}
			],
			"request": {
				"method": "POST",
				"header": [
					{
						"key": "Authorization",
						"type": "text",
						"value": "Bearer {{accessToken-iat-wfn}}"
					},
					{
						"key": "sm_transactionid",
						"type": "text",
						"value": "benefit04",
						"disabled": true
					},
					{
						"key": "Accept",
						"type": "text",
						"value": "application/json;masked=false"
					},
					{
						"key": "If-None-Match",
						"type": "text",
						"value": "true",
						"disabled": true
					},
					{
						"key": "",
						"name": "Content-Type",
						"type": "text",
						"value": "",
						"disabled": true
					},
					{
						"key": "Content-Type",
						"name": "Content-Type",
						"type": "text",
						"value": "application/json"
					}
				],
				"body": {
					"mode": "raw",
					"raw": "{\n  \"events\": [\n    {\n      \"data\": {\n        \"transform\": {\n          \"effectiveDateTime\": \"2020-12-22\",\n          \"worker\": {\n            \"associateOID\": \"G327P966TFWM5XDC\",\n            \"workerDates\": {\n              \"rehireDate\": \"2020-12-20\"\n            },\n            \"workerStatus\": {\n              \"reasonCode\": {\n                \"codeValue\": \"CURR123\"\n              }\n            },\n            \"workAssignment\":{\n              \"positionID\":\"94N10510512\"\n            }\n          }\n        }\n      }\n    }\n  ]\n}",
					"options": {
						"raw": {
							"language": "json"
						}
					}
				},
				"url": {
					"raw": "https://iat-api.adp.com/events/hr/v1/worker.rehire",
					"protocol": "https",
					"host": [
						"iat-api",
						"adp",
						"com"
					],
					"path": [
						"events",
						"hr",
						"v1",
						"worker.rehire"
					]
				}
			},
			"response": []
		},
		{
			"name": "400-Rehire-Invalid-RehireDate",
			"event": [
				{
					"listen": "test",
					"script": {
						"id": "4e4e1743-a9cc-4afa-830c-764c53fe0ef8",
						"exec": [
							"",
							"",
							"",
							"// parse JSON data",
							"let jsonData = pm.response.json()",
							"console.log ('JSON response: ', jsonData)",
							"",
							"let active_Indicator_value = jsonData.beneficiaries[0].activeIndicator;",
							"console.log (active_Indicator_value);",
							"",
							"",
							"pm.test(\"Verify the first Beneficiaries element has active_Indicator_value is false\", function () {",
							"   pm.expect(active_Indicator_value).to.eql(false);",
							"});",
							"",
							""
						],
						"type": "text/javascript"
					}
				}
			],
			"request": {
				"method": "POST",
				"header": [
					{
						"key": "Authorization",
						"type": "text",
						"value": "Bearer {{accessToken-iat-wfn}}"
					},
					{
						"key": "sm_transactionid",
						"type": "text",
						"value": "benefit04",
						"disabled": true
					},
					{
						"key": "Accept",
						"type": "text",
						"value": "application/json;masked=false"
					},
					{
						"key": "If-None-Match",
						"type": "text",
						"value": "true",
						"disabled": true
					},
					{
						"key": "",
						"name": "Content-Type",
						"type": "text",
						"value": "",
						"disabled": true
					},
					{
						"key": "Content-Type",
						"name": "Content-Type",
						"type": "text",
						"value": "application/json"
					}
				],
				"body": {
					"mode": "raw",
					"raw": "{\n  \"events\": [\n    {\n      \"data\": {\n        \"transform\": {\n          \"effectiveDateTime\": \"2020-12-22\",\n          \"worker\": {\n            \"associateOID\": \"G327P966TFWM5XDC\",\n            \"workerDates\": {\n              \"rehireDate\": \"22-12-2020\"\n            },\n            \"workerStatus\": {\n              \"reasonCode\": {\n                \"codeValue\": \"CURR\"\n              }\n            },\n            \"workAssignment\":{\n              \"positionID\":\"94N105105\"\n            }\n          }\n        }\n      }\n    }\n  ]\n}",
					"options": {
						"raw": {
							"language": "json"
						}
					}
				},
				"url": {
					"raw": "https://iat-api.adp.com/events/hr/v1/worker.rehire",
					"protocol": "https",
					"host": [
						"iat-api",
						"adp",
						"com"
					],
					"path": [
						"events",
						"hr",
						"v1",
						"worker.rehire"
					]
				}
			},
			"response": []
		},
		{
			"name": "400-Rehire-Invalid-AOID",
			"event": [
				{
					"listen": "test",
					"script": {
						"id": "dc78f1a2-266b-4b8c-a5b5-a458f7799ef5",
						"exec": [
							"",
							"",
							"",
							"// parse JSON data",
							"let jsonData = pm.response.json()",
							"console.log ('JSON response: ', jsonData)",
							"",
							"let active_Indicator_value = jsonData.beneficiaries[0].activeIndicator;",
							"console.log (active_Indicator_value);",
							"",
							"",
							"pm.test(\"Verify the first Beneficiaries element has active_Indicator_value is false\", function () {",
							"   pm.expect(active_Indicator_value).to.eql(false);",
							"});",
							"",
							""
						],
						"type": "text/javascript"
					}
				}
			],
			"request": {
				"method": "POST",
				"header": [
					{
						"key": "Authorization",
						"type": "text",
						"value": "Bearer {{accessToken-iat-wfn}}"
					},
					{
						"key": "sm_transactionid",
						"type": "text",
						"value": "benefit04",
						"disabled": true
					},
					{
						"key": "Accept",
						"type": "text",
						"value": "application/json;masked=false"
					},
					{
						"key": "If-None-Match",
						"type": "text",
						"value": "true",
						"disabled": true
					},
					{
						"key": "",
						"name": "Content-Type",
						"type": "text",
						"value": "",
						"disabled": true
					},
					{
						"key": "Content-Type",
						"name": "Content-Type",
						"type": "text",
						"value": "application/json"
					}
				],
				"body": {
					"mode": "raw",
					"raw": "{\n  \"events\": [\n    {\n      \"data\": {\n        \"transform\": {\n          \"effectiveDateTime\": \"2020-12-22\",\n          \"worker\": {\n            \"associateOID\": \"G327P966TFWM5XDC1\",\n            \"workerDates\": {\n              \"rehireDate\": \"2020-12-22\"\n            },\n            \"workerStatus\": {\n              \"reasonCode\": {\n                \"codeValue\": \"CURR\"\n              }\n            },\n            \"workAssignment\":{\n              \"positionID\":\"94N105105\"\n            }\n          }\n        }\n      }\n    }\n  ]\n}",
					"options": {
						"raw": {
							"language": "json"
						}
					}
				},
				"url": {
					"raw": "https://iat-api.adp.com/events/hr/v1/worker.rehire",
					"protocol": "https",
					"host": [
						"iat-api",
						"adp",
						"com"
					],
					"path": [
						"events",
						"hr",
						"v1",
						"worker.rehire"
					]
				}
			},
			"response": []
		},
		{
			"name": "workers",
			"event": [
				{
					"listen": "test",
					"script": {
						"type": "text/javascript",
						"exec": [
							"",
							"",
							"",
							"// parse JSON data",
							"let jsonData = pm.response.json()",
							"console.log ('JSON response: ', jsonData)",
							"",
							"let active_Indicator_value = jsonData.beneficiaries[0].activeIndicator;",
							"console.log (active_Indicator_value);",
							"",
							"",
							"pm.test(\"Verify the first Beneficiaries element has active_Indicator_value is false\", function () {",
							"   pm.expect(active_Indicator_value).to.eql(false);",
							"});",
							"",
							""
						],
						"id": "281bf2cb-7d18-4052-a728-126c69a87f4e"
					}
				}
			],
			"protocolProfileBehavior": {
				"disableBodyPruning": true
			},
			"request": {
				"method": "GET",
				"header": [
					{
						"key": "Authorization",
						"type": "text",
						"value": "Bearer {{accessToken-iat-wfn}}"
					},
					{
						"key": "sm_transactionid",
						"type": "text",
						"value": "benefit04",
						"disabled": true
					},
					{
						"key": "Accept",
						"type": "text",
						"value": "application/json;masked=false"
					},
					{
						"key": "If-None-Match",
						"type": "text",
						"value": "true",
						"disabled": true
					},
					{
						"key": "",
						"name": "Content-Type",
						"type": "text",
						"value": "",
						"disabled": true
					},
					{
						"key": "Content-Type",
						"name": "Content-Type",
						"type": "text",
						"value": "application/json"
					}
				],
				"body": {
					"mode": "raw",
					"raw": "{\n    \"id\": {\n        \"value\": \"FSA2020\"\n    },\n    \"alternateId\": {\n        \"value\": \"FSA2020\"\n    },\n    \"legalPlanName\": \"FSA Plan 2020\",\n    \"providerId\": {\n        \"value\": \"DBI\"\n    },\n    \"productCode\": \"MedicalFSA\",\n    \"effectivePeriod\": {\n        \"validFrom\": \"2020-01-01\"\n    },\n    \"originalEffectiveDate\": \"2020-01-01\",\n    \"planAnniversary\": \"1/1\",\n    \"waitingRuleType\": [\n        {\n            \"rollForwardIndicator\": true,\n            \"ruleValue\": 2,\n            \"waitingRuleEventCode\": \"NewHire\",\n            \"waitingRuleTypeCode\": \"FirstOfMonthAfterXMonths\"\n        },\n        {\n            \"rollForwardIndicator\": true,\n            \"ruleValue\": 0,\n            \"waitingRuleEventCode\": \"WorkEvent\",\n            \"waitingRuleTypeCode\": \"HireDate\"\n        }\n    ],\n    \"accountBasedPlanSetupType\": {\n        \"accountBasedCoverageLevels\": [\n            {\n                \"employerContributionType\": {\n                    \"contributionAmount\": {\n                        \"currency\": \"USD\",\n                        \"value\": 2000\n                    },\n                    \"contributionType\": \"Flat\"\n                },\n                \"maximumContribution\": {\n                    \"currency\": \"USD\",\n                    \"value\": 2500\n                },\n                \"minimumContribution\": {\n                    \"currency\": \"USD\",\n                    \"value\": 0\n                },\n                \"coverageLevelTierType\": \"Employee\"\n            }\n        ]\n    }\n}\n",
					"options": {
						"raw": {
							"language": "json"
						}
					}
				},
				"url": {
					"raw": "https://iat-api.adp.com/hr/v2/workers/G3Q4RPS55N7JVWES",
					"protocol": "https",
					"host": [
						"iat-api",
						"adp",
						"com"
					],
					"path": [
						"hr",
						"v2",
						"workers",
						"G3Q4RPS55N7JVWES"
					]
				}
			},
			"response": []
		}
	],
	"protocolProfileBehavior": {}
}