{
	"info": {
		"_postman_id": "044c5b9c-74de-4e5d-a85b-bdd376ccebb6",
		"name": "WorkAssignment-US-WFN-PROD GITHUB-B2B",
		"schema": "https://schema.getpostman.com/json/collection/v2.1.0/collection.json"
	},
	"item": [
		{
			"name": "Work assignment POST API",
			"item": [
				{
					"name": "work assignment-valid data",
					"request": {
						"method": "POST",
						"header": [
							{
								"key": "Authorization",
								"type": "text",
								"value": "Bearer d298f98e-bc95-4a9d-ba8b-2224c0571e6f"
							}
						],
						"body": {
							"mode": "raw",
							"raw": "{\r\n    \"events\": [\r\n        {\r\n            \"data\": {\r\n                \"eventContext\": {\r\n                    \"associateOID\": \"G30K404TED75E5GM\",\r\n                    \"workAssignmentID\": \"211_4\"\r\n                },\r\n                \"transform\": {\r\n                    \"effectiveDateTime\": \"11-2019-11\",\r\n                    \"eventReasonCode\": {\r\n                        \"codeValue\": \"DBLOAD\"\r\n                    },\r\n                    \"workAssignment\": {\r\n                        \"wageLawCoverage\": {\r\n                            \"coverageCode\": {\r\n                                \"codeValue\": \"N\"\r\n                            }\r\n                        },\r\n                        \"expectedStartDate\": \"2019-11-11\",\r\n                        \"jobTitle\": \"DA\",\r\n                        \"jobFunctionCode\": {\r\n                            \"codeValue\": \"A\"\r\n                        },\r\n                        \"managementPositionIndicator\": true,\r\n                        \"payGradeCode\": {\r\n                            \"codeValue\": \"AXA\"\r\n                        },\r\n                        \"industryClassifications\": [\r\n                            {\r\n                                \"classificationCode\": {\r\n                                    \"codeValue\": \"541200\"\r\n                                }\r\n                            }\r\n                        ],\r\n                        \"occupationalClassifications\": [\r\n                            {\r\n                                \"nameCode\": {\r\n                                    \"codeValue\": \"EEOC\"\r\n                                },\r\n                                \"classificationCode\": {\r\n                                    \"codeValue\": \"A\"\r\n                                }\r\n                            },\r\n                            {\r\n                                \"nameCode\": {\r\n                                    \"codeValue\": \"Job Class\"\r\n                                },\r\n                                \"classificationCode\": {\r\n                                    \"codeValue\": \"MG\"\r\n                                }\r\n                            }\r\n                        ],\r\n                        \"officerTypeCode\": {\r\n                             \"codeValue\": \"OWN\"\r\n                        }\r\n                    }\r\n                }\r\n            }\r\n        }\r\n    ]\r\n}\r\n",
							"options": {
								"raw": {
									"language": "json"
								}
							}
						},
						"url": {
							"raw": "https://api.adp.com/events/hr/v1/worker.work-assignment.modify",
							"protocol": "https",
							"host": [
								"api",
								"adp",
								"com"
							],
							"path": [
								"events",
								"hr",
								"v1",
								"worker.work-assignment.modify"
							]
						}
					},
					"response": []
				},
				{
					"name": "work assignment-meta call",
					"protocolProfileBehavior": {
						"disableBodyPruning": true
					},
					"request": {
						"method": "GET",
						"header": [
							{
								"key": "Authorization",
								"type": "text",
								"value": "Bearer d298f98e-bc95-4a9d-ba8b-2224c0571e6f"
							}
						],
						"body": {
							"mode": "raw",
							"raw": "",
							"options": {
								"raw": {
									"language": "json"
								}
							}
						},
						"url": {
							"raw": "https://api.adp.com/events/hr/v1/worker.work-assignment.modify/meta",
							"protocol": "https",
							"host": [
								"api",
								"adp",
								"com"
							],
							"path": [
								"events",
								"hr",
								"v1",
								"worker.work-assignment.modify",
								"meta"
							]
						}
					},
					"response": []
				},
				{
					"name": "Incorrect Associate Id",
					"request": {
						"method": "POST",
						"header": [
							{
								"key": "Authorization",
								"type": "text",
								"value": "Bearer d298f98e-bc95-4a9d-ba8b-2224c0571e6f"
							}
						],
						"body": {
							"mode": "raw",
							"raw": "{\r    \"events\": [\r        {\r            \"data\": {\r                \"eventContext\": {\r                    \"associateOID\": \"G30K404TED75E5GMM\",\r                    \"workAssignmentID\": \"211_4\"\r                },\r                \"transform\": {\r                    \"effectiveDateTime\": \"2019-11-06\",\r                    \"eventReasonCode\": {\r                        \"codeValue\": \"DBLOAD\"\r                    },\r                    \"workAssignment\": {\r                        \"wageLawCoverage\": {\r                            \"coverageCode\": {\r                                \"codeValue\": \"N\"\r                            }\r                        },\r                        \"expectedStartDate\": \"2019-11-07\",\r                        \"jobTitle\": \"DA\",\r                        \"jobFunctionCode\": {\r                            \"codeValue\": \"EN\"\r                        },\r                        \"managementPositionIndicator\": false,\r                        \"payGradeCode\": {\r                            \"codeValue\": \"AXA\"\r                        },\r                        \"industryClassifications\": [\r                            {\r                                \"classificationCode\": {\r                                    \"codeValue\": \"541200\"\r                                }\r                            }\r                        ],\r                        \"occupationalClassifications\": [\r                            {\r                                \"nameCode\": {\r                                    \"codeValue\": \"EEOC\"\r                                },\r                                \"classificationCode\": {\r                                    \"codeValue\": \"A\"\r                                }\r                            },\r                            {\r                                \"nameCode\": {\r                                    \"codeValue\": \"Job Class\"\r                                },\r                                \"classificationCode\": {\r                                    \"codeValue\": \"MG\"\r                                }\r                            }\r                        ],\r                        \"officerTypeCode\": {\r                             \"codeValue\": \"OWN\"\r                        }\r                    }\r                }\r            }\r        }\r    ]\r}",
							"options": {
								"raw": {
									"language": "json"
								}
							}
						},
						"url": {
							"raw": "https://api.adp.com/events/hr/v1/worker.work-assignment.modify",
							"protocol": "https",
							"host": [
								"api",
								"adp",
								"com"
							],
							"path": [
								"events",
								"hr",
								"v1",
								"worker.work-assignment.modify"
							]
						}
					},
					"response": []
				},
				{
					"name": "Invalid Work assignment ID",
					"request": {
						"method": "POST",
						"header": [
							{
								"key": "Authorization",
								"type": "text",
								"value": "Bearer d298f98e-bc95-4a9d-ba8b-2224c0571e6f"
							}
						],
						"body": {
							"mode": "raw",
							"raw": "{\r    \"events\": [\r        {\r            \"data\": {\r                \"eventContext\": {\r                    \"associateOID\": \"G30K404TED75E5GM\",\r                    \"workAssignmentID\": \"211_43\"\r                },\r                \"transform\": {\r                    \"effectiveDateTime\": \"2019-11-06\",\r                    \"eventReasonCode\": {\r                        \"codeValue\": \"DBLOAD\"\r                    },\r                    \"workAssignment\": {\r                        \"wageLawCoverage\": {\r                            \"coverageCode\": {\r                                \"codeValue\": \"N\"\r                            }\r                        },\r                        \"expectedStartDate\": \"2019-11-07\",\r                        \"jobTitle\": \"DA\",\r                        \"jobFunctionCode\": {\r                            \"codeValue\": \"EN\"\r                        },\r                        \"managementPositionIndicator\": false,\r                        \"payGradeCode\": {\r                            \"codeValue\": \"AXA\"\r                        },\r                        \"industryClassifications\": [\r                            {\r                                \"classificationCode\": {\r                                    \"codeValue\": \"541200\"\r                                }\r                            }\r                        ],\r                        \"occupationalClassifications\": [\r                            {\r                                \"nameCode\": {\r                                    \"codeValue\": \"EEOC\"\r                                },\r                                \"classificationCode\": {\r                                    \"codeValue\": \"A\"\r                                }\r                            },\r                            {\r                                \"nameCode\": {\r                                    \"codeValue\": \"Job Class\"\r                                },\r                                \"classificationCode\": {\r                                    \"codeValue\": \"MG\"\r                                }\r                            }\r                        ],\r                        \"officerTypeCode\": {\r                             \"codeValue\": \"OWN\"\r                        }\r                    }\r                }\r            }\r        }\r    ]\r}",
							"options": {
								"raw": {
									"language": "json"
								}
							}
						},
						"url": {
							"raw": "https://api.adp.com/events/hr/v1/worker.work-assignment.modify",
							"protocol": "https",
							"host": [
								"api",
								"adp",
								"com"
							],
							"path": [
								"events",
								"hr",
								"v1",
								"worker.work-assignment.modify"
							]
						}
					},
					"response": []
				},
				{
					"name": "Invalid code value for the job change reason",
					"request": {
						"method": "POST",
						"header": [
							{
								"key": "Authorization",
								"type": "text",
								"value": "Bearer d298f98e-bc95-4a9d-ba8b-2224c0571e6f"
							}
						],
						"body": {
							"mode": "raw",
							"raw": "{\r    \"events\": [\r        {\r            \"data\": {\r                \"eventContext\": {\r                    \"associateOID\": \"G30K404TED75E5GM\",\r                    \"workAssignmentID\": \"211_4\"\r                },\r                \"transform\": {\r                    \"effectiveDateTime\": \"2019-11-06\",\r                    \"eventReasonCode\": {\r                        \"codeValue\": \"DBLOADD\"\r                    },\r                    \"workAssignment\": {\r                        \"wageLawCoverage\": {\r                            \"coverageCode\": {\r                                \"codeValue\": \"N\"\r                            }\r                        },\r                        \"expectedStartDate\": \"2019-11-07\",\r                        \"jobTitle\": \"DA\",\r                        \"jobFunctionCode\": {\r                            \"codeValue\": \"EN\"\r                        },\r                        \"managementPositionIndicator\": false,\r                        \"payGradeCode\": {\r                            \"codeValue\": \"AXA\"\r                        },\r                        \"industryClassifications\": [\r                            {\r                                \"classificationCode\": {\r                                    \"codeValue\": \"541200\"\r                                }\r                            }\r                        ],\r                        \"occupationalClassifications\": [\r                            {\r                                \"nameCode\": {\r                                    \"codeValue\": \"EEOC\"\r                                },\r                                \"classificationCode\": {\r                                    \"codeValue\": \"A\"\r                                }\r                            },\r                            {\r                                \"nameCode\": {\r                                    \"codeValue\": \"Job Class\"\r                                },\r                                \"classificationCode\": {\r                                    \"codeValue\": \"MG\"\r                                }\r                            }\r                        ],\r                        \"officerTypeCode\": {\r                             \"codeValue\": \"OWN\"\r                        }\r                    }\r                }\r            }\r        }\r    ]\r}",
							"options": {
								"raw": {
									"language": "json"
								}
							}
						},
						"url": {
							"raw": "https://api.adp.com/events/hr/v1/worker.work-assignment.modify",
							"protocol": "https",
							"host": [
								"api",
								"adp",
								"com"
							],
							"path": [
								"events",
								"hr",
								"v1",
								"worker.work-assignment.modify"
							]
						}
					},
					"response": []
				},
				{
					"name": "Invalid wageLawcoverage(FLSA)",
					"request": {
						"method": "POST",
						"header": [
							{
								"key": "Authorization",
								"type": "text",
								"value": "Bearer d298f98e-bc95-4a9d-ba8b-2224c0571e6f"
							}
						],
						"body": {
							"mode": "raw",
							"raw": "{\r    \"events\": [\r        {\r            \"data\": {\r                \"eventContext\": {\r                    \"associateOID\": \"G30K404TED75E5GM\",\r                    \"workAssignmentID\": \"211_4\"\r                },\r                \"transform\": {\r                    \"effectiveDateTime\": \"2019-11-06\",\r                    \"eventReasonCode\": {\r                        \"codeValue\": \"DBLOAD\"\r                    },\r                    \"workAssignment\": {\r                        \"wageLawCoverage\": {\r                            \"coverageCode\": {\r                                \"codeValue\": \"X\"\r                            }\r                        },\r                        \"expectedStartDate\": \"2019-11-07\",\r                        \"jobTitle\": \"DA\",\r                        \"jobFunctionCode\": {\r                            \"codeValue\": \"EN\"\r                        },\r                        \"managementPositionIndicator\": false,\r                        \"payGradeCode\": {\r                            \"codeValue\": \"AXA\"\r                        },\r                        \"industryClassifications\": [\r                            {\r                                \"classificationCode\": {\r                                    \"codeValue\": \"541200\"\r                                }\r                            }\r                        ],\r                        \"occupationalClassifications\": [\r                            {\r                                \"nameCode\": {\r                                    \"codeValue\": \"EEOC\"\r                                },\r                                \"classificationCode\": {\r                                    \"codeValue\": \"A\"\r                                }\r                            },\r                            {\r                                \"nameCode\": {\r                                    \"codeValue\": \"Job Class\"\r                                },\r                                \"classificationCode\": {\r                                    \"codeValue\": \"MG\"\r                                }\r                            }\r                        ],\r                        \"officerTypeCode\": {\r                             \"codeValue\": \"OWN\"\r                        }\r                    }\r                }\r            }\r        }\r    ]\r}\r",
							"options": {
								"raw": {
									"language": "json"
								}
							}
						},
						"url": {
							"raw": "https://api.adp.com/events/hr/v1/worker.work-assignment.modify",
							"protocol": "https",
							"host": [
								"api",
								"adp",
								"com"
							],
							"path": [
								"events",
								"hr",
								"v1",
								"worker.work-assignment.modify"
							]
						}
					},
					"response": []
				},
				{
					"name": "invalid Job Title",
					"request": {
						"method": "POST",
						"header": [
							{
								"key": "Authorization",
								"type": "text",
								"value": "Bearer d298f98e-bc95-4a9d-ba8b-2224c0571e6f"
							}
						],
						"body": {
							"mode": "raw",
							"raw": "{\r    \"events\": [\r        {\r            \"data\": {\r                \"eventContext\": {\r                    \"associateOID\": \"G30K404TED75E5GM\",\r                    \"workAssignmentID\": \"211_4\"\r                },\r                \"transform\": {\r                    \"effectiveDateTime\": \"2019-11-06\",\r                    \"eventReasonCode\": {\r                        \"codeValue\": \"DBLOAD\"\r                    },\r                    \"workAssignment\": {\r                        \"wageLawCoverage\": {\r                            \"coverageCode\": {\r                                \"codeValue\": \"E\"\r                            }\r                        },\r                        \"expectedStartDate\": \"2019-11-07\",\r                        \"jobTitle\": \"DAA\",\r                        \"jobFunctionCode\": {\r                            \"codeValue\": \"EN\"\r                        },\r                        \"managementPositionIndicator\": false,\r                        \"payGradeCode\": {\r                            \"codeValue\": \"AXA\"\r                        },\r                        \"industryClassifications\": [\r                            {\r                                \"classificationCode\": {\r                                    \"codeValue\": \"541200\"\r                                }\r                            }\r                        ],\r                        \"occupationalClassifications\": [\r                            {\r                                \"nameCode\": {\r                                    \"codeValue\": \"EEOC\"\r                                },\r                                \"classificationCode\": {\r                                    \"codeValue\": \"A\"\r                                }\r                            },\r                            {\r                                \"nameCode\": {\r                                    \"codeValue\": \"Job Class\"\r                                },\r                                \"classificationCode\": {\r                                    \"codeValue\": \"MG\"\r                                }\r                            }\r                        ],\r                        \"officerTypeCode\": {\r                             \"codeValue\": \"OWN\"\r                        }\r                    }\r                }\r            }\r        }\r    ]\r}",
							"options": {
								"raw": {
									"language": "json"
								}
							}
						},
						"url": {
							"raw": "https://api.adp.com/events/hr/v1/worker.work-assignment.modify",
							"protocol": "https",
							"host": [
								"api",
								"adp",
								"com"
							],
							"path": [
								"events",
								"hr",
								"v1",
								"worker.work-assignment.modify"
							]
						}
					},
					"response": []
				},
				{
					"name": "invalid JOB function code",
					"request": {
						"method": "POST",
						"header": [
							{
								"key": "Authorization",
								"type": "text",
								"value": "Bearer d298f98e-bc95-4a9d-ba8b-2224c0571e6f"
							}
						],
						"body": {
							"mode": "raw",
							"raw": "{\r    \"events\": [\r        {\r            \"data\": {\r                \"eventContext\": {\r                    \"associateOID\": \"G30K404TED75E5GM\",\r                    \"workAssignmentID\": \"211_4\"\r                },\r                \"transform\": {\r                    \"effectiveDateTime\": \"2019-11-06\",\r                    \"eventReasonCode\": {\r                        \"codeValue\": \"DBLOAD\"\r                    },\r                    \"workAssignment\": {\r                        \"wageLawCoverage\": {\r                            \"coverageCode\": {\r                                \"codeValue\": \"E\"\r                            }\r                        },\r                        \"expectedStartDate\": \"2019-11-07\",\r                        \"jobTitle\": \"DAA\",\r                        \"jobFunctionCode\": {\r                            \"codeValue\": \"EN\"\r                        },\r                        \"managementPositionIndicator\": false,\r                        \"payGradeCode\": {\r                            \"codeValue\": \"AXA\"\r                        },\r                        \"industryClassifications\": [\r                            {\r                                \"classificationCode\": {\r                                    \"codeValue\": \"541200\"\r                                }\r                            }\r                        ],\r                        \"occupationalClassifications\": [\r                            {\r                                \"nameCode\": {\r                                    \"codeValue\": \"EEOC\"\r                                },\r                                \"classificationCode\": {\r                                    \"codeValue\": \"A\"\r                                }\r                            },\r                            {\r                                \"nameCode\": {\r                                    \"codeValue\": \"Job Class\"\r                                },\r                                \"classificationCode\": {\r                                    \"codeValue\": \"MG\"\r                                }\r                            }\r                        ],\r                        \"officerTypeCode\": {\r                             \"codeValue\": \"OWN\"\r                        }\r                    }\r                }\r            }\r        }\r    ]\r}",
							"options": {
								"raw": {
									"language": "json"
								}
							}
						},
						"url": {
							"raw": "https://api.adp.com/events/hr/v1/worker.work-assignment.modify",
							"protocol": "https",
							"host": [
								"api",
								"adp",
								"com"
							],
							"path": [
								"events",
								"hr",
								"v1",
								"worker.work-assignment.modify"
							]
						}
					},
					"response": []
				},
				{
					"name": "invalid NAICS(industry classification code)",
					"request": {
						"method": "POST",
						"header": [
							{
								"key": "Authorization",
								"type": "text",
								"value": "Bearer d298f98e-bc95-4a9d-ba8b-2224c0571e6f"
							}
						],
						"body": {
							"mode": "raw",
							"raw": "{\r    \"events\": [\r        {\r            \"data\": {\r                \"eventContext\": {\r                    \"associateOID\": \"G30K404TED75E5GM\",\r                    \"workAssignmentID\": \"211_4\"\r                },\r                \"transform\": {\r                    \"effectiveDateTime\": \"2019-11-06\",\r                    \"eventReasonCode\": {\r                        \"codeValue\": \"DBLOAD\"\r                    },\r                    \"workAssignment\": {\r                        \"wageLawCoverage\": {\r                            \"coverageCode\": {\r                                \"codeValue\": \"E\"\r                            }\r                        },\r                        \"expectedStartDate\": \"2019-11-07\",\r                        \"jobTitle\": \"DA\",\r                        \"jobFunctionCode\": {\r                            \"codeValue\": \"EN\"\r                        },\r                        \"managementPositionIndicator\": false,\r                        \"payGradeCode\": {\r                            \"codeValue\": \"AXA\"\r                        },\r                        \"industryClassifications\": [\r                            {\r                                \"classificationCode\": {\r                                    \"codeValue\": \"5412000\"\r                                }\r                            }\r                        ],\r                        \"occupationalClassifications\": [\r                            {\r                                \"nameCode\": {\r                                    \"codeValue\": \"EEOC\"\r                                },\r                                \"classificationCode\": {\r                                    \"codeValue\": \"A\"\r                                }\r                            },\r                            {\r                                \"nameCode\": {\r                                    \"codeValue\": \"Job Class\"\r                                },\r                                \"classificationCode\": {\r                                    \"codeValue\": \"MG\"\r                                }\r                            }\r                        ],\r                        \"officerTypeCode\": {\r                             \"codeValue\": \"OWN\"\r                        }\r                    }\r                }\r            }\r        }\r    ]\r}",
							"options": {
								"raw": {
									"language": "json"
								}
							}
						},
						"url": {
							"raw": "https://api.adp.com/events/hr/v1/worker.work-assignment.modify",
							"protocol": "https",
							"host": [
								"api",
								"adp",
								"com"
							],
							"path": [
								"events",
								"hr",
								"v1",
								"worker.work-assignment.modify"
							]
						}
					},
					"response": []
				},
				{
					"name": "Invalid officerTypecode",
					"request": {
						"method": "POST",
						"header": [
							{
								"key": "Authorization",
								"type": "text",
								"value": "Bearer d298f98e-bc95-4a9d-ba8b-2224c0571e6f"
							}
						],
						"body": {
							"mode": "raw",
							"raw": "{\r    \"events\": [\r        {\r            \"data\": {\r                \"eventContext\": {\r                    \"associateOID\": \"G30K404TED75E5GM\",\r                    \"workAssignmentID\": \"211_4\"\r                },\r                \"transform\": {\r                    \"effectiveDateTime\": \"2019-11-06\",\r                    \"eventReasonCode\": {\r                        \"codeValue\": \"DBLOAD\"\r                    },\r                    \"workAssignment\": {\r                        \"wageLawCoverage\": {\r                            \"coverageCode\": {\r                                \"codeValue\": \"E\"\r                            }\r                        },\r                        \"expectedStartDate\": \"2019-11-07\",\r                        \"jobTitle\": \"DA\",\r                        \"jobFunctionCode\": {\r                            \"codeValue\": \"EN\"\r                        },\r                        \"managementPositionIndicator\": false,\r                        \"payGradeCode\": {\r                            \"codeValue\": \"AXA\"\r                        },\r                        \"industryClassifications\": [\r                            {\r                                \"classificationCode\": {\r                                    \"codeValue\": \"541200\"\r                                }\r                            }\r                        ],\r                        \"occupationalClassifications\": [\r                            {\r                                \"nameCode\": {\r                                    \"codeValue\": \"EEOC\"\r                                },\r                                \"classificationCode\": {\r                                    \"codeValue\": \"A\"\r                                }\r                            },\r                            {\r                                \"nameCode\": {\r                                    \"codeValue\": \"Job Class\"\r                                },\r                                \"classificationCode\": {\r                                    \"codeValue\": \"MG\"\r                                }\r                            }\r                        ],\r                        \"officerTypeCode\": {\r                             \"codeValue\": \"OWNN\"\r                        }\r                    }\r                }\r            }\r        }\r    ]\r}",
							"options": {
								"raw": {
									"language": "json"
								}
							}
						},
						"url": {
							"raw": "https://api.adp.com/events/hr/v1/worker.work-assignment.modify",
							"protocol": "https",
							"host": [
								"api",
								"adp",
								"com"
							],
							"path": [
								"events",
								"hr",
								"v1",
								"worker.work-assignment.modify"
							]
						}
					},
					"response": []
				},
				{
					"name": "Invalid Pay grade code",
					"request": {
						"method": "POST",
						"header": [
							{
								"key": "Authorization",
								"type": "text",
								"value": "Bearer d298f98e-bc95-4a9d-ba8b-2224c0571e6f"
							}
						],
						"body": {
							"mode": "raw",
							"raw": "{\r    \"events\": [\r        {\r            \"data\": {\r                \"eventContext\": {\r                    \"associateOID\": \"G30K404TED75E5GM\",\r                    \"workAssignmentID\": \"211_4\"\r                },\r                \"transform\": {\r                    \"effectiveDateTime\": \"2019-11-06\",\r                    \"eventReasonCode\": {\r                        \"codeValue\": \"DBLOAD\"\r                    },\r                    \"workAssignment\": {\r                        \"wageLawCoverage\": {\r                            \"coverageCode\": {\r                                \"codeValue\": \"E\"\r                            }\r                        },\r                        \"expectedStartDate\": \"2019-11-07\",\r                        \"jobTitle\": \"DA\",\r                        \"jobFunctionCode\": {\r                            \"codeValue\": \"EN\"\r                        },\r                        \"managementPositionIndicator\": false,\r                        \"payGradeCode\": {\r                            \"codeValue\": \"AXAA\"\r                        },\r                        \"industryClassifications\": [\r                            {\r                                \"classificationCode\": {\r                                    \"codeValue\": \"541200\"\r                                }\r                            }\r                        ],\r                        \"occupationalClassifications\": [\r                            {\r                                \"nameCode\": {\r                                    \"codeValue\": \"EEOC\"\r                                },\r                                \"classificationCode\": {\r                                    \"codeValue\": \"A\"\r                                }\r                            },\r                            {\r                                \"nameCode\": {\r                                    \"codeValue\": \"Job Class\"\r                                },\r                                \"classificationCode\": {\r                                    \"codeValue\": \"MG\"\r                                }\r                            }\r                        ],\r                        \"officerTypeCode\": {\r                             \"codeValue\": \"OWN\"\r                        }\r                    }\r                }\r            }\r        }\r    ]\r}",
							"options": {
								"raw": {
									"language": "json"
								}
							}
						},
						"url": {
							"raw": "https://api.adp.com/events/hr/v1/worker.work-assignment.modify",
							"protocol": "https",
							"host": [
								"api",
								"adp",
								"com"
							],
							"path": [
								"events",
								"hr",
								"v1",
								"worker.work-assignment.modify"
							]
						}
					},
					"response": []
				},
				{
					"name": "invalid EEOC job classification code",
					"request": {
						"method": "POST",
						"header": [
							{
								"key": "Authorization",
								"type": "text",
								"value": "Bearer d298f98e-bc95-4a9d-ba8b-2224c0571e6f"
							}
						],
						"body": {
							"mode": "raw",
							"raw": "{\r    \"events\": [\r        {\r            \"data\": {\r                \"eventContext\": {\r                    \"associateOID\": \"G30K404TED75E5GM\",\r                    \"workAssignmentID\": \"211_4\"\r                },\r                \"transform\": {\r                    \"effectiveDateTime\": \"2019-11-06\",\r                    \"eventReasonCode\": {\r                        \"codeValue\": \"DBLOAD\"\r                    },\r                    \"workAssignment\": {\r                        \"wageLawCoverage\": {\r                            \"coverageCode\": {\r                                \"codeValue\": \"E\"\r                            }\r                        },\r                        \"expectedStartDate\": \"2019-11-07\",\r                        \"jobTitle\": \"DA\",\r                        \"jobFunctionCode\": {\r                            \"codeValue\": \"EN\"\r                        },\r                        \"managementPositionIndicator\": false,\r                        \"payGradeCode\": {\r                            \"codeValue\": \"AXA\"\r                        },\r                        \"industryClassifications\": [\r                            {\r                                \"classificationCode\": {\r                                    \"codeValue\": \"541200\"\r                                }\r                            }\r                        ],\r                        \"occupationalClassifications\": [\r                            {\r                                \"nameCode\": {\r                                    \"codeValue\": \"EEOC\"\r                                },\r                                \"classificationCode\": {\r                                    \"codeValue\": \"ABC\"\r                                }\r                            },\r                            {\r                                \"nameCode\": {\r                                    \"codeValue\": \"Job Class\"\r                                },\r                                \"classificationCode\": {\r                                    \"codeValue\": \"MG\"\r                                }\r                            }\r                        ],\r                        \"officerTypeCode\": {\r                             \"codeValue\": \"OWN\"\r                        }\r                    }\r                }\r            }\r        }\r    ]\r}",
							"options": {
								"raw": {
									"language": "json"
								}
							}
						},
						"url": {
							"raw": "https://api.adp.com/events/hr/v1/worker.work-assignment.modify",
							"protocol": "https",
							"host": [
								"api",
								"adp",
								"com"
							],
							"path": [
								"events",
								"hr",
								"v1",
								"worker.work-assignment.modify"
							]
						}
					},
					"response": []
				}
			],
			"protocolProfileBehavior": {}
		},
		{
			"name": "workers call",
			"protocolProfileBehavior": {
				"disableBodyPruning": true
			},
			"request": {
				"method": "GET",
				"header": [
					{
						"key": "Authorization",
						"type": "text",
						"value": "Bearer b97500b9-85f0-4d76-aabc-4e4eeef9907f"
					}
				],
				"body": {
					"mode": "raw",
					"raw": "",
					"options": {
						"raw": {
							"language": "json"
						}
					}
				},
				"url": {
					"raw": "https://api.adp.com/hr/v2/workers/G30K404TED75E5GM",
					"protocol": "https",
					"host": [
						"api",
						"adp",
						"com"
					],
					"path": [
						"hr",
						"v2",
						"workers",
						"G30K404TED75E5GM"
					]
				}
			},
			"response": []
		},
		{
			"name": "Access Token call _PROD",
			"request": {
				"method": "POST",
				"header": [
					{
						"key": "Content-Type",
						"name": "Content-Type",
						"type": "text",
						"value": "application/x-www-form-urlencoded"
					}
				],
				"body": {
					"mode": "urlencoded",
					"urlencoded": [
						{
							"key": "grant_type",
							"value": "client_credentials",
							"type": "text"
						},
						{
							"key": "client_id",
							"value": "cliendID here",
							"type": "text"
						},
						{
							"key": "client_secret",
							"value": "client secret here",
							"type": "text"
						}
					]
				},
				"url": {
					"raw": "https://api.adp.com/auth/oauth/v2/token",
					"protocol": "https",
					"host": [
						"api",
						"adp",
						"com"
					],
					"path": [
						"auth",
						"oauth",
						"v2",
						"token"
					]
				}
			},
			"response": []
		}
	],
	"protocolProfileBehavior": []
}