{
	"info": {
		"_postman_id": "464a7f07-ebcb-4af5-b058-7894957a47eb",
		"name": "Paydistribution(Direct Deposit) Vantage IAT GITHUB-B2B",
		"schema": "https://schema.getpostman.com/json/collection/v2.1.0/collection.json"
	},
	"item": [
		{
			"name": "Get Paydistributions",
			"item": [
				{
					"name": "Retrieve the Direct Deposits",
					"request": {
						"method": "GET",
						"header": [
							{
								"key": "Authorization",
								"value": "Bearer 85803fbe-7a2b-4735-92e0-411bd80e984b"
							},
							{
								"key": "Accept",
								"value": "application/json",
								"type": "text"
							}
						],
						"url": {
							"raw": "https://iat-api.adp.com/payroll/v2/workers/G3R9MDBS40828RS9/pay-distributions",
							"protocol": "https",
							"host": [
								"iat-api",
								"adp",
								"com"
							],
							"path": [
								"payroll",
								"v2",
								"workers",
								"G3R9MDBS40828RS9",
								"pay-distributions"
							]
						}
					},
					"response": []
				},
				{
					"name": "Neg-Retrieve the Direct Deposit with invalid AOID",
					"request": {
						"method": "GET",
						"header": [
							{
								"key": "Authorization",
								"value": "Bearer 85803fbe-7a2b-4735-92e0-411bd80e984b"
							},
							{
								"key": "Accept",
								"type": "text",
								"value": "application/json"
							}
						],
						"url": {
							"raw": "https://iat-api.adp.com/payroll/v2/workers/G3R9MDBS40828RS8/pay-distributions",
							"protocol": "https",
							"host": [
								"iat-api",
								"adp",
								"com"
							],
							"path": [
								"payroll",
								"v2",
								"workers",
								"G3R9MDBS40828RS8",
								"pay-distributions"
							]
						}
					},
					"response": []
				},
				{
					"name": "Retrieve the Future dated Direct Deposits",
					"request": {
						"method": "GET",
						"header": [
							{
								"key": "Authorization",
								"value": "Bearer 85803fbe-7a2b-4735-92e0-411bd80e984b"
							},
							{
								"key": "Accept",
								"type": "text",
								"value": "application/json"
							}
						],
						"url": {
							"raw": "https://iat-api.adp.com/payroll/v2/workers/G3R9MDBS40828RS9/pay-distributions?effectiveDate=2020-02-14",
							"protocol": "https",
							"host": [
								"iat-api",
								"adp",
								"com"
							],
							"path": [
								"payroll",
								"v2",
								"workers",
								"G3R9MDBS40828RS9",
								"pay-distributions"
							],
							"query": [
								{
									"key": "effectiveDate",
									"value": "2020-02-14"
								}
							]
						}
					},
					"response": []
				},
				{
					"name": "Retrieve dated Direct Deposits_unmasked data",
					"request": {
						"method": "GET",
						"header": [
							{
								"key": "Authorization",
								"value": "Bearer 85803fbe-7a2b-4735-92e0-411bd80e984b"
							},
							{
								"key": "Accept",
								"type": "text",
								"value": "application/json"
							},
							{
								"key": "Accept",
								"type": "text",
								"value": "application/json;masked=false"
							}
						],
						"url": {
							"raw": "https://iat-api.adp.com/payroll/v2/workers/G3R9MDBS40828RS9/pay-distributions",
							"protocol": "https",
							"host": [
								"iat-api",
								"adp",
								"com"
							],
							"path": [
								"payroll",
								"v2",
								"workers",
								"G3R9MDBS40828RS9",
								"pay-distributions"
							]
						}
					},
					"response": []
				}
			],
			"protocolProfileBehavior": {}
		},
		{
			"name": "Add Direct Deposit",
			"item": [
				{
					"name": "Add DD with effective date as current Date",
					"request": {
						"method": "POST",
						"header": [
							{
								"key": "Authorization",
								"value": "Bearer 8d43c4f8-ba16-4cb8-a79a-56b61e7dea0d"
							},
							{
								"key": "Content-Type",
								"name": "Content-Type",
								"type": "text",
								"value": "application/json"
							},
							{
								"key": "Accept",
								"type": "text",
								"value": "application/json"
							}
						],
						"body": {
							"mode": "raw",
							"raw": "{\n  \"events\": [\n    {\n      \"data\": {\n        \"transform\": {\n          \"effectiveDateTime\": \"2020-01-20\",\n          \"payDistribution\": {\n            \"distributionInstructions\": [\n              {\n                \"depositAccount\": {\n                  \"financialAccount\": {\n                    \"accountNumber\": \"123456789\",\n                    \"typeCode\": {\n                      \"codeValue\": \"SVA\"\n                    }\n                  },\n                  \"financialParty\": {\n                    \"routingTransitID\": {\n                      \"idValue\": \"021200025\"\n                    }\n                  }\n                },\n                \"distributionAmount\": {\n                  \"amountValue\": 300\n                },\n                \"remainingBalanceIndicator\": false,\n                \"prenoteBypassIndicator\":false\n              }\n            ]\n          }\n        },\n        \"eventContext\": {\n          \"worker\": {\n            \"associateOID\": \"G3R9MDBS40828RS9\"\n          }\n        }\n      }\n    }\n  ]\n}",
							"options": {
								"raw": {
									"language": "json"
								}
							}
						},
						"url": {
							"raw": "https://iat-api.adp.com/events/payroll/v1/worker.pay-distribution.change",
							"protocol": "https",
							"host": [
								"iat-api",
								"adp",
								"com"
							],
							"path": [
								"events",
								"payroll",
								"v1",
								"worker.pay-distribution.change"
							]
						}
					},
					"response": []
				},
				{
					"name": "Add DD with effective date as Future Date",
					"request": {
						"method": "POST",
						"header": [
							{
								"key": "Authorization",
								"value": "Bearer 8d43c4f8-ba16-4cb8-a79a-56b61e7dea0d"
							},
							{
								"key": "Content-Type",
								"name": "Content-Type",
								"type": "text",
								"value": "application/json"
							},
							{
								"key": "Accept",
								"type": "text",
								"value": "application/json"
							}
						],
						"body": {
							"mode": "raw",
							"raw": "{\n  \"events\": [\n    {\n      \"data\": {\n        \"transform\": {\n          \"effectiveDateTime\": \"2020-03-10\",\n          \"payDistribution\": {\n            \"distributionInstructions\": [\n              {\n                \"depositAccount\": {\n                  \"financialAccount\": {\n                    \"accountNumber\": \"123456\",\n                    \"typeCode\": {\n                      \"codeValue\": \"SVB\"\n                    }\n                  },\n                  \"financialParty\": {\n                    \"routingTransitID\": {\n                      \"idValue\": \"021306822\"\n                    }\n                  }\n                },\n                \"distributionAmount\": {\n                  \"amountValue\": 600\n                },\n                \"remainingBalanceIndicator\": false,\n                \"prenoteBypassIndicator\":true\n              }\n            ]\n          }\n        },\n        \"eventContext\": {\n          \"worker\": {\n            \"associateOID\": \"G3R9MDBS40828RS9\"\n          }\n        }\n      }\n    }\n  ]\n}",
							"options": {
								"raw": {
									"language": "json"
								}
							}
						},
						"url": {
							"raw": "https://iat-api.adp.com/events/payroll/v1/worker.pay-distribution.change",
							"protocol": "https",
							"host": [
								"iat-api",
								"adp",
								"com"
							],
							"path": [
								"events",
								"payroll",
								"v1",
								"worker.pay-distribution.change"
							]
						}
					},
					"response": []
				},
				{
					"name": "Add DD with FullNet",
					"request": {
						"method": "POST",
						"header": [
							{
								"key": "Authorization",
								"value": "Bearer 8d43c4f8-ba16-4cb8-a79a-56b61e7dea0d"
							},
							{
								"key": "Content-Type",
								"name": "Content-Type",
								"type": "text",
								"value": "application/json"
							},
							{
								"key": "Accept",
								"type": "text",
								"value": "application/json"
							}
						],
						"body": {
							"mode": "raw",
							"raw": "{\n  \"events\": [\n    {\n      \"data\": {\n        \"transform\": {\n          \"effectiveDateTime\": \"2020-01-10\",\n          \"payDistribution\": {\n            \"distributionInstructions\": [\n              {\n                \"depositAccount\": {\n                  \"financialAccount\": {\n                    \"accountNumber\": \"123456\",\n                    \"typeCode\": {\n                      \"codeValue\": \"SVA\"\n                    }\n                  },\n                  \"financialParty\": {\n                    \"routingTransitID\": {\n                      \"idValue\": \"021306822\"\n                    }\n                  }\n                },\n                \n                \"remainingBalanceIndicator\": true,\n                \"prenoteBypassIndicator\":true\n              }\n            ]\n          }\n        },\n        \"eventContext\": {\n          \"worker\": {\n            \"associateOID\": \"G3R9MDBS40828RS9\"\n          }\n        }\n      }\n    }\n  ]\n}",
							"options": {
								"raw": {
									"language": "json"
								}
							}
						},
						"url": {
							"raw": "https://iat-api.adp.com/events/payroll/v1/worker.pay-distribution.change",
							"protocol": "https",
							"host": [
								"iat-api",
								"adp",
								"com"
							],
							"path": [
								"events",
								"payroll",
								"v1",
								"worker.pay-distribution.change"
							]
						}
					},
					"response": []
				},
				{
					"name": "Add DD with Deposit Amount",
					"request": {
						"method": "POST",
						"header": [
							{
								"key": "Authorization",
								"value": "Bearer 8d43c4f8-ba16-4cb8-a79a-56b61e7dea0d"
							},
							{
								"key": "Content-Type",
								"name": "Content-Type",
								"type": "text",
								"value": "application/json"
							},
							{
								"key": "Accept",
								"type": "text",
								"value": "application/json"
							}
						],
						"body": {
							"mode": "raw",
							"raw": "{\r  \"events\": [\r    {\r      \"data\": {\r        \"transform\": {\r          \"effectiveDateTime\": \"2020-01-10\",\r          \"payDistribution\": {\r            \"distributionInstructions\": [\r              {\r                \"depositAccount\": {\r                  \"financialAccount\": {\r                    \"accountNumber\": \"123456\",\r                    \"typeCode\": {\r                      \"codeValue\": \"SVA\"\r                    }\r                  },\r                  \"financialParty\": {\r                    \"routingTransitID\": {\r                      \"idValue\": \"021200025\"\r                    }\r                  }\r                },\r                \"distributionAmount\": {\r                  \"amountValue\": 100\r                },\r                \"remainingBalanceIndicator\": false,\r                \"prenoteBypassIndicator\":false\r              }\r            ]\r          }\r        },\r        \"eventContext\": {\r          \"worker\": {\r            \"associateOID\": \"G3R9MDBS40828RS9\"\r          }\r        }\r      }\r    }\r  ]\r}",
							"options": {
								"raw": {
									"language": "json"
								}
							}
						},
						"url": {
							"raw": "https://iat-api.adp.com/events/payroll/v1/worker.pay-distribution.change",
							"protocol": "https",
							"host": [
								"iat-api",
								"adp",
								"com"
							],
							"path": [
								"events",
								"payroll",
								"v1",
								"worker.pay-distribution.change"
							]
						}
					},
					"response": []
				},
				{
					"name": "Add DD with Pre-note required",
					"request": {
						"method": "POST",
						"header": [
							{
								"key": "Authorization",
								"value": "Bearer 8d43c4f8-ba16-4cb8-a79a-56b61e7dea0d"
							},
							{
								"key": "Content-Type",
								"name": "Content-Type",
								"type": "text",
								"value": "application/json"
							},
							{
								"key": "Accept",
								"type": "text",
								"value": "application/json"
							}
						],
						"body": {
							"mode": "raw",
							"raw": "{\r  \"events\": [\r    {\r      \"data\": {\r        \"transform\": {\r          \"effectiveDateTime\": \"2020-01-10\",\r          \"payDistribution\": {\r            \"distributionInstructions\": [\r              {\r                \"depositAccount\": {\r                  \"financialAccount\": {\r                    \"accountNumber\": \"123456\",\r                    \"typeCode\": {\r                      \"codeValue\": \"SVB\"\r                    }\r                  },\r                  \"financialParty\": {\r                    \"routingTransitID\": {\r                      \"idValue\": \"021306822\"\r                    }\r                  }\r                },\r                \"distributionAmount\": {\r                  \"amountValue\": 200\r                },\r                \"remainingBalanceIndicator\": true,\r                \"prenoteBypassIndicator\":false\r              }\r            ]\r          }\r        },\r        \"eventContext\": {\r          \"worker\": {\r            \"associateOID\": \"G3R9MDBS40828RS9\"\r          }\r        }\r      }\r    }\r  ]\r}",
							"options": {
								"raw": {
									"language": "json"
								}
							}
						},
						"url": {
							"raw": "https://iat-api.adp.com/events/payroll/v1/worker.pay-distribution.change",
							"protocol": "https",
							"host": [
								"iat-api",
								"adp",
								"com"
							],
							"path": [
								"events",
								"payroll",
								"v1",
								"worker.pay-distribution.change"
							]
						}
					},
					"response": []
				},
				{
					"name": "Add DD-Full Net-and-Deposit Amount",
					"request": {
						"method": "POST",
						"header": [
							{
								"key": "Authorization",
								"value": "Bearer 8d43c4f8-ba16-4cb8-a79a-56b61e7dea0d"
							},
							{
								"key": "Content-Type",
								"name": "Content-Type",
								"type": "text",
								"value": "application/json"
							},
							{
								"key": "Accept",
								"type": "text",
								"value": "application/json"
							}
						],
						"body": {
							"mode": "raw",
							"raw": "{\r  \"events\": [\r    {\r      \"data\": {\r        \"transform\": {\r          \"effectiveDateTime\": \"2020-01-10\",\r          \"payDistribution\": {\r            \"distributionInstructions\": [\r              {\r                \"depositAccount\": {\r                  \"financialAccount\": {\r                    \"accountNumber\": \"123456\",\r                    \"typeCode\": {\r                      \"codeValue\": \"SVA\"\r                    }\r                  },\r                  \"financialParty\": {\r                    \"routingTransitID\": {\r                      \"idValue\": \"021200025\"\r                    }\r                  }\r                },\r              \r                \"remainingBalanceIndicator\": true,\r                \"prenoteBypassIndicator\": false\r              },\r              {\r                \"depositAccount\": {\r                  \"financialAccount\": {\r                    \"accountNumber\": \"123456\",\r                    \"typeCode\": {\r                      \"codeValue\": \"SVB\"\r                    }\r                  },\r                  \"financialParty\": {\r                    \"routingTransitID\": {\r                      \"idValue\": \"021306822\"\r                    }\r                  }\r                },\r                \"distributionAmount\": {\r                  \"amountValue\": 100\r                },\r               \r                \"prenoteBypassIndicator\": false\r              }\r              \r            ]\r          }\r        },\r        \"eventContext\": {\r          \"worker\": {\r            \"associateOID\": \"G3R9MDBS40828RS9\"\r          }\r        }\r      }\r    }\r  ]\r}",
							"options": {
								"raw": {
									"language": "json"
								}
							}
						},
						"url": {
							"raw": "https://iat-api.adp.com/events/payroll/v1/worker.pay-distribution.change",
							"protocol": "https",
							"host": [
								"iat-api",
								"adp",
								"com"
							],
							"path": [
								"events",
								"payroll",
								"v1",
								"worker.pay-distribution.change"
							]
						}
					},
					"response": []
				},
				{
					"name": "Add DD-Deposit Amount-and-Full Net",
					"request": {
						"method": "POST",
						"header": [
							{
								"key": "Authorization",
								"value": "Bearer 8d43c4f8-ba16-4cb8-a79a-56b61e7dea0d"
							},
							{
								"key": "Content-Type",
								"name": "Content-Type",
								"type": "text",
								"value": "application/json"
							},
							{
								"key": "Accept",
								"type": "text",
								"value": "application/json"
							}
						],
						"body": {
							"mode": "raw",
							"raw": "{\r  \"events\": [\r    {\r      \"data\": {\r        \"transform\": {\r          \"effectiveDateTime\": \"2020-01-10\",\r          \"payDistribution\": {\r            \"distributionInstructions\": [\r              {\r                \"depositAccount\": {\r                  \"financialAccount\": {\r                    \"accountNumber\": \"123456\",\r                    \"typeCode\": {\r                      \"codeValue\": \"SVA\"\r                    }\r                  },\r                  \"financialParty\": {\r                    \"routingTransitID\": {\r                      \"idValue\": \"021200025\"\r                    }\r                  }\r                },\r                \"distributionAmount\": {\r                  \"amountValue\": 100\r                },\r                \"prenoteBypassIndicator\": false\r              },\r              {\r                \"depositAccount\": {\r                  \"financialAccount\": {\r                    \"accountNumber\": \"123456\",\r                    \"typeCode\": {\r                      \"codeValue\": \"SVB\"\r                    }\r                  },\r                  \"financialParty\": {\r                    \"routingTransitID\": {\r                      \"idValue\": \"021306822\"\r                    }\r                  }\r                },\r                \"remainingBalanceIndicator\": true,\r                \"prenoteBypassIndicator\": false\r              }\r            ]\r          }\r        },\r        \"eventContext\": {\r          \"worker\": {\r            \"associateOID\": \"G3R9MDBS40828RS9\"\r          }\r        }\r      }\r    }\r  ]\r}",
							"options": {
								"raw": {
									"language": "json"
								}
							}
						},
						"url": {
							"raw": "https://iat-api.adp.com/events/payroll/v1/worker.pay-distribution.change",
							"protocol": "https",
							"host": [
								"iat-api",
								"adp",
								"com"
							],
							"path": [
								"events",
								"payroll",
								"v1",
								"worker.pay-distribution.change"
							]
						}
					},
					"response": []
				},
				{
					"name": "Neg-Add Direct Deposit with invalid AccountType",
					"request": {
						"method": "POST",
						"header": [
							{
								"key": "Authorization",
								"value": "Bearer 8d43c4f8-ba16-4cb8-a79a-56b61e7dea0d"
							},
							{
								"key": "Content-Type",
								"name": "Content-Type",
								"type": "text",
								"value": "application/json"
							},
							{
								"key": "Accept",
								"type": "text",
								"value": "application/json"
							}
						],
						"body": {
							"mode": "raw",
							"raw": "{\r  \"events\": [\r    {\r      \"data\": {\r        \"transform\": {\r          \"effectiveDateTime\": \"2020-01-14\",\r          \"payDistribution\": {\r            \"distributionInstructions\": [\r              {\r                \"depositAccount\": {\r                  \"financialAccount\": {\r                    \"accountNumber\": \"123456\",\r                    \"typeCode\": {\r                      \"codeValue\": \"CXCX\"\r                    }\r                  },\r                  \"financialParty\": {\r                    \"routingTransitID\": {\r                      \"idValue\": \"021306822\"\r                    }\r                  }\r                },\r                \"distributionAmount\": {\r                  \"amountValue\": 700\r                },\r                \"remainingBalanceIndicator\": false,\r                \"prenoteBypassIndicator\":true\r              }\r            ]\r          }\r        },\r        \"eventContext\": {\r          \"worker\": {\r            \"associateOID\": \"G3R9MDBS40828RS9\"\r          }\r        }\r      }\r    }\r  ]\r}",
							"options": {
								"raw": {
									"language": "json"
								}
							}
						},
						"url": {
							"raw": "https://iat-api.adp.com/events/payroll/v1/worker.pay-distribution.change",
							"protocol": "https",
							"host": [
								"iat-api",
								"adp",
								"com"
							],
							"path": [
								"events",
								"payroll",
								"v1",
								"worker.pay-distribution.change"
							]
						}
					},
					"response": []
				},
				{
					"name": "Neg-Add DD with invalid Bank Transit number",
					"request": {
						"method": "POST",
						"header": [
							{
								"key": "Authorization",
								"value": "Bearer 8d43c4f8-ba16-4cb8-a79a-56b61e7dea0d"
							},
							{
								"key": "Content-Type",
								"name": "Content-Type",
								"type": "text",
								"value": "application/json"
							},
							{
								"key": "Accept",
								"type": "text",
								"value": "application/json"
							}
						],
						"body": {
							"mode": "raw",
							"raw": "{\r  \"events\": [\r    {\r      \"data\": {\r        \"transform\": {\r          \"effectiveDateTime\": \"2020-01-14\",\r          \"payDistribution\": {\r            \"distributionInstructions\": [\r              {\r                \"depositAccount\": {\r                  \"financialAccount\": {\r                    \"accountNumber\": \"123456\",\r                    \"typeCode\": {\r                      \"codeValue\": \"SVB\"\r                    }\r                  },\r                  \"financialParty\": {\r                    \"routingTransitID\": {\r                      \"idValue\": \"1111121306822\"\r                    }\r                  }\r                },\r                \"distributionAmount\": {\r                  \"amountValue\": 800\r                },\r                \"remainingBalanceIndicator\": false,\r                \"prenoteBypassIndicator\":true\r              }\r            ]\r          }\r        },\r        \"eventContext\": {\r          \"worker\": {\r            \"associateOID\": \"G3R9MDBS40828RS9\"\r          }\r        }\r      }\r    }\r  ]\r}",
							"options": {
								"raw": {
									"language": "json"
								}
							}
						},
						"url": {
							"raw": "https://iat-api.adp.com/events/payroll/v1/worker.pay-distribution.change",
							"protocol": "https",
							"host": [
								"iat-api",
								"adp",
								"com"
							],
							"path": [
								"events",
								"payroll",
								"v1",
								"worker.pay-distribution.change"
							]
						}
					},
					"response": []
				},
				{
					"name": "Neg-Add DD with invalid Deposit Amount",
					"request": {
						"method": "POST",
						"header": [
							{
								"key": "Authorization",
								"value": "Bearer 8d43c4f8-ba16-4cb8-a79a-56b61e7dea0d"
							},
							{
								"key": "Content-Type",
								"name": "Content-Type",
								"type": "text",
								"value": "application/json"
							},
							{
								"key": "Accept",
								"type": "text",
								"value": "application/json"
							}
						],
						"body": {
							"mode": "raw",
							"raw": "{\r  \"events\": [\r    {\r      \"data\": {\r        \"transform\": {\r          \"effectiveDateTime\": \"2020-01-10\",\r          \"payDistribution\": {\r            \"distributionInstructions\": [\r              {\r                \"depositAccount\": {\r                  \"financialAccount\": {\r                    \"accountNumber\": \"123456\",\r                    \"typeCode\": {\r                      \"codeValue\": \"SVA\"\r                    }\r                  },\r                  \"financialParty\": {\r                    \"routingTransitID\": {\r                      \"idValue\": \"021306822\"\r                    }\r                  }\r                },\r                \"distributionAmount\": {\r                  \"amountValue\": -100\r                },\r                \"remainingBalanceIndicator\": false,\r                \"prenoteBypassIndicator\":true\r              }\r            ]\r          }\r        },\r        \"eventContext\": {\r          \"worker\": {\r            \"associateOID\": \"G3R9MDBS40828RS9\"\r          }\r        }\r      }\r    }\r  ]\r}",
							"options": {
								"raw": {
									"language": "json"
								}
							}
						},
						"url": {
							"raw": "https://iat-api.adp.com/events/payroll/v1/worker.pay-distribution.change",
							"protocol": "https",
							"host": [
								"iat-api",
								"adp",
								"com"
							],
							"path": [
								"events",
								"payroll",
								"v1",
								"worker.pay-distribution.change"
							]
						}
					},
					"response": []
				}
			],
			"protocolProfileBehavior": {}
		},
		{
			"name": "Update Direct Deposit",
			"item": [
				{
					"name": "Update Direct deposit",
					"request": {
						"method": "POST",
						"header": [
							{
								"key": "Authorization",
								"value": "Bearer 8d43c4f8-ba16-4cb8-a79a-56b61e7dea0d"
							},
							{
								"key": "Content-Type",
								"name": "Content-Type",
								"type": "text",
								"value": "application/json"
							},
							{
								"key": "Accept",
								"type": "text",
								"value": "application/json"
							}
						],
						"body": {
							"mode": "raw",
							"raw": "{\r  \"events\": [\r    {\r      \"data\": {\r        \"transform\": {\r          \"effectiveDateTime\": \"2020-01-14\",\r          \"payDistribution\": {\r            \"distributionInstructions\": [\r              {\r                \"depositAccount\": {\r                  \"financialAccount\": {\r                    \"accountNumber\": \"123456\",\r                    \"typeCode\": {\r                      \"codeValue\": \"SVB\"\r                    }\r                  },\r                  \"financialParty\": {\r                    \"routingTransitID\": {\r                      \"idValue\": \"021306822\"\r                    }\r                  }\r                },\r                \"distributionAmount\": {\r                  \"amountValue\": 700\r                },\r                \"remainingBalanceIndicator\": false,\r                \"prenoteBypassIndicator\":true\r              }\r            ]\r          }\r        },\r        \"eventContext\": {\r          \"worker\": {\r            \"associateOID\": \"G3R9MDBS40828RS9\"\r          }\r        }\r      }\r    }\r  ]\r}",
							"options": {
								"raw": {
									"language": "json"
								}
							}
						},
						"url": {
							"raw": "https://iat-api.adp.com/events/payroll/v1/worker.pay-distribution.change",
							"protocol": "https",
							"host": [
								"iat-api",
								"adp",
								"com"
							],
							"path": [
								"events",
								"payroll",
								"v1",
								"worker.pay-distribution.change"
							]
						}
					},
					"response": []
				},
				{
					"name": "Update the Bank Transit number of an existing Direct Deposit",
					"request": {
						"method": "POST",
						"header": [
							{
								"key": "Authorization",
								"value": "Bearer 8d43c4f8-ba16-4cb8-a79a-56b61e7dea0d"
							},
							{
								"key": "Content-Type",
								"name": "Content-Type",
								"type": "text",
								"value": "application/json"
							},
							{
								"key": "Accept",
								"type": "text",
								"value": "application/json"
							}
						],
						"body": {
							"mode": "raw",
							"raw": "{\r  \"events\": [\r    {\r      \"data\": {\r        \"transform\": {\r          \"effectiveDateTime\": \"2020-01-14\",\r          \"payDistribution\": {\r            \"distributionInstructions\": [\r              {\r                \"depositAccount\": {\r                  \"financialAccount\": {\r                    \"accountNumber\": \"123456\",\r                    \"typeCode\": {\r                      \"codeValue\": \"SVB\"\r                    }\r                  },\r                  \"financialParty\": {\r                    \"routingTransitID\": {\r                      \"idValue\": \"021200025\"\r                    }\r                  }\r                },\r                \"distributionAmount\": {\r                  \"amountValue\": 800\r                },\r                \"remainingBalanceIndicator\": false,\r                \"prenoteBypassIndicator\":true\r              }\r            ]\r          }\r        },\r        \"eventContext\": {\r          \"worker\": {\r            \"associateOID\": \"G3R9MDBS40828RS9\"\r          }\r        }\r      }\r    }\r  ]\r}",
							"options": {
								"raw": {
									"language": "json"
								}
							}
						},
						"url": {
							"raw": "https://iat-api.adp.com/events/payroll/v1/worker.pay-distribution.change",
							"protocol": "https",
							"host": [
								"iat-api",
								"adp",
								"com"
							],
							"path": [
								"events",
								"payroll",
								"v1",
								"worker.pay-distribution.change"
							]
						}
					},
					"response": []
				},
				{
					"name": "Update the Account number of an  existing Direct Deposit",
					"request": {
						"method": "POST",
						"header": [
							{
								"key": "Authorization",
								"value": "Bearer 8d43c4f8-ba16-4cb8-a79a-56b61e7dea0d"
							},
							{
								"key": "Content-Type",
								"name": "Content-Type",
								"type": "text",
								"value": "application/json"
							},
							{
								"key": "Accept",
								"type": "text",
								"value": "application/json"
							}
						],
						"body": {
							"mode": "raw",
							"raw": "{\r  \"events\": [\r    {\r      \"data\": {\r        \"transform\": {\r          \"effectiveDateTime\": \"2020-01-14\",\r          \"payDistribution\": {\r            \"distributionInstructions\": [\r              {\r                \"depositAccount\": {\r                  \"financialAccount\": {\r                    \"accountNumber\": \"123456789\",\r                    \"typeCode\": {\r                      \"codeValue\": \"SVB\"\r                    }\r                  },\r                  \"financialParty\": {\r                    \"routingTransitID\": {\r                      \"idValue\": \"021200025\"\r                    }\r                  }\r                },\r                \"distributionAmount\": {\r                  \"amountValue\": 800\r                },\r                \"remainingBalanceIndicator\": false,\r                \"prenoteBypassIndicator\":true\r              }\r            ]\r          }\r        },\r        \"eventContext\": {\r          \"worker\": {\r            \"associateOID\": \"G3R9MDBS40828RS9\"\r          }\r        }\r      }\r    }\r  ]\r}",
							"options": {
								"raw": {
									"language": "json"
								}
							}
						},
						"url": {
							"raw": "https://iat-api.adp.com/events/payroll/v1/worker.pay-distribution.change",
							"protocol": "https",
							"host": [
								"iat-api",
								"adp",
								"com"
							],
							"path": [
								"events",
								"payroll",
								"v1",
								"worker.pay-distribution.change"
							]
						}
					},
					"response": []
				},
				{
					"name": "Update the amounts of deposits",
					"request": {
						"method": "POST",
						"header": [
							{
								"key": "Authorization",
								"value": "Bearer 8d43c4f8-ba16-4cb8-a79a-56b61e7dea0d"
							},
							{
								"key": "Content-Type",
								"name": "Content-Type",
								"type": "text",
								"value": "application/json"
							},
							{
								"key": "Accept",
								"type": "text",
								"value": "application/json"
							}
						],
						"body": {
							"mode": "raw",
							"raw": "{\r  \"events\": [\r    {\r      \"data\": {\r        \"transform\": {\r          \"effectiveDateTime\": \"2020-01-14\",\r          \"payDistribution\": {\r            \"distributionInstructions\": [\r              {\r                \"depositAccount\": {\r                  \"financialAccount\": {\r                    \"accountNumber\": \"123456\",\r                    \"typeCode\": {\r                      \"codeValue\": \"SVB\"\r                    }\r                  },\r                  \"financialParty\": {\r                    \"routingTransitID\": {\r                      \"idValue\": \"021306822\"\r                    }\r                  }\r                },\r                \"distributionAmount\": {\r                  \"amountValue\": 700\r                },\r                \"remainingBalanceIndicator\": false,\r                \"prenoteBypassIndicator\":true\r              }\r            ]\r          }\r        },\r        \"eventContext\": {\r          \"worker\": {\r            \"associateOID\": \"G3R9MDBS40828RS9\"\r          }\r        }\r      }\r    }\r  ]\r}",
							"options": {
								"raw": {
									"language": "json"
								}
							}
						},
						"url": {
							"raw": "https://iat-api.adp.com/events/payroll/v1/worker.pay-distribution.change",
							"protocol": "https",
							"host": [
								"iat-api",
								"adp",
								"com"
							],
							"path": [
								"events",
								"payroll",
								"v1",
								"worker.pay-distribution.change"
							]
						}
					},
					"response": []
				},
				{
					"name": "Update DD-Full Net-to-Deposit Amount",
					"request": {
						"method": "POST",
						"header": [
							{
								"key": "Authorization",
								"value": "Bearer 8d43c4f8-ba16-4cb8-a79a-56b61e7dea0d"
							},
							{
								"key": "Content-Type",
								"name": "Content-Type",
								"type": "text",
								"value": "application/json"
							},
							{
								"key": "Accept",
								"type": "text",
								"value": "application/json"
							}
						],
						"body": {
							"mode": "raw",
							"raw": "{\r  \"events\": [\r    {\r      \"data\": {\r        \"transform\": {\r          \"effectiveDateTime\": \"2020-01-10\",\r          \"payDistribution\": {\r            \"distributionInstructions\": [\r              {\r                \"depositAccount\": {\r                  \"financialAccount\": {\r                    \"accountNumber\": \"123456\",\r                    \"typeCode\": {\r                      \"codeValue\": \"SVA\"\r                    }\r                  },\r                  \"financialParty\": {\r                    \"routingTransitID\": {\r                      \"idValue\": \"021200025\"\r                    }\r                  }\r                },\r              \r                \"remainingBalanceIndicator\": true,\r                \"prenoteBypassIndicator\": false\r              },\r              {\r                \"depositAccount\": {\r                  \"financialAccount\": {\r                    \"accountNumber\": \"123456\",\r                    \"typeCode\": {\r                      \"codeValue\": \"SVB\"\r                    }\r                  },\r                  \"financialParty\": {\r                    \"routingTransitID\": {\r                      \"idValue\": \"021306822\"\r                    }\r                  }\r                },\r                \"distributionAmount\": {\r                  \"amountValue\": 100\r                },\r               \r                \"prenoteBypassIndicator\": false\r              }\r              \r            ]\r          }\r        },\r        \"eventContext\": {\r          \"worker\": {\r            \"associateOID\": \"G3R9MDBS40828RS9\"\r          }\r        }\r      }\r    }\r  ]\r}",
							"options": {
								"raw": {
									"language": "json"
								}
							}
						},
						"url": {
							"raw": "https://iat-api.adp.com/events/payroll/v1/worker.pay-distribution.change",
							"protocol": "https",
							"host": [
								"iat-api",
								"adp",
								"com"
							],
							"path": [
								"events",
								"payroll",
								"v1",
								"worker.pay-distribution.change"
							]
						}
					},
					"response": []
				},
				{
					"name": "Update DD-Deposit Amount-To-Full Net",
					"request": {
						"method": "POST",
						"header": [
							{
								"key": "Authorization",
								"value": "Bearer 8d43c4f8-ba16-4cb8-a79a-56b61e7dea0d"
							},
							{
								"key": "Content-Type",
								"name": "Content-Type",
								"type": "text",
								"value": "application/json"
							},
							{
								"key": "Accept",
								"type": "text",
								"value": "application/json"
							}
						],
						"body": {
							"mode": "raw",
							"raw": "{\r  \"events\": [\r    {\r      \"data\": {\r        \"transform\": {\r          \"effectiveDateTime\": \"2020-01-14\",\r          \"payDistribution\": {\r            \"distributionInstructions\": [\r              {\r                \"depositAccount\": {\r                  \"financialAccount\": {\r                    \"accountNumber\": \"123456\",\r                    \"typeCode\": {\r                      \"codeValue\": \"SVB\"\r                    }\r                  },\r                  \"financialParty\": {\r                    \"routingTransitID\": {\r                      \"idValue\": \"021306822\"\r                    }\r                  }\r                },\r                \"distributionAmount\": {\r                  \"amountValue\": 700\r                },\r                \"remainingBalanceIndicator\": false,\r                \"prenoteBypassIndicator\":true\r              }\r            ]\r          }\r        },\r        \"eventContext\": {\r          \"worker\": {\r            \"associateOID\": \"G3R9MDBS40828RS9\"\r          }\r        }\r      }\r    }\r  ]\r}",
							"options": {
								"raw": {
									"language": "json"
								}
							}
						},
						"url": {
							"raw": "https://iat-api.adp.com/events/payroll/v1/worker.pay-distribution.change",
							"protocol": "https",
							"host": [
								"iat-api",
								"adp",
								"com"
							],
							"path": [
								"events",
								"payroll",
								"v1",
								"worker.pay-distribution.change"
							]
						}
					},
					"response": []
				},
				{
					"name": "Neg-Update Direct Deposit with invalid AccountType",
					"request": {
						"method": "POST",
						"header": [
							{
								"key": "Authorization",
								"value": "Bearer 8d43c4f8-ba16-4cb8-a79a-56b61e7dea0d"
							},
							{
								"key": "Content-Type",
								"name": "Content-Type",
								"type": "text",
								"value": "application/json"
							},
							{
								"key": "Accept",
								"type": "text",
								"value": "application/json"
							}
						],
						"body": {
							"mode": "raw",
							"raw": "{\r  \"events\": [\r    {\r      \"data\": {\r        \"transform\": {\r          \"effectiveDateTime\": \"2020-01-14\",\r          \"payDistribution\": {\r            \"distributionInstructions\": [\r              {\r                \"depositAccount\": {\r                  \"financialAccount\": {\r                    \"accountNumber\": \"123456\",\r                    \"typeCode\": {\r                      \"codeValue\": \"CXCX\"\r                    }\r                  },\r                  \"financialParty\": {\r                    \"routingTransitID\": {\r                      \"idValue\": \"021306822\"\r                    }\r                  }\r                },\r                \"distributionAmount\": {\r                  \"amountValue\": 700\r                },\r                \"remainingBalanceIndicator\": false,\r                \"prenoteBypassIndicator\":true\r              }\r            ]\r          }\r        },\r        \"eventContext\": {\r          \"worker\": {\r            \"associateOID\": \"G3R9MDBS40828RS9\"\r          }\r        }\r      }\r    }\r  ]\r}",
							"options": {
								"raw": {
									"language": "json"
								}
							}
						},
						"url": {
							"raw": "https://iat-api.adp.com/events/payroll/v1/worker.pay-distribution.change",
							"protocol": "https",
							"host": [
								"iat-api",
								"adp",
								"com"
							],
							"path": [
								"events",
								"payroll",
								"v1",
								"worker.pay-distribution.change"
							]
						}
					},
					"response": []
				},
				{
					"name": "Neg-Update DD with invalid Bank Transit number",
					"request": {
						"method": "POST",
						"header": [
							{
								"key": "Authorization",
								"value": "Bearer 8d43c4f8-ba16-4cb8-a79a-56b61e7dea0d"
							},
							{
								"key": "Content-Type",
								"name": "Content-Type",
								"type": "text",
								"value": "application/json"
							},
							{
								"key": "Accept",
								"type": "text",
								"value": "application/json"
							}
						],
						"body": {
							"mode": "raw",
							"raw": "{\r  \"events\": [\r    {\r      \"data\": {\r        \"transform\": {\r          \"effectiveDateTime\": \"2020-01-14\",\r          \"payDistribution\": {\r            \"distributionInstructions\": [\r              {\r                \"depositAccount\": {\r                  \"financialAccount\": {\r                    \"accountNumber\": \"123456\",\r                    \"typeCode\": {\r                      \"codeValue\": \"SVB\"\r                    }\r                  },\r                  \"financialParty\": {\r                    \"routingTransitID\": {\r                      \"idValue\": \"1111121306822\"\r                    }\r                  }\r                },\r                \"distributionAmount\": {\r                  \"amountValue\": 800\r                },\r                \"remainingBalanceIndicator\": false,\r                \"prenoteBypassIndicator\":true\r              }\r            ]\r          }\r        },\r        \"eventContext\": {\r          \"worker\": {\r            \"associateOID\": \"G3R9MDBS40828RS9\"\r          }\r        }\r      }\r    }\r  ]\r}",
							"options": {
								"raw": {
									"language": "json"
								}
							}
						},
						"url": {
							"raw": "https://iat-api.adp.com/events/payroll/v1/worker.pay-distribution.change",
							"protocol": "https",
							"host": [
								"iat-api",
								"adp",
								"com"
							],
							"path": [
								"events",
								"payroll",
								"v1",
								"worker.pay-distribution.change"
							]
						}
					},
					"response": []
				},
				{
					"name": "Neg-Update DD with invalid Deposit Amount",
					"request": {
						"method": "POST",
						"header": [
							{
								"key": "Authorization",
								"value": "Bearer 8d43c4f8-ba16-4cb8-a79a-56b61e7dea0d"
							},
							{
								"key": "Content-Type",
								"name": "Content-Type",
								"type": "text",
								"value": "application/json"
							},
							{
								"key": "Accept",
								"type": "text",
								"value": "application/json"
							}
						],
						"body": {
							"mode": "raw",
							"raw": "{\r  \"events\": [\r    {\r      \"data\": {\r        \"transform\": {\r          \"effectiveDateTime\": \"2020-01-10\",\r          \"payDistribution\": {\r            \"distributionInstructions\": [\r              {\r                \"depositAccount\": {\r                  \"financialAccount\": {\r                    \"accountNumber\": \"123456\",\r                    \"typeCode\": {\r                      \"codeValue\": \"SVA\"\r                    }\r                  },\r                  \"financialParty\": {\r                    \"routingTransitID\": {\r                      \"idValue\": \"021306822\"\r                    }\r                  }\r                },\r                \"distributionAmount\": {\r                  \"amountValue\": -100\r                },\r                \"remainingBalanceIndicator\": false,\r                \"prenoteBypassIndicator\":true\r              }\r            ]\r          }\r        },\r        \"eventContext\": {\r          \"worker\": {\r            \"associateOID\": \"G3R9MDBS40828RS9\"\r          }\r        }\r      }\r    }\r  ]\r}",
							"options": {
								"raw": {
									"language": "json"
								}
							}
						},
						"url": {
							"raw": "https://iat-api.adp.com/events/payroll/v1/worker.pay-distribution.change",
							"protocol": "https",
							"host": [
								"iat-api",
								"adp",
								"com"
							],
							"path": [
								"events",
								"payroll",
								"v1",
								"worker.pay-distribution.change"
							]
						}
					},
					"response": []
				},
				{
					"name": "Neg-Update DD for invalid AOID",
					"request": {
						"method": "POST",
						"header": [
							{
								"key": "Authorization",
								"value": "Bearer 8d43c4f8-ba16-4cb8-a79a-56b61e7dea0d"
							},
							{
								"key": "Content-Type",
								"name": "Content-Type",
								"type": "text",
								"value": "application/json"
							},
							{
								"key": "Accept",
								"type": "text",
								"value": "application/json"
							}
						],
						"body": {
							"mode": "raw",
							"raw": "{\r  \"events\": [\r    {\r      \"data\": {\r        \"transform\": {\r          \"effectiveDateTime\": \"2020-01-10\",\r          \"payDistribution\": {\r            \"distributionInstructions\": [\r              {\r                \"depositAccount\": {\r                  \"financialAccount\": {\r                    \"accountNumber\": \"123456\",\r                    \"typeCode\": {\r                      \"codeValue\": \"SVA\"\r                    }\r                  },\r                  \"financialParty\": {\r                    \"routingTransitID\": {\r                      \"idValue\": \"021306822\"\r                    }\r                  }\r                },\r                \"distributionAmount\": {\r                  \"amountValue\": -100\r                },\r                \"remainingBalanceIndicator\": false,\r                \"prenoteBypassIndicator\":true\r              }\r            ]\r          }\r        },\r        \"eventContext\": {\r          \"worker\": {\r            \"associateOID\": \"G3R9MDBS40828RS9\"\r          }\r        }\r      }\r    }\r  ]\r}",
							"options": {
								"raw": {
									"language": "json"
								}
							}
						},
						"url": {
							"raw": "https://iat-api.adp.com/events/payroll/v1/worker.pay-distribution.change",
							"protocol": "https",
							"host": [
								"iat-api",
								"adp",
								"com"
							],
							"path": [
								"events",
								"payroll",
								"v1",
								"worker.pay-distribution.change"
							]
						}
					},
					"response": []
				}
			],
			"protocolProfileBehavior": {}
		},
		{
			"name": "Access token call",
			"request": {
				"method": "POST",
				"header": [
					{
						"key": "Content-Type",
						"value": "application/x-www-form-urlencoded"
					}
				],
				"body": {
					"mode": "urlencoded",
					"urlencoded": [
						{
							"key": "grant_type",
							"value": "client_credentials",
							"type": "text"
						},
						{
							"key": "client_id",
							"value": "Your client_id here",
							"type": "text"
						},
						{
							"key": "client_secret",
							"value": "Your client secret here",
							"type": "text"
						}
					]
				},
				"url": {
					"raw": "https://iat-api.adp.com/auth/oauth/v2/token",
					"protocol": "https",
					"host": [
						"iat-api",
						"adp",
						"com"
					],
					"path": [
						"auth",
						"oauth",
						"v2",
						"token"
					]
				}
			},
			"response": []
		},
		{
			"name": "AccountTypes-Codelist",
			"request": {
				"method": "GET",
				"header": [
					{
						"key": "Authorization",
						"value": "Bearer 6edf5dab-0f13-456f-91a8-9f8b650e82fb"
					},
					{
						"key": "If-None-Match",
						"type": "text",
						"value": "true"
					},
					{
						"key": "Accept",
						"type": "text",
						"value": "application/json"
					},
					{
						"key": "Accept",
						"type": "text",
						"value": "application/json;masked=false",
						"disabled": true
					}
				],
				"url": {
					"raw": "https://iat-api.adp.com/codelists/payroll/v3/payroll-instruction-management/directdepositdeductioncodevalues?payrollGroupCode=VK2E&aoid=G3R9MDBS40828RS9",
					"protocol": "https",
					"host": [
						"iat-api",
						"adp",
						"com"
					],
					"path": [
						"codelists",
						"payroll",
						"v3",
						"payroll-instruction-management",
						"directdepositdeductioncodevalues"
					],
					"query": [
						{
							"key": "payrollGroupCode",
							"value": "VK2E"
						},
						{
							"key": "aoid",
							"value": "G3R9MDBS40828RS9"
						}
					]
				}
			},
			"response": []
		},
		{
			"name": "Workers API",
			"request": {
				"method": "GET",
				"header": [
					{
						"key": "Authorization",
						"value": "Bearer f0fc112d-3ca8-4fb6-ac15-93c3c9cb0351"
					},
					{
						"key": "Accept",
						"value": "application/json",
						"type": "text"
					},
					{
						"key": "sm_serversessionID",
						"value": "test23prod",
						"type": "text",
						"disabled": true
					},
					{
						"key": "sm_transactionid",
						"value": "vantest123prod",
						"type": "text",
						"disabled": true
					}
				],
				"url": {
					"raw": "https://iat-api.adp.com/hr/v2/workers?$select=workers/businessCommunication/emails/emailUri",
					"protocol": "https",
					"host": [
						"iat-api",
						"adp",
						"com"
					],
					"path": [
						"hr",
						"v2",
						"workers"
					],
					"query": [
						{
							"key": "$select",
							"value": "workers/businessCommunication/emails/emailUri"
						}
					]
				}
			},
			"response": []
		},
		{
			"name": "core/v1/event-notification-messages",
			"request": {
				"method": "GET",
				"header": [
					{
						"key": "Authorization",
						"value": "Bearer 6065c0f5-817b-4ddf-bf52-5721f06d2270"
					},
					{
						"key": "prefer",
						"value": "/adp/long-polling",
						"disabled": true
					}
				],
				"url": {
					"raw": "https://iat-api.adp.com/core/v1/event-notification-messages",
					"protocol": "https",
					"host": [
						"iat-api",
						"adp",
						"com"
					],
					"path": [
						"core",
						"v1",
						"event-notification-messages"
					]
				}
			},
			"response": []
		},
		{
			"name": "core/v1/event-notification-messages",
			"request": {
				"method": "DELETE",
				"header": [
					{
						"key": "Authorization",
						"value": "Bearer 6edf5dab-0f13-456f-91a8-9f8b650e82fb"
					},
					{
						"key": "prefer",
						"value": "/adp/long-polling",
						"disabled": true
					}
				],
				"url": {
					"raw": "https://iat-api.adp.com/core/v1/event-notification-messages/0x_414d51204253494e464f425131322020a13ba15d72476029",
					"protocol": "https",
					"host": [
						"iat-api",
						"adp",
						"com"
					],
					"path": [
						"core",
						"v1",
						"event-notification-messages",
						"0x_414d51204253494e464f425131322020a13ba15d72476029"
					]
				}
			},
			"response": []
		}
	],
	"protocolProfileBehavior": {}
}