{
	"info": {
		"_postman_id": "a768312f-92da-45a5-bcdd-a67332c73d1a",
		"name": "BaseRemuneration Change API-WFN-IAT GITHUB-B2B",
		"schema": "https://schema.getpostman.com/json/collection/v2.1.0/collection.json"
	},
	"item": [
		{
			"name": "RegularPay Meta Get call",
			"protocolProfileBehavior": {
				"disableBodyPruning": true
			},
			"request": {
				"method": "GET",
				"header": [
					{
						"key": "Authorization",
						"value": "Bearer e2e80021-1eea-4d7c-b4c9-7b549d8a1693",
						"type": "text"
					}
				],
				"body": {
					"mode": "raw",
					"raw": "{\r\t\"reasonCode\": {\r\t\t\"code\": \"ADL\"\r\t},\r\r    \"baseRemuneration\": {\r        \"hourlyRateAmount\": {\r            \"amount\": 500\r        },\r           \"effectiveDate\": \"2020-02-14\"\r        \r    },\r    \"payCycleCode\": {\r        \"code\": \"4\"\r    },\r    \"standardHours\": {\r        \"hoursQuantity\": 80\r    },\r    \"wageLawCoverage\": {\r        \"coverageCode\": {\r            \"code\": \"E\"\r        }\r    },\r    \"premiumRateFactor\": {\r        \"unitCode\": {\r            \"code\": \"3\"\r        }\r    },\r    \"tippedWorkerIndicator\": false\r}",
					"options": {
						"raw": {
							"language": "json"
						}
					}
				},
				"url": {
					"raw": "https://iat-api.adp.com/hr/worker-profile/v1/workers/G372T336YEJ07AWG/work-assignments/26849471_194297/base-remuneration/meta?effDate=2020-01-31",
					"protocol": "https",
					"host": [
						"iat-api",
						"adp",
						"com"
					],
					"path": [
						"hr",
						"worker-profile",
						"v1",
						"workers",
						"G372T336YEJ07AWG",
						"work-assignments",
						"26849471_194297",
						"base-remuneration",
						"meta"
					],
					"query": [
						{
							"key": "effDate",
							"value": "2020-01-31"
						}
					]
				}
			},
			"response": []
		},
		{
			"name": "worker API get call",
			"request": {
				"method": "GET",
				"header": [
					{
						"key": "Authorization",
						"value": "Bearer a5071594-c5fe-4bb1-bc4d-b7494ba28774",
						"type": "text"
					},
					{
						"key": "Accept",
						"value": "application/json;masked=false",
						"type": "text"
					}
				],
				"url": {
					"raw": "https://iat-api.adp.com/hr/v2/workers/G34YJ69EMRR79G83",
					"protocol": "https",
					"host": [
						"iat-api",
						"adp",
						"com"
					],
					"path": [
						"hr",
						"v2",
						"workers",
						"G34YJ69EMRR79G83"
					]
				}
			},
			"response": []
		},
		{
			"name": "Access token_WFN",
			"request": {
				"method": "POST",
				"header": [
					{
						"key": "Content-Type",
						"value": "application/x-www-form-urlencoded"
					}
				],
				"body": {
					"mode": "urlencoded",
					"urlencoded": [
						{
							"key": "grant_type",
							"value": "client_credentials",
							"type": "text"
						},
						{
							"key": "client_id",
							"value": "ClientID here",
							"type": "text"
						},
						{
							"key": "client_secret",
							"value": "Client Secret here",
							"type": "text"
						}
					]
				},
				"url": {
					"raw": "https://iat-api.adp.com/auth/oauth/v2/token",
					"protocol": "https",
					"host": [
						"iat-api",
						"adp",
						"com"
					],
					"path": [
						"auth",
						"oauth",
						"v2",
						"token"
					]
				}
			},
			"response": []
		},
		{
			"name": "Enter the Regular pay only the Hour pass",
			"request": {
				"method": "PUT",
				"header": [
					{
						"key": "Authorization",
						"value": "Bearer e2e80021-1eea-4d7c-b4c9-7b549d8a1693",
						"type": "text"
					}
				],
				"body": {
					"mode": "raw",
					"raw": "{\n    \"reasonCode\": {\n        \"code\": \"ADJ\"\n    },\n    \"baseRemuneration\": {\n        \"dailyRateAmount\": {\n            \"amount\": 600\n        },\n        \"effectiveDate\": \"2020-02-17\"\n    },\n    \"payCycleCode\": {\n        \"code\": \"2\"\n    },\n    \"standardHours\": {\n        \"hoursQuantity\": \"70\"\n    },\n    \"wageLawCoverage\": {\n        \"coverageCode\": {\n            \"code\": \"N\"\n        }\n    },\n    \"premiumRateFactor\": {\n        \"unitCode\": {\n            \"code\": \"3\"\n        }\n    },\n    \"tippedWorkerIndicator\": false\n}",
					"options": {
						"raw": {
							"language": "json"
						}
					}
				},
				"url": {
					"raw": "https://iat-api.adp.com/hr/worker-profile/v1/workers/G372T336YEJ07AWG/work-assignments/26849471_194297/base-remuneration?effDate=2020-01-31",
					"protocol": "https",
					"host": [
						"iat-api",
						"adp",
						"com"
					],
					"path": [
						"hr",
						"worker-profile",
						"v1",
						"workers",
						"G372T336YEJ07AWG",
						"work-assignments",
						"26849471_194297",
						"base-remuneration"
					],
					"query": [
						{
							"key": "effDate",
							"value": "2020-01-31"
						}
					]
				}
			},
			"response": []
		},
		{
			"name": "Enter Invalid Rgular Pay only the Hour passed",
			"request": {
				"method": "PUT",
				"header": [
					{
						"key": "Authorization",
						"value": "Bearer 971b2435-19d0-428d-8013-c0ec54b5df3f",
						"type": "text"
					}
				],
				"body": {
					"mode": "raw",
					"raw": "{\r\t\"reasonCode\": {\r\t\t\"code\": \"ADL\"\r\t},\r    \"baseRemuneration\": {\r        \"hourlyRateAmount\": {\r            \"amount\": 30000000000000000000000\r        },\r           \"effectiveDate\": \"2019-11-22\"\r        \r    },\r    \"payCycleCode\": {\r        \"code\": \"4\"\r    },\r    \"standardHours\": {\r        \"hoursQuantity\": 80\r    },\r    \"wageLawCoverage\": {\r        \"coverageCode\": {\r            \"code\": \"N\"\r        }\r    },\r    \"premiumRateFactor\": {\r        \"unitCode\": {\r            \"code\": \"3\"\r        }\r    },\r    \"tippedWorkerIndicator\": false\r}",
					"options": {
						"raw": {
							"language": "json"
						}
					}
				},
				"url": {
					"raw": "https://iat-api.adp.com/hr/worker-profile/v1/workers/G372T336YEJ07AWG/work-assignments/26849471_194297/base-remuneration?effDate=2020-01-31",
					"protocol": "https",
					"host": [
						"iat-api",
						"adp",
						"com"
					],
					"path": [
						"hr",
						"worker-profile",
						"v1",
						"workers",
						"G372T336YEJ07AWG",
						"work-assignments",
						"26849471_194297",
						"base-remuneration"
					],
					"query": [
						{
							"key": "effDate",
							"value": "2020-01-31"
						}
					]
				}
			},
			"response": []
		},
		{
			"name": "Enter valid Rgular Pay only the Daily Amount passed",
			"request": {
				"method": "PUT",
				"header": [
					{
						"key": "Authorization",
						"type": "text",
						"value": "Bearer 971b2435-19d0-428d-8013-c0ec54b5df3f"
					}
				],
				"body": {
					"mode": "raw",
					"raw": "{\r\t\"reasonCode\": {\r\t\t\"code\": \"ADL\"\r\t},\r    \"baseRemuneration\": {\r            \"dailyRateAmount\": {\r            \"amount\": 6000\r        },   \r        \"effectiveDate\": \"2020-02-14\"\r\r        \r    },\r    \"payCycleCode\": {\r        \"code\": \"5\"\r    },\r    \"standardHours\": {\r        \"hoursQuantity\": 80\r    },\r    \"wageLawCoverage\": {\r        \"coverageCode\": {\r            \"code\": \"N\"\r        }\r    },\r    \"premiumRateFactor\": {\r        \"unitCode\": {\r            \"code\": \"3\"\r        }\r    },\r    \"tippedWorkerIndicator\": true\r}",
					"options": {
						"raw": {
							"language": "json"
						}
					}
				},
				"url": {
					"raw": "https://iat-api.adp.com/hr/worker-profile/v1/workers/G372T336YEJ07AWG/work-assignments/26849471_194297/base-remuneration?effDate=2020-01-31",
					"protocol": "https",
					"host": [
						"iat-api",
						"adp",
						"com"
					],
					"path": [
						"hr",
						"worker-profile",
						"v1",
						"workers",
						"G372T336YEJ07AWG",
						"work-assignments",
						"26849471_194297",
						"base-remuneration"
					],
					"query": [
						{
							"key": "effDate",
							"value": "2020-01-31"
						}
					]
				}
			},
			"response": []
		},
		{
			"name": "Enter Invalid Rgular Pay only the Daily Amount passed",
			"request": {
				"method": "PUT",
				"header": [
					{
						"key": "Authorization",
						"type": "text",
						"value": "Bearer 971b2435-19d0-428d-8013-c0ec54b5df3f"
					}
				],
				"body": {
					"mode": "raw",
					"raw": "{\r\t\"reasonCode\": {\r\t\t\"code\": \"ADL\"\r\t},\r    \"baseRemuneration\": {\r            \"dailyRateAmount\": {\r            \"amount\": 600000000000000000000000\r        },\r           \"effectiveDate\": \"2019-11-22\"\r\r        \r    },\r    \"payCycleCode\": {\r        \"code\": \"4\"\r    },\r    \"standardHours\": {\r        \"hoursQuantity\": 80\r    },\r    \"wageLawCoverage\": {\r        \"coverageCode\": {\r            \"code\": \"N\"\r        }\r    },\r    \"premiumRateFactor\": {\r        \"unitCode\": {\r            \"code\": \"3\"\r        }\r    },\r    \"tippedWorkerIndicator\": false\r}",
					"options": {
						"raw": {
							"language": "json"
						}
					}
				},
				"url": {
					"raw": "https://iat-api.adp.com/hr/worker-profile/v1/workers/G372T336YEJ07AWG/work-assignments/26849471_194297/base-remuneration?effDate=2020-01-31",
					"protocol": "https",
					"host": [
						"iat-api",
						"adp",
						"com"
					],
					"path": [
						"hr",
						"worker-profile",
						"v1",
						"workers",
						"G372T336YEJ07AWG",
						"work-assignments",
						"26849471_194297",
						"base-remuneration"
					],
					"query": [
						{
							"key": "effDate",
							"value": "2020-01-31"
						}
					]
				}
			},
			"response": []
		},
		{
			"name": "Enter Valid Regular Pay only the salary amount pass",
			"request": {
				"method": "PUT",
				"header": [
					{
						"key": "Authorization",
						"type": "text",
						"value": "Bearer 96c047fa-b944-49ef-9a5b-011eaed2e871"
					}
				],
				"body": {
					"mode": "raw",
					"raw": "{\r\t\"reasonCode\": {\r\t\t\"code\": \"ADJ\"\r\t},\r    \"baseRemuneration\": {\r       \"payPeriodRateAmount\": {\r            \"amount\": 200\r        },\r           \"effectiveDate\": \"2020-02-14\"\r\r        \r    },\r    \"payCycleCode\": {\r        \"code\": \"4\"\r    },\r    \"standardHours\": {\r        \"hoursQuantity\": 80\r    },\r    \"wageLawCoverage\": {\r        \"coverageCode\": {\r            \"code\": \"N\"\r        }\r    },\r    \"premiumRateFactor\": {\r        \"unitCode\": {\r            \"code\": \"3\"\r        }\r    },\r    \"tippedWorkerIndicator\": false\r}",
					"options": {
						"raw": {
							"language": "json"
						}
					}
				},
				"url": {
					"raw": "https://iat-api.adp.com/hr/worker-profile/v1/workers/G34YJ69EMRR79G83/work-assignments/88326819N/base-remuneration?effDate=2020-01-31",
					"protocol": "https",
					"host": [
						"iat-api",
						"adp",
						"com"
					],
					"path": [
						"hr",
						"worker-profile",
						"v1",
						"workers",
						"G34YJ69EMRR79G83",
						"work-assignments",
						"88326819N",
						"base-remuneration"
					],
					"query": [
						{
							"key": "effDate",
							"value": "2020-01-31"
						}
					]
				}
			},
			"response": []
		},
		{
			"name": "Enter  INValid Regular Pay only the salary amount pass",
			"request": {
				"method": "PUT",
				"header": [
					{
						"key": "Authorization",
						"type": "text",
						"value": "Bearer 96c047fa-b944-49ef-9a5b-011eaed2e871"
					}
				],
				"body": {
					"mode": "raw",
					"raw": "{\r\t\"reasonCode\": {\r\t\t\"code\": \"ADL\"\r\t},\r    \"baseRemuneration\": {\r       \"payPeriodRateAmount\": {\r            \"amount\": 600000000000000000\r        },\r           \"effectiveDate\": \"2020-02-14\"\r\r      },\r    \"payCycleCode\": {\r        \"code\": \"4\"\r    },\r    \"standardHours\": {\r        \"hoursQuantity\": 80\r    },\r    \"wageLawCoverage\": {\r        \"coverageCode\": {\r            \"code\": \"N\"\r        }\r    },\r    \"premiumRateFactor\": {\r        \"unitCode\": {\r            \"code\": \"3\"\r        }\r    },\r    \"tippedWorkerIndicator\": false\r}",
					"options": {
						"raw": {
							"language": "json"
						}
					}
				},
				"url": {
					"raw": "https://iat-api.adp.com/hr/worker-profile/v1/workers/G34YJ69EMRR79G83/work-assignments/88326819N/base-remuneration?effDate=2020-01-31",
					"protocol": "https",
					"host": [
						"iat-api",
						"adp",
						"com"
					],
					"path": [
						"hr",
						"worker-profile",
						"v1",
						"workers",
						"G34YJ69EMRR79G83",
						"work-assignments",
						"88326819N",
						"base-remuneration"
					],
					"query": [
						{
							"key": "effDate",
							"value": "2020-01-31"
						}
					]
				}
			},
			"response": []
		},
		{
			"name": "Enter valid cyclecode for Pay Frequency",
			"request": {
				"method": "PUT",
				"header": [
					{
						"key": "Authorization",
						"type": "text",
						"value": "Bearer 96c047fa-b944-49ef-9a5b-011eaed2e871"
					}
				],
				"body": {
					"mode": "raw",
					"raw": "{\r\t\"reasonCode\": {\r\t\t\"code\": \"ADL\"\r\t},\r    \"baseRemuneration\": {\r        \"hourlyRateAmount\": {\r            \"amount\": 30\r        },\r           \"effectiveDate\": \"2020-02-14\"\r        \r    },\r    \"payCycleCode\": {\r        \"code\": \"2\"\r    },\r    \"standardHours\": {\r        \"hoursQuantity\": 80\r    },\r    \"wageLawCoverage\": {\r        \"coverageCode\": {\r            \"code\": \"N\"\r        }\r    },\r    \"premiumRateFactor\": {\r        \"unitCode\": {\r            \"code\": \"3\"\r        }\r    },\r    \"tippedWorkerIndicator\": false\r}",
					"options": {
						"raw": {
							"language": "json"
						}
					}
				},
				"url": {
					"raw": "https://iat-api.adp.com/hr/worker-profile/v1/workers/G34YJ69EMRR79G83/work-assignments/88326819N/base-remuneration?effDate=2020-01-31",
					"protocol": "https",
					"host": [
						"iat-api",
						"adp",
						"com"
					],
					"path": [
						"hr",
						"worker-profile",
						"v1",
						"workers",
						"G34YJ69EMRR79G83",
						"work-assignments",
						"88326819N",
						"base-remuneration"
					],
					"query": [
						{
							"key": "effDate",
							"value": "2020-01-31"
						}
					]
				}
			},
			"response": []
		},
		{
			"name": "Enter Invalid cyclecode for Pay Frequency",
			"request": {
				"method": "PUT",
				"header": [
					{
						"key": "Authorization",
						"type": "text",
						"value": "Bearer 96c047fa-b944-49ef-9a5b-011eaed2e871"
					}
				],
				"body": {
					"mode": "raw",
					"raw": "{\r\t\"reasonCode\": {\r\t\t\"code\": \"ADL\"\r\t},\r    \"baseRemuneration\": {\r        \"hourlyRateAmount\": {\r            \"amount\": 30\r        },\r           \"effectiveDate\": \"2020-02-14\"\r        \r    },\r    \"payCycleCode\": {\r        \"code\": \"22\"\r    },\r    \"standardHours\": {\r        \"hoursQuantity\": 80\r    },\r    \"wageLawCoverage\": {\r        \"coverageCode\": {\r            \"code\": \"N\"\r        }\r    },\r    \"premiumRateFactor\": {\r        \"unitCode\": {\r            \"code\": \"3\"\r        }\r    },\r    \"tippedWorkerIndicator\": false\r}",
					"options": {
						"raw": {
							"language": "json"
						}
					}
				},
				"url": {
					"raw": "https://iat-api.adp.com/hr/worker-profile/v1/workers/G34YJ69EMRR79G83/work-assignments/88326819N/base-remuneration?effDate=2020-01-31",
					"protocol": "https",
					"host": [
						"iat-api",
						"adp",
						"com"
					],
					"path": [
						"hr",
						"worker-profile",
						"v1",
						"workers",
						"G34YJ69EMRR79G83",
						"work-assignments",
						"88326819N",
						"base-remuneration"
					],
					"query": [
						{
							"key": "effDate",
							"value": "2020-01-31"
						}
					]
				}
			},
			"response": []
		},
		{
			"name": "Enter Empty cyclecode for Pay Frequency",
			"request": {
				"method": "PUT",
				"header": [
					{
						"key": "Authorization",
						"type": "text",
						"value": "Bearer 96c047fa-b944-49ef-9a5b-011eaed2e871"
					}
				],
				"body": {
					"mode": "raw",
					"raw": "{\r\t\"reasonCode\": {\r\t\t\"code\": \"ADL\"\r\t},\r    \"baseRemuneration\": {\r        \"hourlyRateAmount\": {\r            \"amount\": 30\r        },\r           \"effectiveDate\": \"2020-02-14\"\r        \r    },\r    \"payCycleCode\": {\r        \"code\": \"\"\r    },\r    \"standardHours\": {\r        \"hoursQuantity\": 80\r    },\r    \"wageLawCoverage\": {\r        \"coverageCode\": {\r            \"code\": \"N\"\r        }\r    },\r    \"premiumRateFactor\": {\r        \"unitCode\": {\r            \"code\": \"3\"\r        }\r    },\r    \"tippedWorkerIndicator\": false\r}",
					"options": {
						"raw": {
							"language": "json"
						}
					}
				},
				"url": {
					"raw": "https://iat-api.adp.com/hr/worker-profile/v1/workers/G34YJ69EMRR79G83/work-assignments/88326819N/base-remuneration?effDate=2020-01-31",
					"protocol": "https",
					"host": [
						"iat-api",
						"adp",
						"com"
					],
					"path": [
						"hr",
						"worker-profile",
						"v1",
						"workers",
						"G34YJ69EMRR79G83",
						"work-assignments",
						"88326819N",
						"base-remuneration"
					],
					"query": [
						{
							"key": "effDate",
							"value": "2020-01-31"
						}
					]
				}
			},
			"response": []
		},
		{
			"name": "Enter Valid standerd hours for Regular Pay",
			"request": {
				"method": "PUT",
				"header": [
					{
						"key": "Authorization",
						"type": "text",
						"value": "Bearer 96c047fa-b944-49ef-9a5b-011eaed2e871"
					}
				],
				"body": {
					"mode": "raw",
					"raw": "{\r\t\"reasonCode\": {\r\t\t\"code\": \"ADL\"\r\t},\r    \"baseRemuneration\": {\r        \"hourlyRateAmount\": {\r            \"amount\": 400\r        },\r           \"effectiveDate\": \"2020-02-14\"\r        \r    },\r    \"payCycleCode\": {\r        \"code\": \"2\"\r    },\r    \"standardHours\": {\r        \"hoursQuantity\": 100\r    },\r    \"wageLawCoverage\": {\r        \"coverageCode\": {\r            \"code\": \"N\"\r        }\r    },\r    \"premiumRateFactor\": {\r        \"unitCode\": {\r            \"code\": \"3\"\r        }\r    },\r    \"tippedWorkerIndicator\": false\r}",
					"options": {
						"raw": {
							"language": "json"
						}
					}
				},
				"url": {
					"raw": "https://iat-api.adp.com/hr/worker-profile/v1/workers/G34YJ69EMRR79G83/work-assignments/88326819N/base-remuneration?effDate=2020-01-31",
					"protocol": "https",
					"host": [
						"iat-api",
						"adp",
						"com"
					],
					"path": [
						"hr",
						"worker-profile",
						"v1",
						"workers",
						"G34YJ69EMRR79G83",
						"work-assignments",
						"88326819N",
						"base-remuneration"
					],
					"query": [
						{
							"key": "effDate",
							"value": "2020-01-31"
						}
					]
				}
			},
			"response": []
		},
		{
			"name": "Enter InValid standerd hours for Regular Pay",
			"request": {
				"method": "PUT",
				"header": [
					{
						"key": "Authorization",
						"type": "text",
						"value": "Bearer 96c047fa-b944-49ef-9a5b-011eaed2e871"
					}
				],
				"body": {
					"mode": "raw",
					"raw": "{\r\t\"reasonCode\": {\r\t\t\"code\": \"ADL\"\r\t},\r    \"baseRemuneration\": {\r        \"hourlyRateAmount\": {\r            \"amount\": 400\r        },\r           \"effectiveDate\": \"2020-02-14\"\r        \r    },\r    \"payCycleCode\": {\r        \"code\": \"2\"\r    },\r    \"standardHours\": {\r        \"hoursQuantity\": 10000000000000000000000000000000000000\r    },\r    \"wageLawCoverage\": {\r        \"coverageCode\": {\r            \"code\": \"N\"\r        }\r    },\r    \"premiumRateFactor\": {\r        \"unitCode\": {\r            \"code\": \"3\"\r        }\r    },\r    \"tippedWorkerIndicator\": false\r}",
					"options": {
						"raw": {
							"language": "json"
						}
					}
				},
				"url": {
					"raw": "https://iat-api.adp.com/hr/worker-profile/v1/workers/G34YJ69EMRR79G83/work-assignments/88326819N/base-remuneration?effDate=2020-01-31",
					"protocol": "https",
					"host": [
						"iat-api",
						"adp",
						"com"
					],
					"path": [
						"hr",
						"worker-profile",
						"v1",
						"workers",
						"G34YJ69EMRR79G83",
						"work-assignments",
						"88326819N",
						"base-remuneration"
					],
					"query": [
						{
							"key": "effDate",
							"value": "2020-01-31"
						}
					]
				}
			},
			"response": []
		},
		{
			"name": "Set the FLSA Overtime=\"N\" false",
			"request": {
				"method": "PUT",
				"header": [
					{
						"key": "Authorization",
						"type": "text",
						"value": "Bearer a5071594-c5fe-4bb1-bc4d-b7494ba28774"
					}
				],
				"body": {
					"mode": "raw",
					"raw": "{\r\t\"reasonCode\": {\r\t\t\"code\": \"ADL\"\r\t},\r    \"baseRemuneration\": {\r        \"hourlyRateAmount\": {\r            \"amount\": 300\r        },\r           \"effectiveDate\": \"2020-02-17\"\r        \r    },\r    \"payCycleCode\": {\r        \"code\": \"M\"\r    },\r    \"standardHours\": {\r        \"hoursQuantity\": 80\r    },\r    \"wageLawCoverage\": {\r        \"coverageCode\": {\r            \"code\": \"N\"\r        }\r    },\r    \"premiumRateFactor\": {\r        \"unitCode\": {\r            \"code\": \"3\"\r        }\r    },\r    \"tippedWorkerIndicator\":false\r}",
					"options": {
						"raw": {
							"language": "json"
						}
					}
				},
				"url": {
					"raw": "https://iat-api.adp.com/hr/worker-profile/v1/workers/G34YJ69EMRR79G83/work-assignments/88326819N/base-remuneration?effDate=2020-01-31",
					"protocol": "https",
					"host": [
						"iat-api",
						"adp",
						"com"
					],
					"path": [
						"hr",
						"worker-profile",
						"v1",
						"workers",
						"G34YJ69EMRR79G83",
						"work-assignments",
						"88326819N",
						"base-remuneration"
					],
					"query": [
						{
							"key": "effDate",
							"value": "2020-01-31"
						}
					]
				}
			},
			"response": []
		},
		{
			"name": "Set the FLSA Overtime=\"E\" true",
			"request": {
				"method": "PUT",
				"header": [
					{
						"key": "Authorization",
						"type": "text",
						"value": "Bearer a5071594-c5fe-4bb1-bc4d-b7494ba28774"
					}
				],
				"body": {
					"mode": "raw",
					"raw": "{\r\t\"reasonCode\": {\r\t\t\"code\": \"ADL\"\r\t},\r    \"baseRemuneration\": {\r        \"hourlyRateAmount\": {\r            \"amount\": 40\r        },\r           \"effectiveDate\": \"2020-02-17\"\r        \r    },\r    \"payCycleCode\": {\r        \"code\": \"M\"\r    },\r    \"standardHours\": {\r        \"hoursQuantity\": 60\r    },\r    \"wageLawCoverage\": {\r        \"coverageCode\": {\r            \"code\": \"E\"\r        }\r    },\r    \"premiumRateFactor\": {\r        \"unitCode\": {\r            \"code\": \"3\"\r        }\r    },\r    \"tippedWorkerIndicator\":false\r}",
					"options": {
						"raw": {
							"language": "json"
						}
					}
				},
				"url": {
					"raw": "https://iat-api.adp.com/hr/worker-profile/v1/workers/G34YJ69EMRR79G83/work-assignments/88326819N/base-remuneration?effDate=2020-01-31",
					"protocol": "https",
					"host": [
						"iat-api",
						"adp",
						"com"
					],
					"path": [
						"hr",
						"worker-profile",
						"v1",
						"workers",
						"G34YJ69EMRR79G83",
						"work-assignments",
						"88326819N",
						"base-remuneration"
					],
					"query": [
						{
							"key": "effDate",
							"value": "2020-01-31"
						}
					]
				}
			},
			"response": []
		},
		{
			"name": "Change the PremiumRateFactor to number \"4\"",
			"request": {
				"method": "PUT",
				"header": [
					{
						"key": "Authorization",
						"type": "text",
						"value": "Bearer a5071594-c5fe-4bb1-bc4d-b7494ba28774"
					}
				],
				"body": {
					"mode": "raw",
					"raw": "{\r\t\"reasonCode\": {\r\t\t\"code\": \"ADL\"\r\t},\r    \"baseRemuneration\": {\r        \"hourlyRateAmount\": {\r            \"amount\": 50\r        },\r           \"effectiveDate\": \"2020-02-17\"\r        \r    },\r    \"payCycleCode\": {\r        \"code\": \"M\"\r    },\r    \"standardHours\": {\r        \"hoursQuantity\": 50\r    },\r    \"wageLawCoverage\": {\r        \"coverageCode\": {\r            \"code\": \"N\"\r        }\r    },\r    \"premiumRateFactor\": {\r        \"unitCode\": {\r            \"code\": \"10\"\r        }\r    },\r    \"tippedWorkerIndicator\":false\r}",
					"options": {
						"raw": {
							"language": "json"
						}
					}
				},
				"url": {
					"raw": "https://iat-api.adp.com/hr/worker-profile/v1/workers/G34YJ69EMRR79G83/work-assignments/88326819N/base-remuneration?effDate=2020-01-31",
					"protocol": "https",
					"host": [
						"iat-api",
						"adp",
						"com"
					],
					"path": [
						"hr",
						"worker-profile",
						"v1",
						"workers",
						"G34YJ69EMRR79G83",
						"work-assignments",
						"88326819N",
						"base-remuneration"
					],
					"query": [
						{
							"key": "effDate",
							"value": "2020-01-31"
						}
					]
				}
			},
			"response": []
		},
		{
			"name": "Change the tippedorkerIndicator=\"true\"",
			"request": {
				"method": "PUT",
				"header": [
					{
						"key": "Authorization",
						"type": "text",
						"value": "Bearer a5071594-c5fe-4bb1-bc4d-b7494ba28774"
					}
				],
				"body": {
					"mode": "raw",
					"raw": "{\r\t\"reasonCode\": {\r\t\t\"code\": \"ADL\"\r\t},\r    \"baseRemuneration\": {\r        \"hourlyRateAmount\": {\r            \"amount\": 30\r        },\r           \"effectiveDate\": \"2020-02-17\"\r        \r    },\r    \"payCycleCode\": {\r        \"code\": \"M\"\r    },\r    \"standardHours\": {\r        \"hoursQuantity\": 70\r    },\r    \"wageLawCoverage\": {\r        \"coverageCode\": {\r            \"code\": \"N\"\r        }\r    },\r    \"premiumRateFactor\": {\r        \"unitCode\": {\r            \"code\": \"3\"\r        }\r    },\r    \"tippedWorkerIndicator\":true\r}",
					"options": {
						"raw": {
							"language": "json"
						}
					}
				},
				"url": {
					"raw": "https://iat-api.adp.com/hr/worker-profile/v1/workers/G34YJ69EMRR79G83/work-assignments/88326819N/base-remuneration?effDate=2020-01-31",
					"protocol": "https",
					"host": [
						"iat-api",
						"adp",
						"com"
					],
					"path": [
						"hr",
						"worker-profile",
						"v1",
						"workers",
						"G34YJ69EMRR79G83",
						"work-assignments",
						"88326819N",
						"base-remuneration"
					],
					"query": [
						{
							"key": "effDate",
							"value": "2020-01-31"
						}
					]
				}
			},
			"response": []
		}
	],
	"protocolProfileBehavior": []
}