{
	"info": {
		"_postman_id": "71d90aef-94d3-476e-a22d-1b73edd6bf87",
		"name": "Talent Profile-Membership-WFN-IAT GITHUB B2B",
		"schema": "https://schema.getpostman.com/json/collection/v2.1.0/collection.json"
	},
	"item": [
		{
			"name": "GET associate-memberships",
			"item": [
				{
					"name": "Retrieve associate's membership details",
					"request": {
						"method": "GET",
						"header": [
							{
								"key": "Authorization",
								"type": "text",
								"value": "Bearer d1470b75-48d0-4df1-9755-adb05f878f70"
							},
							{
								"key": "If-None-Match",
								"type": "text",
								"value": "true",
								"disabled": true
							}
						],
						"url": {
							"raw": "https://iat-api.adp.com/talent/v2/associates/G372T336YEJ00G3E/associate-memberships",
							"protocol": "https",
							"host": [
								"iat-api",
								"adp",
								"com"
							],
							"path": [
								"talent",
								"v2",
								"associates",
								"G372T336YEJ00G3E",
								"associate-memberships"
							]
						}
					},
					"response": []
				},
				{
					"name": "Retrieve associate's individual membership details",
					"request": {
						"method": "GET",
						"header": [
							{
								"key": "Authorization",
								"type": "text",
								"value": "Bearer dc1d4380-80ad-4b95-b0f5-c2fee60defb5"
							},
							{
								"key": "If-None-Match",
								"value": "true",
								"type": "text",
								"disabled": true
							}
						],
						"url": {
							"raw": "https://iat-api.adp.com/talent/v2/associates/G372T336YEJ00G3E/associate-memberships/169740566993_77",
							"protocol": "https",
							"host": [
								"iat-api",
								"adp",
								"com"
							],
							"path": [
								"talent",
								"v2",
								"associates",
								"G372T336YEJ00G3E",
								"associate-memberships",
								"169740566993_77"
							]
						}
					},
					"response": []
				},
				{
					"name": "Neg-Retrieve associate's membership details with invalid itemID",
					"request": {
						"method": "GET",
						"header": [
							{
								"key": "Authorization",
								"type": "text",
								"value": "Bearer dc1d4380-80ad-4b95-b0f5-c2fee60defb5"
							},
							{
								"key": "If-None-Match",
								"type": "text",
								"value": "true",
								"disabled": true
							}
						],
						"url": {
							"raw": "https://iat-api.adp.com/talent/v2/associates/G372T336YEJ00G3E/associate-memberships/169740566993_78",
							"protocol": "https",
							"host": [
								"iat-api",
								"adp",
								"com"
							],
							"path": [
								"talent",
								"v2",
								"associates",
								"G372T336YEJ00G3E",
								"associate-memberships",
								"169740566993_78"
							]
						}
					},
					"response": []
				},
				{
					"name": "Neg-Retrieve associate's membership details with invalid AOID",
					"request": {
						"method": "GET",
						"header": [
							{
								"key": "Authorization",
								"type": "text",
								"value": "Bearer dc1d4380-80ad-4b95-b0f5-c2fee60defb5"
							},
							{
								"key": "If-None-Match",
								"type": "text",
								"value": "true",
								"disabled": true
							}
						],
						"url": {
							"raw": "https://iat-api.adp.com/talent/v2/associates/G372T336YEJ00G3EE/associate-memberships",
							"protocol": "https",
							"host": [
								"iat-api",
								"adp",
								"com"
							],
							"path": [
								"talent",
								"v2",
								"associates",
								"G372T336YEJ00G3EE",
								"associate-memberships"
							]
						}
					},
					"response": []
				}
			],
			"protocolProfileBehavior": {}
		},
		{
			"name": "ADD associate-memberships",
			"item": [
				{
					"name": "Add membership details for an employee",
					"request": {
						"method": "POST",
						"header": [
							{
								"key": "Authorization",
								"type": "text",
								"value": "Bearer 868cb856-ae04-4a0f-a9fc-e1ba14588a7e"
							},
							{
								"key": "Content-Type",
								"name": "Content-Type",
								"type": "text",
								"value": "application/json",
								"disabled": true
							}
						],
						"body": {
							"mode": "raw",
							"raw": "{\r  \"events\": [\r    {\r      \"data\": {\r        \"transform\": {\r          \"associateMembership\": {\r            \"membershipOrganization\": {\r              \"nameCode\": {\r                \"codeValue\": \"AST\",\r                \"longName\": \"American Society of Training Development\"\r              },\r              \"chapterID\": \"test123\"\r            },\r            \"typeCode\": {\r              \"codeValue\": \"M\",\r              \"longName\": \"Membership\"\r            },\r            \"memberTitle\": \"testTitlePost123\",\r            \"memberSinceDate\": \"2019-11-14\",\r            \"expirationDate\": \"2019-11-20\",\r            \"membershipID\": {\r              \"idValue\": \"testingID10001\"\r            },\r            \"employerPaidAmount\": {\r              \"amountValue\": \"480\",\r              \"currencyCode\": {\r                \"codeValue\": \"USD\",\r                \"longName\": \"United States Dollor\"\r              }\r            },\r            \"comments\": \"testing for membership\",\r            \"issuingParty\": {\r              \"nameCode\": {\r                \"codeValue\": \"testCode\"\r              }\r            }\r          }\r        },\r        \"eventContext\": {\r          \"associateOID\": \"G372T336YEJ00G3E\"\r        }\r      },\r      \"actor\": {\r        \"associateOID\": \"G372T336YEJ00G3E\"\r      },\r      \"serviceCategoryCode\": {\r        \"codeValue\": \"workerTalentManagement\"\r      },\r      \"eventNameCode\": {\r        \"codeValue\": \"associate.ksaoc.membership.add\"\r      }\r    }\r  ]  \r}",
							"options": {
								"raw": {
									"language": "json"
								}
							}
						},
						"url": {
							"raw": "https://iat-api.adp.com/events/talent/v1/associate.ksaoc.membership.add",
							"protocol": "https",
							"host": [
								"iat-api",
								"adp",
								"com"
							],
							"path": [
								"events",
								"talent",
								"v1",
								"associate.ksaoc.membership.add"
							]
						}
					},
					"response": []
				},
				{
					"name": "Neg-Add membership details for an employee with invalid membership type",
					"request": {
						"method": "POST",
						"header": [
							{
								"key": "Authorization",
								"type": "text",
								"value": "Bearer 868cb856-ae04-4a0f-a9fc-e1ba14588a7e"
							},
							{
								"key": "Content-Type",
								"name": "Content-Type",
								"type": "text",
								"value": "application/json",
								"disabled": true
							}
						],
						"body": {
							"mode": "raw",
							"raw": "{\r  \"events\": [\r    {\r      \"data\": {\r        \"transform\": {\r          \"associateMembership\": {\r            \"membershipOrganization\": {\r              \"nameCode\": {\r                \"codeValue\": \"ASTT\",\r                \"longName\": \"American Society of Training Development\"\r              },\r              \"chapterID\": \"test123\"\r            },\r            \"typeCode\": {\r              \"codeValue\": \"M\",\r              \"longName\": \"Membership\"\r            },\r            \"memberTitle\": \"testTitlePost123\",\r            \"memberSinceDate\": \"2019-11-14\",\r            \"expirationDate\": \"2019-11-20\",\r            \"membershipID\": {\r              \"idValue\": \"testingID10001\"\r            },\r            \"employerPaidAmount\": {\r              \"amountValue\": \"480\",\r              \"currencyCode\": {\r                \"codeValue\": \"USD\",\r                \"longName\": \"United States Dollor\"\r              }\r            },\r            \"comments\": \"testing for membership\",\r            \"issuingParty\": {\r              \"nameCode\": {\r                \"codeValue\": \"testCode\"\r              }\r            }\r          }\r        },\r        \"eventContext\": {\r          \"associateOID\": \"G372T336YEJ00G3E\"\r        }\r      },\r      \"actor\": {\r        \"associateOID\": \"G372T336YEJ00G3E\"\r      },\r      \"serviceCategoryCode\": {\r        \"codeValue\": \"workerTalentManagement\"\r      },\r      \"eventNameCode\": {\r        \"codeValue\": \"associate.ksaoc.membership.add\"\r      }\r    }\r  ]  \r}",
							"options": {
								"raw": {
									"language": "json"
								}
							}
						},
						"url": {
							"raw": "https://iat-api.adp.com/events/talent/v1/associate.ksaoc.membership.add",
							"protocol": "https",
							"host": [
								"iat-api",
								"adp",
								"com"
							],
							"path": [
								"events",
								"talent",
								"v1",
								"associate.ksaoc.membership.add"
							]
						}
					},
					"response": []
				},
				{
					"name": "Neg-Add membership details for an employee with invalid membership Category",
					"request": {
						"method": "POST",
						"header": [
							{
								"key": "Authorization",
								"type": "text",
								"value": "Bearer 868cb856-ae04-4a0f-a9fc-e1ba14588a7e"
							},
							{
								"key": "Content-Type",
								"name": "Content-Type",
								"type": "text",
								"value": "application/json",
								"disabled": true
							}
						],
						"body": {
							"mode": "raw",
							"raw": "{\r  \"events\": [\r    {\r      \"data\": {\r        \"transform\": {\r          \"associateMembership\": {\r            \"membershipOrganization\": {\r              \"nameCode\": {\r                \"codeValue\": \"AST\",\r                \"longName\": \"American Society of Training Development\"\r              },\r              \"chapterID\": \"test123\"\r            },\r            \"typeCode\": {\r              \"codeValue\": \"MM\",\r              \"longName\": \"Membership\"\r            },\r            \"memberTitle\": \"testTitlePost123\",\r            \"memberSinceDate\": \"2019-11-14\",\r            \"expirationDate\": \"2019-11-20\",\r            \"membershipID\": {\r              \"idValue\": \"testingID10001\"\r            },\r            \"employerPaidAmount\": {\r              \"amountValue\": \"480\",\r              \"currencyCode\": {\r                \"codeValue\": \"USD\",\r                \"longName\": \"United States Dollor\"\r              }\r            },\r            \"comments\": \"testing for membership\",\r            \"issuingParty\": {\r              \"nameCode\": {\r                \"codeValue\": \"testCode\"\r              }\r            }\r          }\r        },\r        \"eventContext\": {\r          \"associateOID\": \"G372T336YEJ00G3E\"\r        }\r      },\r      \"actor\": {\r        \"associateOID\": \"G372T336YEJ00G3E\"\r      },\r      \"serviceCategoryCode\": {\r        \"codeValue\": \"workerTalentManagement\"\r      },\r      \"eventNameCode\": {\r        \"codeValue\": \"associate.ksaoc.membership.add\"\r      }\r    }\r  ]  \r}",
							"options": {
								"raw": {
									"language": "json"
								}
							}
						},
						"url": {
							"raw": "https://iat-api.adp.com/events/talent/v1/associate.ksaoc.membership.add",
							"protocol": "https",
							"host": [
								"iat-api",
								"adp",
								"com"
							],
							"path": [
								"events",
								"talent",
								"v1",
								"associate.ksaoc.membership.add"
							]
						}
					},
					"response": []
				},
				{
					"name": "Neg-Add membership details for an employee with invalid membershipID",
					"request": {
						"method": "POST",
						"header": [
							{
								"key": "Authorization",
								"type": "text",
								"value": "Bearer 868cb856-ae04-4a0f-a9fc-e1ba14588a7e"
							},
							{
								"key": "Content-Type",
								"name": "Content-Type",
								"type": "text",
								"value": "application/json",
								"disabled": true
							}
						],
						"body": {
							"mode": "raw",
							"raw": "{\r  \"events\": [\r    {\r      \"data\": {\r        \"transform\": {\r          \"associateMembership\": {\r            \"membershipOrganization\": {\r              \"nameCode\": {\r                \"codeValue\": \"AST\",\r                \"longName\": \"American Society of Training Development\"\r              },\r              \"chapterID\": \"test123\"\r            },\r            \"typeCode\": {\r              \"codeValue\": \"M\",\r              \"longName\": \"Membership\"\r            },\r            \"memberTitle\": \"testTitlePost123\",\r            \"memberSinceDate\": \"2019-11-14\",\r            \"expirationDate\": \"2019-11-20\",\r            \"membershipID\": {\r              \"idValue\": \"testingID10001testingID10001testingID10001testingID10001testingID10001testingID10001testingID10001vtestingID10001testingID10001testingID10001testingID10001testingID10001testingID10001\"\r            },\r            \"employerPaidAmount\": {\r              \"amountValue\": \"480\",\r              \"currencyCode\": {\r                \"codeValue\": \"USD\",\r                \"longName\": \"United States Dollor\"\r              }\r            },\r            \"comments\": \"testing for membership\",\r            \"issuingParty\": {\r              \"nameCode\": {\r                \"codeValue\": \"testCode\"\r              }\r            }\r          }\r        },\r        \"eventContext\": {\r          \"associateOID\": \"G372T336YEJ00G3E\"\r        }\r      },\r      \"actor\": {\r        \"associateOID\": \"G372T336YEJ00G3E\"\r      },\r      \"serviceCategoryCode\": {\r        \"codeValue\": \"workerTalentManagement\"\r      },\r      \"eventNameCode\": {\r        \"codeValue\": \"associate.ksaoc.membership.add\"\r      }\r    }\r  ]  \r}",
							"options": {
								"raw": {
									"language": "json"
								}
							}
						},
						"url": {
							"raw": "https://iat-api.adp.com/events/talent/v1/associate.ksaoc.membership.add",
							"protocol": "https",
							"host": [
								"iat-api",
								"adp",
								"com"
							],
							"path": [
								"events",
								"talent",
								"v1",
								"associate.ksaoc.membership.add"
							]
						}
					},
					"response": []
				},
				{
					"name": "Neg-Add membership details for an employee with invalid Company Paid Amount",
					"request": {
						"method": "POST",
						"header": [
							{
								"key": "Authorization",
								"type": "text",
								"value": "Bearer 868cb856-ae04-4a0f-a9fc-e1ba14588a7e"
							},
							{
								"key": "Content-Type",
								"name": "Content-Type",
								"type": "text",
								"value": "application/json",
								"disabled": true
							}
						],
						"body": {
							"mode": "raw",
							"raw": "{\r  \"events\": [\r    {\r      \"data\": {\r        \"transform\": {\r          \"associateMembership\": {\r            \"membershipOrganization\": {\r              \"nameCode\": {\r                \"codeValue\": \"AST\",\r                \"longName\": \"American Society of Training Development\"\r              },\r              \"chapterID\": \"test123\"\r            },\r            \"typeCode\": {\r              \"codeValue\": \"M\",\r              \"longName\": \"Membership\"\r            },\r            \"memberTitle\": \"testTitlePost123\",\r            \"memberSinceDate\": \"2019-11-14\",\r            \"expirationDate\": \"2019-11-20\",\r            \"membershipID\": {\r              \"idValue\": \"testingID100012\"\r            },\r            \"employerPaidAmount\": {\r              \"amountValue\": \"-9999999999999\",\r              \"currencyCode\": {\r                \"codeValue\": \"USD\",\r                \"longName\": \"United States Dollor\"\r              }\r            },\r            \"comments\": \"testing for membership\",\r            \"issuingParty\": {\r              \"nameCode\": {\r                \"codeValue\": \"testCode\"\r              }\r            }\r          }\r        },\r        \"eventContext\": {\r          \"associateOID\": \"G372T336YEJ00G3E\"\r        }\r      },\r      \"actor\": {\r        \"associateOID\": \"G372T336YEJ00G3E\"\r      },\r      \"serviceCategoryCode\": {\r        \"codeValue\": \"workerTalentManagement\"\r      },\r      \"eventNameCode\": {\r        \"codeValue\": \"associate.ksaoc.membership.add\"\r      }\r    }\r  ]  \r}",
							"options": {
								"raw": {
									"language": "json"
								}
							}
						},
						"url": {
							"raw": "https://iat-api.adp.com/events/talent/v1/associate.ksaoc.membership.add",
							"protocol": "https",
							"host": [
								"iat-api",
								"adp",
								"com"
							],
							"path": [
								"events",
								"talent",
								"v1",
								"associate.ksaoc.membership.add"
							]
						}
					},
					"response": []
				},
				{
					"name": "Neg-Add membership details for an invalid employee",
					"request": {
						"method": "POST",
						"header": [
							{
								"key": "Authorization",
								"type": "text",
								"value": "Bearer 868cb856-ae04-4a0f-a9fc-e1ba14588a7e"
							},
							{
								"key": "Content-Type",
								"name": "Content-Type",
								"type": "text",
								"value": "application/json",
								"disabled": true
							}
						],
						"body": {
							"mode": "raw",
							"raw": "{\r  \"events\": [\r    {\r      \"data\": {\r        \"transform\": {\r          \"associateMembership\": {\r            \"membershipOrganization\": {\r              \"nameCode\": {\r                \"codeValue\": \"AST\",\r                \"longName\": \"American Society of Training Development\"\r              },\r              \"chapterID\": \"test123\"\r            },\r            \"typeCode\": {\r              \"codeValue\": \"M\",\r              \"longName\": \"Membership\"\r            },\r            \"memberTitle\": \"testTitlePost123\",\r            \"memberSinceDate\": \"2019-11-14\",\r            \"expirationDate\": \"2019-11-20\",\r            \"membershipID\": {\r              \"idValue\": \"testingID100012\"\r            },\r            \"employerPaidAmount\": {\r              \"amountValue\": \"478\",\r              \"currencyCode\": {\r                \"codeValue\": \"USD\",\r                \"longName\": \"United States Dollor\"\r              }\r            },\r            \"comments\": \"testing for membership\",\r            \"issuingParty\": {\r              \"nameCode\": {\r                \"codeValue\": \"testCode\"\r              }\r            }\r          }\r        },\r        \"eventContext\": {\r          \"associateOID\": \"G372T336YEJ00G3EE\"\r        }\r      },\r      \"actor\": {\r        \"associateOID\": \"G372T336YEJ00G3E\"\r      },\r      \"serviceCategoryCode\": {\r        \"codeValue\": \"workerTalentManagement\"\r      },\r      \"eventNameCode\": {\r        \"codeValue\": \"associate.ksaoc.membership.add\"\r      }\r    }\r  ]  \r}",
							"options": {
								"raw": {
									"language": "json"
								}
							}
						},
						"url": {
							"raw": "https://iat-api.adp.com/events/talent/v1/associate.ksaoc.membership.add",
							"protocol": "https",
							"host": [
								"iat-api",
								"adp",
								"com"
							],
							"path": [
								"events",
								"talent",
								"v1",
								"associate.ksaoc.membership.add"
							]
						}
					},
					"response": []
				}
			],
			"protocolProfileBehavior": {}
		},
		{
			"name": "CHANGE associate-memberships",
			"item": [
				{
					"name": "Update the membership details for an employee",
					"request": {
						"method": "POST",
						"header": [
							{
								"key": "Authorization",
								"type": "text",
								"value": "Bearer 868cb856-ae04-4a0f-a9fc-e1ba14588a7e"
							},
							{
								"key": "Content-Type",
								"name": "Content-Type",
								"type": "text",
								"value": "application/json"
							}
						],
						"body": {
							"mode": "raw",
							"raw": "{\r  \"events\": [\r    {\r      \"data\": {\r        \"eventContext\": {\r          \"associateOID\": \"G372T336YEJ00G3E\",\r          \"associateMembership\": {\r            \"itemID\": \"169739729341_210\"\r          }\r        },\r        \"transform\": {\r          \"associateMembership\": {\r            \"membershipOrganization\": {\r              \"nameCode\": {\r                \"codeValue\": \"IAA\",\r                \"longName\": \"International Assoc of Admin Professionals\"\r              },\r              \"chapterID\": \"testId1819\"\r            },\r            \"typeCode\": {\r              \"codeValue\": \"M\",\r              \"longName\": \"Membership\"\r            },\r            \"memberTitle\": \"testTitlePost1819\",\r            \"memberSinceDate\": \"2019-11-14\",\r            \"membershipID\": {\r              \"idValue\": \"testingID18\"\r            },\r            \"employerPaidAmount\": {\r              \"amountValue\": \"4284\",\r              \"currencyCode\": {\r                \"codeValue\": \"USD\",\r                \"longName\": \"United States Dollor\"\r              }\r            },\r            \"comments\": \"testing for membership for edit changes\",\r            \"issuingParty\": {\r              \"nameCode\": {\r                \"codeValue\": \"testCode\"\r              }\r            }\r          }\r        }\r      },\r      \"actor\": {\r        \"associateOID\": \"G372T336YEJ00G3E\"\r      },\r      \"serviceCategoryCode\": {\r        \"codeValue\": \"workerTalentManagement\"\r      },\r      \"eventNameCode\": {\r        \"codeValue\": \"associate.ksaoc.membership.change\"\r      }\r    }\r  ]\r}",
							"options": {
								"raw": {
									"language": "json"
								}
							}
						},
						"url": {
							"raw": "https://iat-api.adp.com/events/talent/v1/associate.ksaoc.membership.change",
							"protocol": "https",
							"host": [
								"iat-api",
								"adp",
								"com"
							],
							"path": [
								"events",
								"talent",
								"v1",
								"associate.ksaoc.membership.change"
							]
						}
					},
					"response": []
				},
				{
					"name": "Neg-Update the membership details  with invalid itemID",
					"request": {
						"method": "POST",
						"header": [
							{
								"key": "Authorization",
								"type": "text",
								"value": "Bearer 868cb856-ae04-4a0f-a9fc-e1ba14588a7e"
							},
							{
								"key": "Content-Type",
								"name": "Content-Type",
								"type": "text",
								"value": "application/json"
							}
						],
						"body": {
							"mode": "raw",
							"raw": "{\r  \"events\": [\r    {\r      \"data\": {\r        \"eventContext\": {\r          \"associateOID\": \"G372T336YEJ00G3E\",\r          \"associateMembership\": {\r            \"itemID\": \"169739729341_2101\"\r          }\r        },\r        \"transform\": {\r          \"associateMembership\": {\r            \"membershipOrganization\": {\r              \"nameCode\": {\r                \"codeValue\": \"IAA\",\r                \"longName\": \"International Assoc of Admin Professionals\"\r              },\r              \"chapterID\": \"testId1819\"\r            },\r            \"typeCode\": {\r              \"codeValue\": \"M\",\r              \"longName\": \"Membership\"\r            },\r            \"memberTitle\": \"testTitlePost1819\",\r            \"memberSinceDate\": \"2019-11-14\",\r            \"expirationDate\": \"2019-11-20\",\r            \"membershipID\": {\r              \"idValue\": \"testingID18\"\r            },\r            \"employerPaidAmount\": {\r              \"amountValue\": \"4284\",\r              \"currencyCode\": {\r                \"codeValue\": \"USD\",\r                \"longName\": \"United States Dollor\"\r              }\r            },\r            \"comments\": \"testing for membership for edit changes\",\r            \"issuingParty\": {\r              \"nameCode\": {\r                \"codeValue\": \"testCode\"\r              }\r            }\r          }\r        }\r      },\r      \"actor\": {\r        \"associateOID\": \"G372T336YEJ00G3E\"\r      },\r      \"serviceCategoryCode\": {\r        \"codeValue\": \"workerTalentManagement\"\r      },\r      \"eventNameCode\": {\r        \"codeValue\": \"associate.ksaoc.membership.change\"\r      }\r    }\r  ]\r}",
							"options": {
								"raw": {
									"language": "json"
								}
							}
						},
						"url": {
							"raw": "https://iat-api.adp.com/events/talent/v1/associate.ksaoc.membership.change",
							"protocol": "https",
							"host": [
								"iat-api",
								"adp",
								"com"
							],
							"path": [
								"events",
								"talent",
								"v1",
								"associate.ksaoc.membership.change"
							]
						}
					},
					"response": []
				},
				{
					"name": "Neg-Update membership details for an employee with invalid membership type",
					"request": {
						"method": "POST",
						"header": [
							{
								"key": "Authorization",
								"type": "text",
								"value": "Bearer 868cb856-ae04-4a0f-a9fc-e1ba14588a7e"
							},
							{
								"key": "Content-Type",
								"name": "Content-Type",
								"type": "text",
								"value": "application/json"
							}
						],
						"body": {
							"mode": "raw",
							"raw": "{\r  \"events\": [\r    {\r      \"data\": {\r        \"eventContext\": {\r          \"associateOID\": \"G372T336YEJ00G3E\",\r          \"associateMembership\": {\r            \"itemID\": \"169739729341_210\"\r          }\r        },\r        \"transform\": {\r          \"associateMembership\": {\r            \"membershipOrganization\": {\r              \"nameCode\": {\r                \"codeValue\": \"IAAA\",\r                \"longName\": \"International Assoc of Admin Professionals\"\r              },\r              \"chapterID\": \"testId1819\"\r            },\r            \"typeCode\": {\r              \"codeValue\": \"M\",\r              \"longName\": \"Membership\"\r            },\r            \"memberTitle\": \"testTitlePost1819\",\r            \"memberSinceDate\": \"2019-11-14\",\r            \"expirationDate\": \"2019-11-20\",\r            \"membershipID\": {\r              \"idValue\": \"testingID18\"\r            },\r            \"employerPaidAmount\": {\r              \"amountValue\": \"4284\",\r              \"currencyCode\": {\r                \"codeValue\": \"USD\",\r                \"longName\": \"United States Dollor\"\r              }\r            },\r            \"comments\": \"testing for membership for edit changes\",\r            \"issuingParty\": {\r              \"nameCode\": {\r                \"codeValue\": \"testCode\"\r              }\r            }\r          }\r        }\r      },\r      \"actor\": {\r        \"associateOID\": \"G372T336YEJ00G3E\"\r      },\r      \"serviceCategoryCode\": {\r        \"codeValue\": \"workerTalentManagement\"\r      },\r      \"eventNameCode\": {\r        \"codeValue\": \"associate.ksaoc.membership.change\"\r      }\r    }\r  ]\r}",
							"options": {
								"raw": {
									"language": "json"
								}
							}
						},
						"url": {
							"raw": "https://iat-api.adp.com/events/talent/v1/associate.ksaoc.membership.change",
							"protocol": "https",
							"host": [
								"iat-api",
								"adp",
								"com"
							],
							"path": [
								"events",
								"talent",
								"v1",
								"associate.ksaoc.membership.change"
							]
						}
					},
					"response": []
				},
				{
					"name": "Neg-Update membership details for an employee with invalid membership Category",
					"request": {
						"method": "POST",
						"header": [
							{
								"key": "Authorization",
								"type": "text",
								"value": "Bearer 868cb856-ae04-4a0f-a9fc-e1ba14588a7e"
							},
							{
								"key": "Content-Type",
								"name": "Content-Type",
								"type": "text",
								"value": "application/json"
							}
						],
						"body": {
							"mode": "raw",
							"raw": "{\r  \"events\": [\r    {\r      \"data\": {\r        \"eventContext\": {\r          \"associateOID\": \"G372T336YEJ00G3E\",\r          \"associateMembership\": {\r            \"itemID\": \"169739729341_210\"\r          }\r        },\r        \"transform\": {\r          \"associateMembership\": {\r            \"membershipOrganization\": {\r              \"nameCode\": {\r                \"codeValue\": \"IAA\",\r                \"longName\": \"International Assoc of Admin Professionals\"\r              },\r              \"chapterID\": \"testId1819\"\r            },\r            \"typeCode\": {\r              \"codeValue\": \"MC\",\r              \"longName\": \"Membership\"\r            },\r            \"memberTitle\": \"testTitlePost1819\",\r            \"memberSinceDate\": \"2019-11-14\",\r            \"expirationDate\": \"2019-11-20\",\r            \"membershipID\": {\r              \"idValue\": \"testingID18\"\r            },\r            \"employerPaidAmount\": {\r              \"amountValue\": \"4284\",\r              \"currencyCode\": {\r                \"codeValue\": \"USD\",\r                \"longName\": \"United States Dollor\"\r              }\r            },\r            \"comments\": \"testing for membership for edit changes\",\r            \"issuingParty\": {\r              \"nameCode\": {\r                \"codeValue\": \"testCode\"\r              }\r            }\r          }\r        }\r      },\r      \"actor\": {\r        \"associateOID\": \"G372T336YEJ00G3E\"\r      },\r      \"serviceCategoryCode\": {\r        \"codeValue\": \"workerTalentManagement\"\r      },\r      \"eventNameCode\": {\r        \"codeValue\": \"associate.ksaoc.membership.change\"\r      }\r    }\r  ]\r}",
							"options": {
								"raw": {
									"language": "json"
								}
							}
						},
						"url": {
							"raw": "https://iat-api.adp.com/events/talent/v1/associate.ksaoc.membership.change",
							"protocol": "https",
							"host": [
								"iat-api",
								"adp",
								"com"
							],
							"path": [
								"events",
								"talent",
								"v1",
								"associate.ksaoc.membership.change"
							]
						}
					},
					"response": []
				},
				{
					"name": "Neg-Update membership details for an employee with invalid membershipID",
					"request": {
						"method": "POST",
						"header": [
							{
								"key": "Authorization",
								"type": "text",
								"value": "Bearer 868cb856-ae04-4a0f-a9fc-e1ba14588a7e"
							},
							{
								"key": "Content-Type",
								"name": "Content-Type",
								"type": "text",
								"value": "application/json"
							}
						],
						"body": {
							"mode": "raw",
							"raw": "{\r  \"events\": [\r    {\r      \"data\": {\r        \"eventContext\": {\r          \"associateOID\": \"G372T336YEJ00G3E\",\r          \"associateMembership\": {\r            \"itemID\": \"169739729341_210\"\r          }\r        },\r        \"transform\": {\r          \"associateMembership\": {\r            \"membershipOrganization\": {\r              \"nameCode\": {\r                \"codeValue\": \"IAA\",\r                \"longName\": \"International Assoc of Admin Professionals\"\r              },\r              \"chapterID\": \"testId1819\"\r            },\r            \"typeCode\": {\r              \"codeValue\": \"M\",\r              \"longName\": \"Membership\"\r            },\r            \"memberTitle\": \"testTitlePost1819\",\r            \"memberSinceDate\": \"2019-11-14\",\r            \"expirationDate\": \"2019-11-20\",\r            \"membershipID\": {\r              \"idValue\": \"testingID18testingID18testingID18testingID18testingID18testingID18testingID18testingID18testingID18\"\r            },\r            \"employerPaidAmount\": {\r              \"amountValue\": \"4284\",\r              \"currencyCode\": {\r                \"codeValue\": \"USD\",\r                \"longName\": \"United States Dollor\"\r              }\r            },\r            \"comments\": \"testing for membership for edit changes\",\r            \"issuingParty\": {\r              \"nameCode\": {\r                \"codeValue\": \"testCode\"\r              }\r            }\r          }\r        }\r      },\r      \"actor\": {\r        \"associateOID\": \"G372T336YEJ00G3E\"\r      },\r      \"serviceCategoryCode\": {\r        \"codeValue\": \"workerTalentManagement\"\r      },\r      \"eventNameCode\": {\r        \"codeValue\": \"associate.ksaoc.membership.change\"\r      }\r    }\r  ]\r}",
							"options": {
								"raw": {
									"language": "json"
								}
							}
						},
						"url": {
							"raw": "https://iat-api.adp.com/events/talent/v1/associate.ksaoc.membership.change",
							"protocol": "https",
							"host": [
								"iat-api",
								"adp",
								"com"
							],
							"path": [
								"events",
								"talent",
								"v1",
								"associate.ksaoc.membership.change"
							]
						}
					},
					"response": []
				},
				{
					"name": "Neg-Update membership details for an employee with invalid Company Paid Amount",
					"request": {
						"method": "POST",
						"header": [
							{
								"key": "Authorization",
								"type": "text",
								"value": "Bearer 868cb856-ae04-4a0f-a9fc-e1ba14588a7e"
							},
							{
								"key": "Content-Type",
								"name": "Content-Type",
								"type": "text",
								"value": "application/json"
							}
						],
						"body": {
							"mode": "raw",
							"raw": "{\r  \"events\": [\r    {\r      \"data\": {\r        \"eventContext\": {\r          \"associateOID\": \"G372T336YEJ00G3E\",\r          \"associateMembership\": {\r            \"itemID\": \"169739729341_210\"\r          }\r        },\r        \"transform\": {\r          \"associateMembership\": {\r            \"membershipOrganization\": {\r              \"nameCode\": {\r                \"codeValue\": \"IAA\",\r                \"longName\": \"International Assoc of Admin Professionals\"\r              },\r              \"chapterID\": \"testId1819\"\r            },\r            \"typeCode\": {\r              \"codeValue\": \"M\",\r              \"longName\": \"Membership\"\r            },\r            \"memberTitle\": \"testTitlePost1819\",\r            \"memberSinceDate\": \"2019-11-14\",\r            \"expirationDate\": \"2019-11-20\",\r            \"membershipID\": {\r              \"idValue\": \"testingID18\"\r            },\r            \"employerPaidAmount\": {\r              \"amountValue\": \"42848909238928329\",\r              \"currencyCode\": {\r                \"codeValue\": \"USD\",\r                \"longName\": \"United States Dollor\"\r              }\r            },\r            \"comments\": \"testing for membership for edit changes\",\r            \"issuingParty\": {\r              \"nameCode\": {\r                \"codeValue\": \"testCode\"\r              }\r            }\r          }\r        }\r      },\r      \"actor\": {\r        \"associateOID\": \"G372T336YEJ00G3E\"\r      },\r      \"serviceCategoryCode\": {\r        \"codeValue\": \"workerTalentManagement\"\r      },\r      \"eventNameCode\": {\r        \"codeValue\": \"associate.ksaoc.membership.change\"\r      }\r    }\r  ]\r}",
							"options": {
								"raw": {
									"language": "json"
								}
							}
						},
						"url": {
							"raw": "https://iat-api.adp.com/events/talent/v1/associate.ksaoc.membership.change",
							"protocol": "https",
							"host": [
								"iat-api",
								"adp",
								"com"
							],
							"path": [
								"events",
								"talent",
								"v1",
								"associate.ksaoc.membership.change"
							]
						}
					},
					"response": []
				},
				{
					"name": "Neg-Update membership details for an invalid employee",
					"request": {
						"method": "POST",
						"header": [
							{
								"key": "Authorization",
								"type": "text",
								"value": "Bearer 868cb856-ae04-4a0f-a9fc-e1ba14588a7e"
							},
							{
								"key": "Content-Type",
								"name": "Content-Type",
								"type": "text",
								"value": "application/json"
							}
						],
						"body": {
							"mode": "raw",
							"raw": "{\r  \"events\": [\r    {\r      \"data\": {\r        \"eventContext\": {\r          \"associateOID\": \"G372T336YEJ00G3EE\",\r          \"associateMembership\": {\r            \"itemID\": \"169739729341_210\"\r          }\r        },\r        \"transform\": {\r          \"associateMembership\": {\r            \"membershipOrganization\": {\r              \"nameCode\": {\r                \"codeValue\": \"IAA\",\r                \"longName\": \"International Assoc of Admin Professionals\"\r              },\r              \"chapterID\": \"testId1819\"\r            },\r            \"typeCode\": {\r              \"codeValue\": \"M\",\r              \"longName\": \"Membership\"\r            },\r            \"memberTitle\": \"testTitlePost1819\",\r            \"memberSinceDate\": \"2019-11-14\",\r            \"expirationDate\": \"2019-11-20\",\r            \"membershipID\": {\r              \"idValue\": \"testingID18\"\r            },\r            \"employerPaidAmount\": {\r              \"amountValue\": \"4284\",\r              \"currencyCode\": {\r                \"codeValue\": \"USD\",\r                \"longName\": \"United States Dollor\"\r              }\r            },\r            \"comments\": \"testing for membership for edit changes\",\r            \"issuingParty\": {\r              \"nameCode\": {\r                \"codeValue\": \"testCode\"\r              }\r            }\r          }\r        }\r      },\r      \"actor\": {\r        \"associateOID\": \"G372T336YEJ00G3E\"\r      },\r      \"serviceCategoryCode\": {\r        \"codeValue\": \"workerTalentManagement\"\r      },\r      \"eventNameCode\": {\r        \"codeValue\": \"associate.ksaoc.membership.change\"\r      }\r    }\r  ]\r}",
							"options": {
								"raw": {
									"language": "json"
								}
							}
						},
						"url": {
							"raw": "https://iat-api.adp.com/events/talent/v1/associate.ksaoc.membership.change",
							"protocol": "https",
							"host": [
								"iat-api",
								"adp",
								"com"
							],
							"path": [
								"events",
								"talent",
								"v1",
								"associate.ksaoc.membership.change"
							]
						}
					},
					"response": []
				}
			],
			"protocolProfileBehavior": {}
		},
		{
			"name": "REMOVE associate-memberships",
			"item": [
				{
					"name": "Remove the membership details for an employee",
					"request": {
						"method": "POST",
						"header": [
							{
								"key": "Authorization",
								"type": "text",
								"value": "Bearer 6a6b47f8-40eb-482d-8467-78713f4058ba"
							},
							{
								"key": "Content-Type",
								"name": "Content-Type",
								"type": "text",
								"value": "application/json"
							}
						],
						"body": {
							"mode": "raw",
							"raw": "{\r  \"events\": [\r    {\r      \"data\": {\r        \"eventContext\": {\r          \"associateOID\": \"G372T336YEJ00G3E\",\r          \"associateMembership\": {\r            \"itemID\": \"169740212245_429\"\r          }\r        }\r      },\r      \"actor\": {\r        \"associateOID\": \"G372T336YEJ00G3E\"\r      },\r      \"serviceCategoryCode\": {\r        \"codeValue\": \"workerTalentManagement\"\r      },\r      \"eventNameCode\": {\r        \"codeValue\": \"associate.ksaoc.membership.remove\"\r      }\r    }\r  ]\r}",
							"options": {
								"raw": {
									"language": "json"
								}
							}
						},
						"url": {
							"raw": "https://iat-api.adp.com/events/talent/v1/associate.ksaoc.membership.remove",
							"protocol": "https",
							"host": [
								"iat-api",
								"adp",
								"com"
							],
							"path": [
								"events",
								"talent",
								"v1",
								"associate.ksaoc.membership.remove"
							]
						}
					},
					"response": []
				},
				{
					"name": "Neg-Remove the membership details for an employee with invalid itemID",
					"request": {
						"method": "POST",
						"header": [
							{
								"key": "Authorization",
								"type": "text",
								"value": "Bearer 6a6b47f8-40eb-482d-8467-78713f4058ba"
							},
							{
								"key": "Content-Type",
								"name": "Content-Type",
								"type": "text",
								"value": "application/json"
							}
						],
						"body": {
							"mode": "raw",
							"raw": "{\r  \"events\": [\r    {\r      \"data\": {\r        \"eventContext\": {\r          \"associateOID\": \"G372T336YEJ00G3E\",\r          \"associateMembership\": {\r            \"itemID\": \"169740212245_4299\"\r          }\r        }\r      },\r      \"actor\": {\r        \"associateOID\": \"G372T336YEJ00G3E\"\r      },\r      \"serviceCategoryCode\": {\r        \"codeValue\": \"workerTalentManagement\"\r      },\r      \"eventNameCode\": {\r        \"codeValue\": \"associate.ksaoc.membership.remove\"\r      }\r    }\r  ]\r}",
							"options": {
								"raw": {
									"language": "json"
								}
							}
						},
						"url": {
							"raw": "https://iat-api.adp.com/events/talent/v1/associate.ksaoc.membership.remove",
							"protocol": "https",
							"host": [
								"iat-api",
								"adp",
								"com"
							],
							"path": [
								"events",
								"talent",
								"v1",
								"associate.ksaoc.membership.remove"
							]
						}
					},
					"response": []
				},
				{
					"name": "Neg-Remove the membership details for an invalid employee",
					"request": {
						"method": "POST",
						"header": [
							{
								"key": "Authorization",
								"type": "text",
								"value": "Bearer 6a6b47f8-40eb-482d-8467-78713f4058ba"
							},
							{
								"key": "Content-Type",
								"name": "Content-Type",
								"type": "text",
								"value": "application/json"
							}
						],
						"body": {
							"mode": "raw",
							"raw": "{\r  \"events\": [\r    {\r      \"data\": {\r        \"eventContext\": {\r          \"associateOID\": \"G372T336YEJ00G3EE\",\r          \"associateMembership\": {\r            \"itemID\": \"169740212245_429\"\r          }\r        }\r      },\r      \"actor\": {\r        \"associateOID\": \"G372T336YEJ00G3E\"\r      },\r      \"serviceCategoryCode\": {\r        \"codeValue\": \"workerTalentManagement\"\r      },\r      \"eventNameCode\": {\r        \"codeValue\": \"associate.ksaoc.membership.remove\"\r      }\r    }\r  ]\r}",
							"options": {
								"raw": {
									"language": "json"
								}
							}
						},
						"url": {
							"raw": "https://iat-api.adp.com/events/talent/v1/associate.ksaoc.membership.remove",
							"protocol": "https",
							"host": [
								"iat-api",
								"adp",
								"com"
							],
							"path": [
								"events",
								"talent",
								"v1",
								"associate.ksaoc.membership.remove"
							]
						}
					},
					"response": []
				}
			],
			"protocolProfileBehavior": {}
		},
		{
			"name": "Workers call",
			"request": {
				"method": "GET",
				"header": [
					{
						"key": "Authorization",
						"value": "Bearer 298b620f-9091-4a1c-bf69-c3e015e3f36a",
						"type": "text"
					}
				],
				"url": {
					"raw": "https://iat-api.adp.com/hr/v2/workers/G372T336YEJ00G3E",
					"protocol": "https",
					"host": [
						"iat-api",
						"adp",
						"com"
					],
					"path": [
						"hr",
						"v2",
						"workers",
						"G372T336YEJ00G3E"
					]
				}
			},
			"response": []
		},
		{
			"name": "Access Token call _IAT",
			"request": {
				"method": "POST",
				"header": [
					{
						"key": "Content-Type",
						"name": "Content-Type",
						"value": "application/x-www-form-urlencoded",
						"type": "text"
					}
				],
				"body": {
					"mode": "urlencoded",
					"urlencoded": [
						{
							"key": "grant_type",
							"value": "client_credentials",
							"type": "text"
						},
						{
							"key": "client_id",
							"value": "clientID here",
							"type": "text"
						},
						{
							"key": "client_secret",
							"value": "client_secret here",
							"type": "text"
						}
					]
				},
				"url": {
					"raw": "https://iat-api.adp.com/auth/oauth/v2/token",
					"protocol": "https",
					"host": [
						"iat-api",
						"adp",
						"com"
					],
					"path": [
						"auth",
						"oauth",
						"v2",
						"token"
					]
				}
			},
			"response": []
		},
		{
			"name": "core/v1/event-notification-messages",
			"request": {
				"method": "GET",
				"header": [
					{
						"key": "Authorization",
						"value": "Bearer aa3f739b-ce3c-473e-8353-6038d662a092"
					},
					{
						"key": "prefer",
						"value": "/adp/long-polling",
						"disabled": true
					}
				],
				"url": {
					"raw": "https://iat-api.adp.com/core/v1/event-notification-messages",
					"protocol": "https",
					"host": [
						"iat-api",
						"adp",
						"com"
					],
					"path": [
						"core",
						"v1",
						"event-notification-messages"
					]
				}
			},
			"response": []
		},
		{
			"name": "core/v1/event-notification-messages",
			"request": {
				"method": "DELETE",
				"header": [
					{
						"key": "Authorization",
						"value": "Bearer aa3f739b-ce3c-473e-8353-6038d662a092"
					},
					{
						"key": "prefer",
						"value": "/adp/long-polling",
						"disabled": true
					}
				],
				"url": {
					"raw": "https://iat-api.adp.com/core/v1/event-notification-messages/0x_414d51204253494e464f4251313120201beda15df1ac1224",
					"protocol": "https",
					"host": [
						"iat-api",
						"adp",
						"com"
					],
					"path": [
						"core",
						"v1",
						"event-notification-messages",
						"0x_414d51204253494e464f4251313120201beda15df1ac1224"
					]
				}
			},
			"response": []
		}
	],
	"protocolProfileBehavior": {}
}