{
	"info": {
		"_postman_id": "71f275db-1e8d-49cd-a012-df1b6c7690a7",
		"name": "Personal Contact_WFN_IAT_GITHUB",
		"schema": "https://schema.getpostman.com/json/collection/v2.1.0/collection.json"
	},
	"item": [
		{
			"name": "REMOVE",
			"description": "",
			"item": [
				{
					"name": "200-Remove Personal contact details",
					"request": {
						"method": "POST",
						"header": [
							{
								"key": "Content-Type",
								"value": "application/json"
							},
							{
								"key": "Authorization",
								"value": "Bearer 78512baf-7c1a-4b32-8b19-4d763feab9bb"
							}
						],
						"body": {
							"mode": "raw",
							"raw": "{\n  \"events\": [\n    {\n      \"data\": {\n        \"eventContext\": {\n          \"worker\": {\n            \"associateOID\": \"G372T336YEJ07AWG\"\n          },\n          \"personalContact\": {\n            \"itemID\": \"169750751108_25\"\n          }\n        }\n      }\n    }\n  ]\n}"
						},
						"url": {
							"raw": "https://iat-api.adp.com/events/hr/v1/worker.personal-contact.remove",
							"protocol": "https",
							"host": [
								"iat-api",
								"adp",
								"com"
							],
							"path": [
								"events",
								"hr",
								"v1",
								"worker.personal-contact.remove"
							]
						}
					},
					"response": []
				},
				{
					"name": "400-Remove Personal contact details with invalid itemID",
					"request": {
						"method": "POST",
						"header": [
							{
								"key": "Content-Type",
								"value": "application/json"
							},
							{
								"key": "Authorization",
								"value": "Bearer 78512baf-7c1a-4b32-8b19-4d763feab9bb"
							}
						],
						"body": {
							"mode": "raw",
							"raw": "{\r\n  \"events\": [\r\n    {\r\n      \"data\": {\r\n        \"eventContext\": {\r\n          \"worker\": {\r\n            \"associateOID\": \"G372T336YEJ07AWG\"\r\n          },\r\n          \"personalContact\": {\r\n            \"itemID\": \"169750562647_2721\"\r\n          }\r\n        }\r\n      }\r\n    }\r\n  ]\r\n}"
						},
						"url": {
							"raw": "https://iat-api.adp.com/events/hr/v1/worker.personal-contact.remove",
							"protocol": "https",
							"host": [
								"iat-api",
								"adp",
								"com"
							],
							"path": [
								"events",
								"hr",
								"v1",
								"worker.personal-contact.remove"
							]
						}
					},
					"response": []
				},
				{
					"name": "400-Remove Personal contact details with invalid AOID",
					"request": {
						"method": "POST",
						"header": [
							{
								"key": "Content-Type",
								"value": "application/json"
							},
							{
								"key": "Authorization",
								"value": "Bearer 78512baf-7c1a-4b32-8b19-4d763feab9bb"
							}
						],
						"body": {
							"mode": "raw",
							"raw": "{\n  \"events\": [\n    {\n      \"data\": {\n        \"eventContext\": {\n          \"worker\": {\n            \"associateOID\": \"G372T336YEJ07AWGG\"\n          },\n          \"personalContact\": {\n            \"itemID\": \"169750751108_25\"\n          }\n        }\n      }\n    }\n  ]\n}"
						},
						"url": {
							"raw": "https://iat-api.adp.com/events/hr/v1/worker.personal-contact.remove",
							"protocol": "https",
							"host": [
								"iat-api",
								"adp",
								"com"
							],
							"path": [
								"events",
								"hr",
								"v1",
								"worker.personal-contact.remove"
							]
						}
					},
					"response": []
				}
			]
		},
		{
			"name": "ADD",
			"description": "",
			"item": [
				{
					"name": "201-Add Personal contact details",
					"request": {
						"method": "POST",
						"header": [
							{
								"key": "Content-Type",
								"value": "application/json"
							},
							{
								"key": "Authorization",
								"value": "Bearer 78512baf-7c1a-4b32-8b19-4d763feab9bb"
							}
						],
						"body": {
							"mode": "raw",
							"raw": "{\n  \"events\": [\n    {\n      \"data\": {\n        \"eventContext\": {\n          \"worker\": {\n            \"associateOID\": \"G372T336YEJ07AWG\"\n          }\n        },\n        \"transform\": {\n          \"personalContact\": {\n            \"personName\": {\n              \"formattedName\": \"Personal Contact One\"\n            },\n            \"address\": {\n              \"lineOne\": \"5800 Windward Parkway\",\n              \"lineTwo\": \"line2\",\n              \"lineThree\": \"line3\",\n              \"cityName\": \"Alpharetta\",\n              \"countrySubdivisionLevel1\": {\n                \"subdivisionType\": \"StateTerritory\",\n                \"codeValue\": \"GA\",\n                \"shortName\": \"Georgia\",\n                \"longName\": \"Georgia\"\n              },\n              \"countryCode\": \"US\",\n              \"postalCode\": \"30005\"\n            },\n            \"communication\": {\n              \"landlines\": [\n                {\n                  \"nameCode\": {\n                    \"codeValue\": \"Home Phone\",\n                    \"shortName\": \"Home Phone\"\n                  },\n                  \"countryDialing\": \"1\",\n                  \"areaDialing\": \"770\",\n                  \"dialNumber\": \"7720252\",\n                  \"formattedNumber\": \"(770) 772-0252\"\n                },\n                {\n                  \"nameCode\": {\n                    \"codeValue\": \"Work Phone\",\n                    \"shortName\": \"Work Phone\"\n                  },\n                  \"countryDialing\": \"1\",\n                  \"areaDialing\": \"770\",\n                  \"dialNumber\": \"7720252\",\n                  \"extension\": \"123\",\n                  \"access\": \"1\",\n                  \"formattedNumber\": \"(770) 772-0252 123\"\n                },\n                {\n                  \"nameCode\": {\n                    \"codeValue\": \"Alternate Phone\",\n                    \"shortName\": \"Alternate Phone\"\n                  },\n                  \"countryDialing\": \"1\",\n                  \"areaDialing\": \"770\",\n                  \"dialNumber\": \"7720252\",\n                  \"formattedNumber\": \"(770) 772-0252\"\n                }\n              ],\n              \"mobiles\": [\n                {\n                  \"nameCode\": {\n                    \"codeValue\": \"Cell Phone\",\n                    \"shortName\": \"Cell Phone\"\n                  },\n                  \"countryDialing\": \"1\",\n                  \"areaDialing\": \"770\",\n                  \"dialNumber\": \"7720252\",\n                  \"formattedNumber\": \"(770) 772-0252\"\n                }\n              ],\n              \"emails\": [\n                {\n                  \n                  \"nameCode\": {\n                    \"codeValue\": \"E-mail\",\n                    \"shortName\": \"E-mail\"\n                  },\n                  \"emailUri\": \"email@test.com\"\n                }\n              ]\n            },\n            \"contactTypeCode\": {\n              \"codeValue\": \"Emergency\",\n              \"shortName\": \"Emergency\"\n            },\n            \"relationshipTypeCode\": {\n              \"codeValue\": \"O\",\n              \"shortName\": \"Other\"\n            },\n            \"precedenceCode\": {\n              \"codeValue\": \"Primary\"\n            }\n          }\n        }\n      }\n    }\n  ]\n}"
						},
						"url": {
							"raw": "https://iat-api.adp.com/events/hr/v1/worker.personal-contact.add",
							"protocol": "https",
							"host": [
								"iat-api",
								"adp",
								"com"
							],
							"path": [
								"events",
								"hr",
								"v1",
								"worker.personal-contact.add"
							]
						}
					},
					"response": []
				},
				{
					"name": "400-Add personal contact details with invalid Relationship",
					"request": {
						"method": "POST",
						"header": [
							{
								"key": "Content-Type",
								"value": "application/json"
							},
							{
								"key": "Authorization",
								"value": "Bearer 78512baf-7c1a-4b32-8b19-4d763feab9bb"
							}
						],
						"body": {
							"mode": "raw",
							"raw": "{\r\n  \"events\": [\r\n    {\r\n      \"data\": {\r\n        \"eventContext\": {\r\n          \"worker\": {\r\n            \"associateOID\": \"G372T336YEJ07AWG\"\r\n          }\r\n        },\r\n        \"transform\": {\r\n          \"personalContact\": {\r\n            \"personName\": {\r\n              \"formattedName\": \"Test Contact add\"\r\n            },\r\n            \"address\": {\r\n              \"lineOne\": \"5800 Windward Parkway\",\r\n              \"lineTwo\": \"line2\",\r\n              \"lineThree\": \"line3\",\r\n              \"cityName\": \"Alpharetta\",\r\n              \"countrySubdivisionLevel1\": {\r\n                \"subdivisionType\": \"StateTerritory\",\r\n                \"codeValue\": \"GA\",\r\n                \"shortName\": \"Georgia\",\r\n                \"longName\": \"Georgia\"\r\n              },\r\n              \"countryCode\": \"US\",\r\n              \"postalCode\": \"30005\"\r\n            },\r\n            \"communication\": {\r\n              \"landlines\": [\r\n                {\r\n                  \"nameCode\": {\r\n                    \"codeValue\": \"Home Phone\",\r\n                    \"shortName\": \"Home Phone\"\r\n                  },\r\n                  \"countryDialing\": \"1\",\r\n                  \"areaDialing\": \"770\",\r\n                  \"dialNumber\": \"7720252\",\r\n                  \"formattedNumber\": \"(770) 772-0252\"\r\n                },\r\n                {\r\n                  \"nameCode\": {\r\n                    \"codeValue\": \"Work Phone\",\r\n                    \"shortName\": \"Work Phone\"\r\n                  },\r\n                  \"countryDialing\": \"1\",\r\n                  \"areaDialing\": \"770\",\r\n                  \"dialNumber\": \"7720252\",\r\n                  \"extension\": \"123\",\r\n                  \"access\": \"1\",\r\n                  \"formattedNumber\": \"(770) 772-0252 123\"\r\n                },\r\n                {\r\n                  \"nameCode\": {\r\n                    \"codeValue\": \"Alternate Phone\",\r\n                    \"shortName\": \"Alternate Phone\"\r\n                  },\r\n                  \"countryDialing\": \"1\",\r\n                  \"areaDialing\": \"770\",\r\n                  \"dialNumber\": \"7720252\",\r\n                  \"formattedNumber\": \"(770) 772-0252\"\r\n                }\r\n              ],\r\n              \"mobiles\": [\r\n                {\r\n                  \"nameCode\": {\r\n                    \"codeValue\": \"Cell Phone\",\r\n                    \"shortName\": \"Cell Phone\"\r\n                  },\r\n                  \"countryDialing\": \"1\",\r\n                  \"areaDialing\": \"770\",\r\n                  \"dialNumber\": \"7720252\",\r\n                  \"formattedNumber\": \"(770) 772-0252\"\r\n                }\r\n              ],\r\n              \"emails\": [\r\n                {\r\n                  \"itemID\": \"139470108012_1\",\r\n                  \"nameCode\": {\r\n                    \"codeValue\": \"E-mail\",\r\n                    \"shortName\": \"E-mail\"\r\n                  },\r\n                  \"emailUri\": \"email@test.com\"\r\n                }\r\n              ]\r\n            },\r\n            \"contactTypeCode\": {\r\n              \"codeValue\": \"Emergency\",\r\n              \"shortName\": \"Emergency\"\r\n            },\r\n            \"relationshipTypeCode\": {\r\n              \"codeValue\": \"X\",\r\n              \"shortName\": \"Other\"\r\n            },\r\n            \"precedenceCode\": {\r\n              \"codeValue\": \"Primary\"\r\n            }\r\n          }\r\n        }\r\n      }\r\n    }\r\n  ]\r\n}"
						},
						"url": {
							"raw": "https://iat-api.adp.com/events/hr/v1/worker.personal-contact.add",
							"protocol": "https",
							"host": [
								"iat-api",
								"adp",
								"com"
							],
							"path": [
								"events",
								"hr",
								"v1",
								"worker.personal-contact.add"
							]
						}
					},
					"response": []
				},
				{
					"name": "400-Add personal contact details with invalid Mobile number",
					"request": {
						"method": "POST",
						"header": [
							{
								"key": "Content-Type",
								"value": "application/json"
							},
							{
								"key": "Authorization",
								"value": "Bearer 78512baf-7c1a-4b32-8b19-4d763feab9bb"
							}
						],
						"body": {
							"mode": "raw",
							"raw": "{\r\n  \"events\": [\r\n    {\r\n      \"data\": {\r\n        \"eventContext\": {\r\n          \"worker\": {\r\n            \"associateOID\": \"G372T336YEJ07AWG\"\r\n          }\r\n        },\r\n        \"transform\": {\r\n          \"personalContact\": {\r\n            \"personName\": {\r\n              \"formattedName\": \"Test Contact add\"\r\n            },\r\n            \"address\": {\r\n              \"lineOne\": \"5800 Windward Parkway\",\r\n              \"lineTwo\": \"line2\",\r\n              \"lineThree\": \"line3\",\r\n              \"cityName\": \"Alpharetta\",\r\n              \"countrySubdivisionLevel1\": {\r\n                \"subdivisionType\": \"StateTerritory\",\r\n                \"codeValue\": \"GA\",\r\n                \"shortName\": \"Georgia\",\r\n                \"longName\": \"Georgia\"\r\n              },\r\n              \"countryCode\": \"US\",\r\n              \"postalCode\": \"30005\"\r\n            },\r\n            \"communication\": {\r\n              \"landlines\": [\r\n                {\r\n                  \"nameCode\": {\r\n                    \"codeValue\": \"Home Phone\",\r\n                    \"shortName\": \"Home Phone\"\r\n                  },\r\n                  \"countryDialing\": \"1\",\r\n                  \"areaDialing\": \"770\",\r\n                  \"dialNumber\": \"7720252\",\r\n                  \"formattedNumber\": \"(770) 772-0252\"\r\n                },\r\n                {\r\n                  \"nameCode\": {\r\n                    \"codeValue\": \"Work Phone\",\r\n                    \"shortName\": \"Work Phone\"\r\n                  },\r\n                  \"countryDialing\": \"1\",\r\n                  \"areaDialing\": \"770\",\r\n                  \"dialNumber\": \"7720252\",\r\n                  \"extension\": \"123\",\r\n                  \"access\": \"1\",\r\n                  \"formattedNumber\": \"(770) 772-0252 123\"\r\n                },\r\n                {\r\n                  \"nameCode\": {\r\n                    \"codeValue\": \"Alternate Phone\",\r\n                    \"shortName\": \"Alternate Phone\"\r\n                  },\r\n                  \"countryDialing\": \"1\",\r\n                  \"areaDialing\": \"770\",\r\n                  \"dialNumber\": \"7720252\",\r\n                  \"formattedNumber\": \"(770) 772-0252\"\r\n                }\r\n              ],\r\n              \"mobiles\": [\r\n                {\r\n                  \"nameCode\": {\r\n                    \"codeValue\": \"Cell Phone\",\r\n                    \"shortName\": \"Cell Phone\"\r\n                  },\r\n                  \"countryDialing\": \"1\",\r\n                  \"areaDialing\": \"770\",\r\n                  \"dialNumber\": \"7720252123\",\r\n                  \"formattedNumber\": \"(770) 772-0252123\"\r\n                }\r\n              ],\r\n              \"emails\": [\r\n                {\r\n                  \"itemID\": \"139470108012_1\",\r\n                  \"nameCode\": {\r\n                    \"codeValue\": \"E-mail\",\r\n                    \"shortName\": \"E-mail\"\r\n                  },\r\n                  \"emailUri\": \"email@test.com\"\r\n                }\r\n              ]\r\n            },\r\n            \"contactTypeCode\": {\r\n              \"codeValue\": \"Emergency\",\r\n              \"shortName\": \"Emergency\"\r\n            },\r\n            \"relationshipTypeCode\": {\r\n              \"codeValue\": \"O\",\r\n              \"shortName\": \"Other\"\r\n            },\r\n            \"precedenceCode\": {\r\n              \"codeValue\": \"Primary\"\r\n            }\r\n          }\r\n        }\r\n      }\r\n    }\r\n  ]\r\n}"
						},
						"url": {
							"raw": "https://iat-api.adp.com/events/hr/v1/worker.personal-contact.add",
							"protocol": "https",
							"host": [
								"iat-api",
								"adp",
								"com"
							],
							"path": [
								"events",
								"hr",
								"v1",
								"worker.personal-contact.add"
							]
						}
					},
					"response": []
				},
				{
					"name": "400-Add personal contact details with invalid Country code",
					"request": {
						"method": "POST",
						"header": [
							{
								"key": "Content-Type",
								"value": "application/json"
							},
							{
								"key": "Authorization",
								"value": "Bearer 78512baf-7c1a-4b32-8b19-4d763feab9bb"
							}
						],
						"body": {
							"mode": "raw",
							"raw": "{\r\n  \"events\": [\r\n    {\r\n      \"data\": {\r\n        \"eventContext\": {\r\n          \"worker\": {\r\n            \"associateOID\": \"G372T336YEJ07AWG\"\r\n          }\r\n        },\r\n        \"transform\": {\r\n          \"personalContact\": {\r\n            \"personName\": {\r\n              \"formattedName\": \"Test Contact add\"\r\n            },\r\n            \"address\": {\r\n              \"lineOne\": \"5800 Windward Parkway\",\r\n              \"lineTwo\": \"line2\",\r\n              \"lineThree\": \"line3\",\r\n              \"cityName\": \"Alpharetta\",\r\n              \"countrySubdivisionLevel1\": {\r\n                \"subdivisionType\": \"StateTerritory\",\r\n                \"codeValue\": \"GA\",\r\n                \"shortName\": \"Georgia\",\r\n                \"longName\": \"Georgia\"\r\n              },\r\n              \"countryCode\": \"US1\",\r\n              \"postalCode\": \"30005\"\r\n            },\r\n            \"communication\": {\r\n              \"landlines\": [\r\n                {\r\n                  \"nameCode\": {\r\n                    \"codeValue\": \"Home Phone\",\r\n                    \"shortName\": \"Home Phone\"\r\n                  },\r\n                  \"countryDialing\": \"1\",\r\n                  \"areaDialing\": \"770\",\r\n                  \"dialNumber\": \"7720252\",\r\n                  \"formattedNumber\": \"(770) 772-0252\"\r\n                },\r\n                {\r\n                  \"nameCode\": {\r\n                    \"codeValue\": \"Work Phone\",\r\n                    \"shortName\": \"Work Phone\"\r\n                  },\r\n                  \"countryDialing\": \"1\",\r\n                  \"areaDialing\": \"770\",\r\n                  \"dialNumber\": \"7720252\",\r\n                  \"extension\": \"123\",\r\n                  \"access\": \"1\",\r\n                  \"formattedNumber\": \"(770) 772-0252 123\"\r\n                },\r\n                {\r\n                  \"nameCode\": {\r\n                    \"codeValue\": \"Alternate Phone\",\r\n                    \"shortName\": \"Alternate Phone\"\r\n                  },\r\n                  \"countryDialing\": \"1\",\r\n                  \"areaDialing\": \"770\",\r\n                  \"dialNumber\": \"7720252\",\r\n                  \"formattedNumber\": \"(770) 772-0252\"\r\n                }\r\n              ],\r\n              \"mobiles\": [\r\n                {\r\n                  \"nameCode\": {\r\n                    \"codeValue\": \"Cell Phone\",\r\n                    \"shortName\": \"Cell Phone\"\r\n                  },\r\n                  \"countryDialing\": \"1\",\r\n                  \"areaDialing\": \"770\",\r\n                  \"dialNumber\": \"7720252\",\r\n                  \"formattedNumber\": \"(770) 772-0252\"\r\n                }\r\n              ],\r\n              \"emails\": [\r\n                {\r\n                  \"itemID\": \"139470108012_1\",\r\n                  \"nameCode\": {\r\n                    \"codeValue\": \"E-mail\",\r\n                    \"shortName\": \"E-mail\"\r\n                  },\r\n                  \"emailUri\": \"email@test.com\"\r\n                }\r\n              ]\r\n            },\r\n            \"contactTypeCode\": {\r\n              \"codeValue\": \"Emergency\",\r\n              \"shortName\": \"Emergency\"\r\n            },\r\n            \"relationshipTypeCode\": {\r\n              \"codeValue\": \"O\",\r\n              \"shortName\": \"Other\"\r\n            },\r\n            \"precedenceCode\": {\r\n              \"codeValue\": \"Primary\"\r\n            }\r\n          }\r\n        }\r\n      }\r\n    }\r\n  ]\r\n}"
						},
						"url": {
							"raw": "https://iat-api.adp.com/events/hr/v1/worker.personal-contact.add",
							"protocol": "https",
							"host": [
								"iat-api",
								"adp",
								"com"
							],
							"path": [
								"events",
								"hr",
								"v1",
								"worker.personal-contact.add"
							]
						}
					},
					"response": []
				},
				{
					"name": "400-Add personal contact details with invalid AOID",
					"request": {
						"method": "POST",
						"header": [
							{
								"key": "Content-Type",
								"value": "application/json"
							},
							{
								"key": "Authorization",
								"value": "Bearer 78512baf-7c1a-4b32-8b19-4d763feab9bb"
							}
						],
						"body": {
							"mode": "raw",
							"raw": "{\r\n  \"events\": [\r\n    {\r\n      \"data\": {\r\n        \"eventContext\": {\r\n          \"worker\": {\r\n            \"associateOID\": \"G372T336YEJ07AWGG\"\r\n          }\r\n        },\r\n        \"transform\": {\r\n          \"personalContact\": {\r\n            \"personName\": {\r\n              \"formattedName\": \"Personal Contact One\"\r\n            },\r\n            \"address\": {\r\n              \"lineOne\": \"5800 Windward Parkway\",\r\n              \"lineTwo\": \"line2\",\r\n              \"lineThree\": \"line3\",\r\n              \"cityName\": \"Alpharetta\",\r\n              \"countrySubdivisionLevel1\": {\r\n                \"subdivisionType\": \"StateTerritory\",\r\n                \"codeValue\": \"GA\",\r\n                \"shortName\": \"Georgia\",\r\n                \"longName\": \"Georgia\"\r\n              },\r\n              \"countryCode\": \"US\",\r\n              \"postalCode\": \"30005\"\r\n            },\r\n            \"communication\": {\r\n              \"landlines\": [\r\n                {\r\n                  \"nameCode\": {\r\n                    \"codeValue\": \"Home Phone\",\r\n                    \"shortName\": \"Home Phone\"\r\n                  },\r\n                  \"countryDialing\": \"1\",\r\n                  \"areaDialing\": \"770\",\r\n                  \"dialNumber\": \"7720252\",\r\n                  \"formattedNumber\": \"(770) 772-0252\"\r\n                },\r\n                {\r\n                  \"nameCode\": {\r\n                    \"codeValue\": \"Work Phone\",\r\n                    \"shortName\": \"Work Phone\"\r\n                  },\r\n                  \"countryDialing\": \"1\",\r\n                  \"areaDialing\": \"770\",\r\n                  \"dialNumber\": \"7720252\",\r\n                  \"extension\": \"123\",\r\n                  \"access\": \"1\",\r\n                  \"formattedNumber\": \"(770) 772-0252 123\"\r\n                },\r\n                {\r\n                  \"nameCode\": {\r\n                    \"codeValue\": \"Alternate Phone\",\r\n                    \"shortName\": \"Alternate Phone\"\r\n                  },\r\n                  \"countryDialing\": \"1\",\r\n                  \"areaDialing\": \"770\",\r\n                  \"dialNumber\": \"7720252\",\r\n                  \"formattedNumber\": \"(770) 772-0252\"\r\n                }\r\n              ],\r\n              \"mobiles\": [\r\n                {\r\n                  \"nameCode\": {\r\n                    \"codeValue\": \"Cell Phone\",\r\n                    \"shortName\": \"Cell Phone\"\r\n                  },\r\n                  \"countryDialing\": \"1\",\r\n                  \"areaDialing\": \"770\",\r\n                  \"dialNumber\": \"7720252\",\r\n                  \"formattedNumber\": \"(770) 772-0252\"\r\n                }\r\n              ],\r\n              \"emails\": [\r\n                {\r\n                  \r\n                  \"nameCode\": {\r\n                    \"codeValue\": \"E-mail\",\r\n                    \"shortName\": \"E-mail\"\r\n                  },\r\n                  \"emailUri\": \"email@test.com\"\r\n                }\r\n              ]\r\n            },\r\n            \"contactTypeCode\": {\r\n              \"codeValue\": \"Emergency\",\r\n              \"shortName\": \"Emergency\"\r\n            },\r\n            \"relationshipTypeCode\": {\r\n              \"codeValue\": \"O\",\r\n              \"shortName\": \"Other\"\r\n            },\r\n            \"precedenceCode\": {\r\n              \"codeValue\": \"Primary\"\r\n            }\r\n          }\r\n        }\r\n      }\r\n    }\r\n  ]\r\n}"
						},
						"url": {
							"raw": "https://iat-api.adp.com/events/hr/v1/worker.personal-contact.add",
							"protocol": "https",
							"host": [
								"iat-api",
								"adp",
								"com"
							],
							"path": [
								"events",
								"hr",
								"v1",
								"worker.personal-contact.add"
							]
						}
					},
					"response": []
				}
			]
		},
		{
			"name": "CHANGE",
			"description": "",
			"item": [
				{
					"name": "200-Change Personal contact details",
					"request": {
						"method": "POST",
						"header": [
							{
								"key": "Content-Type",
								"value": "application/json"
							},
							{
								"key": "Authorization",
								"value": "Bearer 78512baf-7c1a-4b32-8b19-4d763feab9bb"
							}
						],
						"body": {
							"mode": "raw",
							"raw": "{\r\n  \"events\": [\r\n    {\r\n      \"data\": {\r\n        \"eventContext\": {\r\n          \"worker\": {\r\n            \"associateOID\": \"G372T336YEJ07AWG\"\r\n          },\r\n          \"personalContact\": {\r\n            \"itemID\": \"169750562647_272\"\r\n          }\r\n        },\r\n        \"transform\": {\r\n          \"personalContact\": {\r\n            \"personName\": {\r\n              \"formattedName\": \"Personal contact change\"\r\n            },\r\n            \"address\": {\r\n              \"lineOne\": \"5800 Windward Parkway\",\r\n              \"lineTwo\": \"line2\",\r\n              \"lineThree\": \"line3\",\r\n              \"cityName\": \"Alpharetta\",\r\n              \"countrySubdivisionLevel1\": {\r\n                \"subdivisionType\": \"StateTerritory\",\r\n                \"codeValue\": \"GA\",\r\n                \"shortName\": \"Georgia\",\r\n                \"longName\": \"Georgia\"\r\n              },\r\n              \"countryCode\": \"US\",\r\n              \"postalCode\": \"30005\"\r\n            },\r\n            \"communication\": {\r\n              \"landlines\": [\r\n                {\r\n                  \"nameCode\": {\r\n                    \"codeValue\": \"Home Phone\",\r\n                    \"shortName\": \"Home Phone\"\r\n                  },\r\n                  \"countryDialing\": \"1\",\r\n                  \"areaDialing\": \"770\",\r\n                  \"dialNumber\": \"7720252\",\r\n                  \"formattedNumber\": \"(770) 772-0253\"\r\n                },\r\n                {\r\n                  \"nameCode\": {\r\n                    \"codeValue\": \"Work Phone\",\r\n                    \"shortName\": \"Work Phone\"\r\n                  },\r\n                  \"countryDialing\": \"1\",\r\n                  \"areaDialing\": \"770\",\r\n                  \"dialNumber\": \"7720252\",\r\n                  \"extension\": \"123\",\r\n                  \"access\": \"1\",\r\n                  \"formattedNumber\": \"(770) 772-0252 122\"\r\n                },\r\n                {\r\n                  \"nameCode\": {\r\n                    \"codeValue\": \"Alternate Phone\",\r\n                    \"shortName\": \"Alternate Phone\"\r\n                  },\r\n                  \"countryDialing\": \"1\",\r\n                  \"areaDialing\": \"770\",\r\n                  \"dialNumber\": \"7720252\",\r\n                  \"formattedNumber\": \"(770) 772-0253\"\r\n                }\r\n              ],\r\n              \"mobiles\": [\r\n                {\r\n                  \"nameCode\": {\r\n                    \"codeValue\": \"Cell Phone\",\r\n                    \"shortName\": \"Cell Phone\"\r\n                  },\r\n                  \"countryDialing\": \"1\",\r\n                  \"areaDialing\": \"770\",\r\n                  \"dialNumber\": \"7720252\",\r\n                  \"formattedNumber\": \"(770) 772-0253\"\r\n                }\r\n              ],\r\n              \"emails\": [\r\n                {\r\n                  \r\n                  \"nameCode\": {\r\n                    \"codeValue\": \"E-mail\",\r\n                    \"shortName\": \"E-mail\"\r\n                  },\r\n                  \"emailUri\": \"email456@test.com\"\r\n                }\r\n              ]\r\n            },\r\n            \"contactTypeCode\": {\r\n              \"codeValue\": \"Emergency\",\r\n              \"shortName\": \"Emergency\"\r\n            },\r\n            \"relationshipTypeCode\": {\r\n              \"codeValue\": \"B\",\r\n              \"shortName\": \"Sibling\"\r\n            },\r\n            \"precedenceCode\": {\r\n              \"codeValue\": \"Primary\"\r\n            }\r\n          }\r\n        }\r\n      }\r\n    }\r\n  ]\r\n}"
						},
						"url": {
							"raw": "https://iat-api.adp.com/events/hr/v1/worker.personal-contact.change",
							"protocol": "https",
							"host": [
								"iat-api",
								"adp",
								"com"
							],
							"path": [
								"events",
								"hr",
								"v1",
								"worker.personal-contact.change"
							]
						}
					},
					"response": []
				},
				{
					"name": "400-Change personal contact details with invalid Relationship",
					"request": {
						"method": "POST",
						"header": [
							{
								"key": "Content-Type",
								"value": "application/json"
							},
							{
								"key": "Authorization",
								"value": "Bearer 78512baf-7c1a-4b32-8b19-4d763feab9bb"
							}
						],
						"body": {
							"mode": "raw",
							"raw": "{\r\n  \"events\": [\r\n    {\r\n      \"data\": {\r\n        \"eventContext\": {\r\n          \"worker\": {\r\n            \"associateOID\": \"G372T336YEJ07AWG\"\r\n          },\r\n          \"personalContact\": {\r\n            \"itemID\": \"169750562647_272\"\r\n          }\r\n        },\r\n        \"transform\": {\r\n          \"personalContact\": {\r\n            \"personName\": {\r\n              \"formattedName\": \"Personal contact change\"\r\n            },\r\n            \"address\": {\r\n              \"lineOne\": \"5800 Windward Parkway\",\r\n              \"lineTwo\": \"line2\",\r\n              \"lineThree\": \"line3\",\r\n              \"cityName\": \"Alpharetta\",\r\n              \"countrySubdivisionLevel1\": {\r\n                \"subdivisionType\": \"StateTerritory\",\r\n                \"codeValue\": \"GA\",\r\n                \"shortName\": \"Georgia\",\r\n                \"longName\": \"Georgia\"\r\n              },\r\n              \"countryCode\": \"US\",\r\n              \"postalCode\": \"30005\"\r\n            },\r\n            \"communication\": {\r\n              \"landlines\": [\r\n                {\r\n                  \"nameCode\": {\r\n                    \"codeValue\": \"Home Phone\",\r\n                    \"shortName\": \"Home Phone\"\r\n                  },\r\n                  \"countryDialing\": \"1\",\r\n                  \"areaDialing\": \"770\",\r\n                  \"dialNumber\": \"7720252\",\r\n                  \"formattedNumber\": \"(770) 772-0253\"\r\n                },\r\n                {\r\n                  \"nameCode\": {\r\n                    \"codeValue\": \"Work Phone\",\r\n                    \"shortName\": \"Work Phone\"\r\n                  },\r\n                  \"countryDialing\": \"1\",\r\n                  \"areaDialing\": \"770\",\r\n                  \"dialNumber\": \"7720252\",\r\n                  \"extension\": \"123\",\r\n                  \"access\": \"1\",\r\n                  \"formattedNumber\": \"(770) 772-0252 122\"\r\n                },\r\n                {\r\n                  \"nameCode\": {\r\n                    \"codeValue\": \"Alternate Phone\",\r\n                    \"shortName\": \"Alternate Phone\"\r\n                  },\r\n                  \"countryDialing\": \"1\",\r\n                  \"areaDialing\": \"770\",\r\n                  \"dialNumber\": \"7720252\",\r\n                  \"formattedNumber\": \"(770) 772-0253\"\r\n                }\r\n              ],\r\n              \"mobiles\": [\r\n                {\r\n                  \"nameCode\": {\r\n                    \"codeValue\": \"Cell Phone\",\r\n                    \"shortName\": \"Cell Phone\"\r\n                  },\r\n                  \"countryDialing\": \"1\",\r\n                  \"areaDialing\": \"770\",\r\n                  \"dialNumber\": \"7720252\",\r\n                  \"formattedNumber\": \"(770) 772-0253\"\r\n                }\r\n              ],\r\n              \"emails\": [\r\n                {\r\n                  \r\n                  \"nameCode\": {\r\n                    \"codeValue\": \"E-mail\",\r\n                    \"shortName\": \"E-mail\"\r\n                  },\r\n                  \"emailUri\": \"email456@test.com\"\r\n                }\r\n              ]\r\n            },\r\n            \"contactTypeCode\": {\r\n              \"codeValue\": \"Emergency\",\r\n              \"shortName\": \"Emergency\"\r\n            },\r\n            \"relationshipTypeCode\": {\r\n              \"codeValue\": \"X\",\r\n              \"shortName\": \"Sibling\"\r\n            },\r\n            \"precedenceCode\": {\r\n              \"codeValue\": \"Primary\"\r\n            }\r\n          }\r\n        }\r\n      }\r\n    }\r\n  ]\r\n}"
						},
						"url": {
							"raw": "https://iat-api.adp.com/events/hr/v1/worker.personal-contact.change",
							"protocol": "https",
							"host": [
								"iat-api",
								"adp",
								"com"
							],
							"path": [
								"events",
								"hr",
								"v1",
								"worker.personal-contact.change"
							]
						}
					},
					"response": []
				},
				{
					"name": "400-Change personal contact details with invalid Mobile number",
					"request": {
						"method": "POST",
						"header": [
							{
								"key": "Content-Type",
								"value": "application/json"
							},
							{
								"key": "Authorization",
								"value": "Bearer 78512baf-7c1a-4b32-8b19-4d763feab9bb"
							}
						],
						"body": {
							"mode": "raw",
							"raw": "{\r\n  \"events\": [\r\n    {\r\n      \"data\": {\r\n        \"eventContext\": {\r\n          \"worker\": {\r\n            \"associateOID\": \"G372T336YEJ07AWG\"\r\n          },\r\n          \"personalContact\": {\r\n            \"itemID\": \"169750562647_272\"\r\n          }\r\n        },\r\n        \"transform\": {\r\n          \"personalContact\": {\r\n            \"personName\": {\r\n              \"formattedName\": \"Personal contact change\"\r\n            },\r\n            \"address\": {\r\n              \"lineOne\": \"5800 Windward Parkway\",\r\n              \"lineTwo\": \"line2\",\r\n              \"lineThree\": \"line3\",\r\n              \"cityName\": \"Alpharetta\",\r\n              \"countrySubdivisionLevel1\": {\r\n                \"subdivisionType\": \"StateTerritory\",\r\n                \"codeValue\": \"GA\",\r\n                \"shortName\": \"Georgia\",\r\n                \"longName\": \"Georgia\"\r\n              },\r\n              \"countryCode\": \"US\",\r\n              \"postalCode\": \"30005\"\r\n            },\r\n            \"communication\": {\r\n              \"landlines\": [\r\n                {\r\n                  \"nameCode\": {\r\n                    \"codeValue\": \"Home Phone\",\r\n                    \"shortName\": \"Home Phone\"\r\n                  },\r\n                  \"countryDialing\": \"1\",\r\n                  \"areaDialing\": \"770\",\r\n                  \"dialNumber\": \"7720252\",\r\n                  \"formattedNumber\": \"(770) 772-0253\"\r\n                },\r\n                {\r\n                  \"nameCode\": {\r\n                    \"codeValue\": \"Work Phone\",\r\n                    \"shortName\": \"Work Phone\"\r\n                  },\r\n                  \"countryDialing\": \"1\",\r\n                  \"areaDialing\": \"770\",\r\n                  \"dialNumber\": \"7720252\",\r\n                  \"extension\": \"123\",\r\n                  \"access\": \"1\",\r\n                  \"formattedNumber\": \"(770) 772-0252 122\"\r\n                },\r\n                {\r\n                  \"nameCode\": {\r\n                    \"codeValue\": \"Alternate Phone\",\r\n                    \"shortName\": \"Alternate Phone\"\r\n                  },\r\n                  \"countryDialing\": \"1\",\r\n                  \"areaDialing\": \"770\",\r\n                  \"dialNumber\": \"7720252\",\r\n                  \"formattedNumber\": \"(770) 772-0253\"\r\n                }\r\n              ],\r\n              \"mobiles\": [\r\n                {\r\n                  \"nameCode\": {\r\n                    \"codeValue\": \"Cell Phone\",\r\n                    \"shortName\": \"Cell Phone\"\r\n                  },\r\n                  \"countryDialing\": \"1\",\r\n                  \"areaDialing\": \"770\",\r\n                  \"dialNumber\": \"77202521234\",\r\n                  \"formattedNumber\": \"(770) 772-0253\"\r\n                }\r\n              ],\r\n              \"emails\": [\r\n                {\r\n                  \r\n                  \"nameCode\": {\r\n                    \"codeValue\": \"E-mail\",\r\n                    \"shortName\": \"E-mail\"\r\n                  },\r\n                  \"emailUri\": \"email456@test.com\"\r\n                }\r\n              ]\r\n            },\r\n            \"contactTypeCode\": {\r\n              \"codeValue\": \"Emergency\",\r\n              \"shortName\": \"Emergency\"\r\n            },\r\n            \"relationshipTypeCode\": {\r\n              \"codeValue\": \"B\",\r\n              \"shortName\": \"Sibling\"\r\n            },\r\n            \"precedenceCode\": {\r\n              \"codeValue\": \"Primary\"\r\n            }\r\n          }\r\n        }\r\n      }\r\n    }\r\n  ]\r\n}"
						},
						"url": {
							"raw": "https://iat-api.adp.com/events/hr/v1/worker.personal-contact.change",
							"protocol": "https",
							"host": [
								"iat-api",
								"adp",
								"com"
							],
							"path": [
								"events",
								"hr",
								"v1",
								"worker.personal-contact.change"
							]
						}
					},
					"response": []
				},
				{
					"name": "400-Change personal contact details with invalid Country code",
					"request": {
						"method": "POST",
						"header": [
							{
								"key": "Content-Type",
								"value": "application/json"
							},
							{
								"key": "Authorization",
								"value": "Bearer 78512baf-7c1a-4b32-8b19-4d763feab9bb"
							}
						],
						"body": {
							"mode": "raw",
							"raw": "{\r\n  \"events\": [\r\n    {\r\n      \"data\": {\r\n        \"eventContext\": {\r\n          \"worker\": {\r\n            \"associateOID\": \"G372T336YEJ07AWG\"\r\n          },\r\n          \"personalContact\": {\r\n            \"itemID\": \"169750562647_272\"\r\n          }\r\n        },\r\n        \"transform\": {\r\n          \"personalContact\": {\r\n            \"personName\": {\r\n              \"formattedName\": \"Personal contact change\"\r\n            },\r\n            \"address\": {\r\n              \"lineOne\": \"5800 Windward Parkway\",\r\n              \"lineTwo\": \"line2\",\r\n              \"lineThree\": \"line3\",\r\n              \"cityName\": \"Alpharetta\",\r\n              \"countrySubdivisionLevel1\": {\r\n                \"subdivisionType\": \"StateTerritory\",\r\n                \"codeValue\": \"GA\",\r\n                \"shortName\": \"Georgia\",\r\n                \"longName\": \"Georgia\"\r\n              },\r\n              \"countryCode\": \"US1\",\r\n              \"postalCode\": \"30005\"\r\n            },\r\n            \"communication\": {\r\n              \"landlines\": [\r\n                {\r\n                  \"nameCode\": {\r\n                    \"codeValue\": \"Home Phone\",\r\n                    \"shortName\": \"Home Phone\"\r\n                  },\r\n                  \"countryDialing\": \"1\",\r\n                  \"areaDialing\": \"770\",\r\n                  \"dialNumber\": \"7720252\",\r\n                  \"formattedNumber\": \"(770) 772-0253\"\r\n                },\r\n                {\r\n                  \"nameCode\": {\r\n                    \"codeValue\": \"Work Phone\",\r\n                    \"shortName\": \"Work Phone\"\r\n                  },\r\n                  \"countryDialing\": \"1\",\r\n                  \"areaDialing\": \"770\",\r\n                  \"dialNumber\": \"7720252\",\r\n                  \"extension\": \"123\",\r\n                  \"access\": \"1\",\r\n                  \"formattedNumber\": \"(770) 772-0252 122\"\r\n                },\r\n                {\r\n                  \"nameCode\": {\r\n                    \"codeValue\": \"Alternate Phone\",\r\n                    \"shortName\": \"Alternate Phone\"\r\n                  },\r\n                  \"countryDialing\": \"1\",\r\n                  \"areaDialing\": \"770\",\r\n                  \"dialNumber\": \"7720252\",\r\n                  \"formattedNumber\": \"(770) 772-0253\"\r\n                }\r\n              ],\r\n              \"mobiles\": [\r\n                {\r\n                  \"nameCode\": {\r\n                    \"codeValue\": \"Cell Phone\",\r\n                    \"shortName\": \"Cell Phone\"\r\n                  },\r\n                  \"countryDialing\": \"1\",\r\n                  \"areaDialing\": \"770\",\r\n                  \"dialNumber\": \"772025212\",\r\n                  \"formattedNumber\": \"(770) 772-0253\"\r\n                }\r\n              ],\r\n              \"emails\": [\r\n                {\r\n                  \r\n                  \"nameCode\": {\r\n                    \"codeValue\": \"E-mail\",\r\n                    \"shortName\": \"E-mail\"\r\n                  },\r\n                  \"emailUri\": \"email456@test.com\"\r\n                }\r\n              ]\r\n            },\r\n            \"contactTypeCode\": {\r\n              \"codeValue\": \"Emergency\",\r\n              \"shortName\": \"Emergency\"\r\n            },\r\n            \"relationshipTypeCode\": {\r\n              \"codeValue\": \"B\",\r\n              \"shortName\": \"Sibling\"\r\n            },\r\n            \"precedenceCode\": {\r\n              \"codeValue\": \"Primary\"\r\n            }\r\n          }\r\n        }\r\n      }\r\n    }\r\n  ]\r\n}"
						},
						"url": {
							"raw": "https://iat-api.adp.com/events/hr/v1/worker.personal-contact.change",
							"protocol": "https",
							"host": [
								"iat-api",
								"adp",
								"com"
							],
							"path": [
								"events",
								"hr",
								"v1",
								"worker.personal-contact.change"
							]
						}
					},
					"response": []
				},
				{
					"name": "400-Change personal contact details with invalid AOID",
					"request": {
						"method": "POST",
						"header": [
							{
								"key": "Content-Type",
								"value": "application/json"
							},
							{
								"key": "Authorization",
								"value": "Bearer 78512baf-7c1a-4b32-8b19-4d763feab9bb"
							}
						],
						"body": {
							"mode": "raw",
							"raw": "{\r\n  \"events\": [\r\n    {\r\n      \"data\": {\r\n        \"eventContext\": {\r\n          \"worker\": {\r\n            \"associateOID\": \"G372T336YEJ07AWGG\"\r\n          },\r\n          \"personalContact\": {\r\n            \"itemID\": \"169750562647_272\"\r\n          }\r\n        },\r\n        \"transform\": {\r\n          \"personalContact\": {\r\n            \"personName\": {\r\n              \"formattedName\": \"Personal contact change\"\r\n            },\r\n            \"address\": {\r\n              \"lineOne\": \"5800 Windward Parkway\",\r\n              \"lineTwo\": \"line2\",\r\n              \"lineThree\": \"line3\",\r\n              \"cityName\": \"Alpharetta\",\r\n              \"countrySubdivisionLevel1\": {\r\n                \"subdivisionType\": \"StateTerritory\",\r\n                \"codeValue\": \"GA\",\r\n                \"shortName\": \"Georgia\",\r\n                \"longName\": \"Georgia\"\r\n              },\r\n              \"countryCode\": \"US\",\r\n              \"postalCode\": \"30005\"\r\n            },\r\n            \"communication\": {\r\n              \"landlines\": [\r\n                {\r\n                  \"nameCode\": {\r\n                    \"codeValue\": \"Home Phone\",\r\n                    \"shortName\": \"Home Phone\"\r\n                  },\r\n                  \"countryDialing\": \"1\",\r\n                  \"areaDialing\": \"770\",\r\n                  \"dialNumber\": \"7720252\",\r\n                  \"formattedNumber\": \"(770) 772-0253\"\r\n                },\r\n                {\r\n                  \"nameCode\": {\r\n                    \"codeValue\": \"Work Phone\",\r\n                    \"shortName\": \"Work Phone\"\r\n                  },\r\n                  \"countryDialing\": \"1\",\r\n                  \"areaDialing\": \"770\",\r\n                  \"dialNumber\": \"7720252\",\r\n                  \"extension\": \"123\",\r\n                  \"access\": \"1\",\r\n                  \"formattedNumber\": \"(770) 772-0252 122\"\r\n                },\r\n                {\r\n                  \"nameCode\": {\r\n                    \"codeValue\": \"Alternate Phone\",\r\n                    \"shortName\": \"Alternate Phone\"\r\n                  },\r\n                  \"countryDialing\": \"1\",\r\n                  \"areaDialing\": \"770\",\r\n                  \"dialNumber\": \"7720252\",\r\n                  \"formattedNumber\": \"(770) 772-0253\"\r\n                }\r\n              ],\r\n              \"mobiles\": [\r\n                {\r\n                  \"nameCode\": {\r\n                    \"codeValue\": \"Cell Phone\",\r\n                    \"shortName\": \"Cell Phone\"\r\n                  },\r\n                  \"countryDialing\": \"1\",\r\n                  \"areaDialing\": \"770\",\r\n                  \"dialNumber\": \"772025212\",\r\n                  \"formattedNumber\": \"(770) 772-0253\"\r\n                }\r\n              ],\r\n              \"emails\": [\r\n                {\r\n                  \r\n                  \"nameCode\": {\r\n                    \"codeValue\": \"E-mail\",\r\n                    \"shortName\": \"E-mail\"\r\n                  },\r\n                  \"emailUri\": \"email456@test.com\"\r\n                }\r\n              ]\r\n            },\r\n            \"contactTypeCode\": {\r\n              \"codeValue\": \"Emergency\",\r\n              \"shortName\": \"Emergency\"\r\n            },\r\n            \"relationshipTypeCode\": {\r\n              \"codeValue\": \"B\",\r\n              \"shortName\": \"Sibling\"\r\n            },\r\n            \"precedenceCode\": {\r\n              \"codeValue\": \"Primary\"\r\n            }\r\n          }\r\n        }\r\n      }\r\n    }\r\n  ]\r\n}"
						},
						"url": {
							"raw": "https://iat-api.adp.com/events/hr/v1/worker.personal-contact.change",
							"protocol": "https",
							"host": [
								"iat-api",
								"adp",
								"com"
							],
							"path": [
								"events",
								"hr",
								"v1",
								"worker.personal-contact.change"
							]
						}
					},
					"response": []
				},
				{
					"name": "400-Change personal contact details with invalid itemID",
					"request": {
						"method": "POST",
						"header": [
							{
								"key": "Content-Type",
								"value": "application/json"
							},
							{
								"key": "Authorization",
								"value": "Bearer 78512baf-7c1a-4b32-8b19-4d763feab9bb"
							}
						],
						"body": {
							"mode": "raw",
							"raw": "{\r\n  \"events\": [\r\n    {\r\n      \"data\": {\r\n        \"eventContext\": {\r\n          \"worker\": {\r\n            \"associateOID\": \"G372T336YEJ07AWG\"\r\n          },\r\n          \"personalContact\": {\r\n            \"itemID\": \"169750562647_2721\"\r\n          }\r\n        },\r\n        \"transform\": {\r\n          \"personalContact\": {\r\n            \"personName\": {\r\n              \"formattedName\": \"Personal contact change\"\r\n            },\r\n            \"address\": {\r\n              \"lineOne\": \"5800 Windward Parkway\",\r\n              \"lineTwo\": \"line2\",\r\n              \"lineThree\": \"line3\",\r\n              \"cityName\": \"Alpharetta\",\r\n              \"countrySubdivisionLevel1\": {\r\n                \"subdivisionType\": \"StateTerritory\",\r\n                \"codeValue\": \"GA\",\r\n                \"shortName\": \"Georgia\",\r\n                \"longName\": \"Georgia\"\r\n              },\r\n              \"countryCode\": \"US\",\r\n              \"postalCode\": \"30005\"\r\n            },\r\n            \"communication\": {\r\n              \"landlines\": [\r\n                {\r\n                  \"nameCode\": {\r\n                    \"codeValue\": \"Home Phone\",\r\n                    \"shortName\": \"Home Phone\"\r\n                  },\r\n                  \"countryDialing\": \"1\",\r\n                  \"areaDialing\": \"770\",\r\n                  \"dialNumber\": \"7720252\",\r\n                  \"formattedNumber\": \"(770) 772-0253\"\r\n                },\r\n                {\r\n                  \"nameCode\": {\r\n                    \"codeValue\": \"Work Phone\",\r\n                    \"shortName\": \"Work Phone\"\r\n                  },\r\n                  \"countryDialing\": \"1\",\r\n                  \"areaDialing\": \"770\",\r\n                  \"dialNumber\": \"7720252\",\r\n                  \"extension\": \"123\",\r\n                  \"access\": \"1\",\r\n                  \"formattedNumber\": \"(770) 772-0252 122\"\r\n                },\r\n                {\r\n                  \"nameCode\": {\r\n                    \"codeValue\": \"Alternate Phone\",\r\n                    \"shortName\": \"Alternate Phone\"\r\n                  },\r\n                  \"countryDialing\": \"1\",\r\n                  \"areaDialing\": \"770\",\r\n                  \"dialNumber\": \"7720252\",\r\n                  \"formattedNumber\": \"(770) 772-0253\"\r\n                }\r\n              ],\r\n              \"mobiles\": [\r\n                {\r\n                  \"nameCode\": {\r\n                    \"codeValue\": \"Cell Phone\",\r\n                    \"shortName\": \"Cell Phone\"\r\n                  },\r\n                  \"countryDialing\": \"1\",\r\n                  \"areaDialing\": \"770\",\r\n                  \"dialNumber\": \"772025212\",\r\n                  \"formattedNumber\": \"(770) 772-0253\"\r\n                }\r\n              ],\r\n              \"emails\": [\r\n                {\r\n                  \r\n                  \"nameCode\": {\r\n                    \"codeValue\": \"E-mail\",\r\n                    \"shortName\": \"E-mail\"\r\n                  },\r\n                  \"emailUri\": \"email456@test.com\"\r\n                }\r\n              ]\r\n            },\r\n            \"contactTypeCode\": {\r\n              \"codeValue\": \"Emergency\",\r\n              \"shortName\": \"Emergency\"\r\n            },\r\n            \"relationshipTypeCode\": {\r\n              \"codeValue\": \"B\",\r\n              \"shortName\": \"Sibling\"\r\n            },\r\n            \"precedenceCode\": {\r\n              \"codeValue\": \"Primary\"\r\n            }\r\n          }\r\n        }\r\n      }\r\n    }\r\n  ]\r\n}"
						},
						"url": {
							"raw": "https://iat-api.adp.com/events/hr/v1/worker.personal-contact.change",
							"protocol": "https",
							"host": [
								"iat-api",
								"adp",
								"com"
							],
							"path": [
								"events",
								"hr",
								"v1",
								"worker.personal-contact.change"
							]
						}
					},
					"response": []
				}
			]
		},
		{
			"name": "GET",
			"description": "",
			"item": [
				{
					"name": "get",
					"request": {
						"method": "GET",
						"header": [
							{
								"key": "Authorization",
								"value": "Bearer 78512baf-7c1a-4b32-8b19-4d763feab9bb"
							},
							{
								"key": "If-None-Match",
								"value": "true"
							}
						],
						"body": {
							"mode": "raw",
							"raw": "{\n  \"events\": [\n    {\n      \"data\": {\n        \"eventContext\": {\n          \"worker\": {\n            \"associateOID\": \"G3KQQ9WBC60375HW\"\n          },\n          \"personalContact\": {\n            \"itemID\": \"139470090303_22\"\n          }\n        }\n      }\n    }\n  ]\n}"
						},
						"url": {
							"raw": "https://iat-api.adp.com/hr/v2/associates/G372T336YEJ07AWG/personal-contacts",
							"protocol": "https",
							"host": [
								"iat-api",
								"adp",
								"com"
							],
							"path": [
								"hr",
								"v2",
								"associates",
								"G372T336YEJ07AWG",
								"personal-contacts"
							]
						}
					},
					"response": []
				}
			]
		},
		{
			"name": "Workers call",
			"request": {
				"method": "GET",
				"header": [
					{
						"key": "Authorization",
						"value": "Bearer ff9557bc-cb55-4934-b71e-1ab932f22b0a"
					},
					{
						"key": "If-None-Match",
						"value": "true"
					},
					{
						"key": "Accept",
						"value": "application/json;masked=false",
						"disabled": true
					}
				],
				"body": {
					"mode": "raw",
					"raw": ""
				},
				"url": {
					"raw": "https://iat-api.adp.com/hr/v2/workers",
					"protocol": "https",
					"host": [
						"iat-api",
						"adp",
						"com"
					],
					"path": [
						"hr",
						"v2",
						"workers"
					]
				}
			},
			"response": []
		},
		{
			"name": "Access token_WFN",
			"request": {
				"method": "POST",
				"header": [
					{
						"key": "Content-Type",
						"value": "application/x-www-form-urlencoded"
					}
				],
				"body": {
					"mode": "urlencoded",
					"urlencoded": [
						{
							"key": "grant_type",
							"value": "client_credentials",
							"type": "text"
						},
						{
							"key": "client_id",
							"value": "paste client_id",
							"type": "text"
						},
						{
							"key": "client_secret",
							"value": "paste client_secret",
							"type": "text"
						}
					]
				},
				"url": {
					"raw": "https://iat-api.adp.com/auth/oauth/v2/token",
					"protocol": "https",
					"host": [
						"iat-api",
						"adp",
						"com"
					],
					"path": [
						"auth",
						"oauth",
						"v2",
						"token"
					]
				}
			},
			"response": []
		},
		{
			"name": "core/v1/event-notification-messages",
			"request": {
				"method": "GET",
				"header": [
					{
						"key": "Authorization",
						"value": "Bearer 78512baf-7c1a-4b32-8b19-4d763feab9bb"
					},
					{
						"key": "prefer",
						"value": "/adp/long-polling",
						"disabled": true
					}
				],
				"body": {},
				"url": {
					"raw": "https://iat-api.adp.com/core/v1/event-notification-messages",
					"protocol": "https",
					"host": [
						"iat-api",
						"adp",
						"com"
					],
					"path": [
						"core",
						"v1",
						"event-notification-messages"
					]
				}
			},
			"response": []
		},
		{
			"name": "/core/v1/event-notification-messages/0x_414d51204253494e464f42513520202079e5db5b18b0ab20",
			"request": {
				"method": "DELETE",
				"header": [
					{
						"key": "Authorization",
						"value": "Bearer 78512baf-7c1a-4b32-8b19-4d763feab9bb"
					}
				],
				"body": {},
				"url": {
					"raw": "https://iat-api.adp.com/core/v1/event-notification-messages/0x_414d51204253494e464f4251313220202c01735ed880c129",
					"protocol": "https",
					"host": [
						"iat-api",
						"adp",
						"com"
					],
					"path": [
						"core",
						"v1",
						"event-notification-messages",
						"0x_414d51204253494e464f4251313220202c01735ed880c129"
					]
				}
			},
			"response": []
		}
	]
}