{
	"info": {
		"_postman_id": "913c9668-2999-42c2-86b9-599355eb61c2",
		"name": "PI_PayDataInput_WFN_IAT_GITHUB",
		"schema": "https://schema.getpostman.com/json/collection/v2.1.0/collection.json"
	},
	"item": [
		{
			"name": "append_sample",
			"request": {
				"method": "POST",
				"header": [],
				"body": {
					"mode": "raw",
					"raw": "{\r\n    \"events\": [\r\n        {\r\n            \"data\": {\r\n                \"eventContext\": {\r\n                    \"payrollGroupCode\": {\r\n                        \"codeValue\": \"KFC9\"\r\n                    },\r\n                    \"payDate\": \"2021-01-20\",\r\n                    \"payrollProcessingJobID\": \"ALL_INPUTS_DEMO\"\r\n                },\r\n                \"transform\": {\r\n                    \"payDataInput\": {\r\n                        \"payeePayInputs\": [\r\n                            {\r\n                                \"associateOID\": \"G33JCCR2ZB9SZH3N\",\r\n                                \"payNumber\": \"1\",\r\n                                \"payrollProfilePayInputs\": [\r\n                                    {\r\n                                        \"payrollFileNumber\": \"851925\",\r\n                                        \"payInputs\": [\r\n                                            {\r\n\r\n                                            \"earningInputs\": [\r\n                                                      {\r\n                                                        \"earningCode\": {\r\n                                                            \"codeValue\": \"FFRCAEmployeePay.PAID_TIME_OFF_EARNINGS\"\r\n                                                        },\r\n                                                         \r\n                                                           \"earningsAmount\": {\r\n                                                            \"amountValue\": 200,\r\n                                                            \"currencyCode\": \"USD\"\r\n                                                        }\r\n                                                         \r\n                                                    }\r\n                                            ],\r\n                                                \"_modificationTypeCode\": \"append\"\r\n                                            }\r\n                                        ]\r\n                                    }\r\n                                ]\r\n                            }\r\n                        ]\r\n                    }\r\n                }\r\n            }\r\n        }\r\n    ]\r\n}",
					"options": {
						"raw": {
							"language": "json"
						}
					}
				},
				"url": {
					"raw": "http://mascsr-iat.us-east-1.wfn-staging-prod.aws.adp/mascsr/payrollcyclicalinput/metaservices/events/payroll/v1/pay-data-input.modify",
					"protocol": "http",
					"host": [
						"mascsr-iat",
						"us-east-1",
						"wfn-staging-prod",
						"aws",
						"adp"
					],
					"path": [
						"mascsr",
						"payrollcyclicalinput",
						"metaservices",
						"events",
						"payroll",
						"v1",
						"pay-data-input.modify"
					]
				},
				"description": "append_sample"
			},
			"response": []
		},
		{
			"name": "Baisc Earnings - Regular_overtime_Hrs_Earnings",
			"request": {
				"method": "POST",
				"header": [],
				"body": {
					"mode": "raw",
					"raw": "{\r\n    \"events\": [\r\n        {\r\n            \"data\": {\r\n                \"eventContext\": {\r\n                    \"payrollGroupCode\": {\r\n                        \"codeValue\": \"KFC9\"\r\n                    },\r\n                    \"payDate\": \"2021-01-20\",\r\n                    \"payrollProcessingJobID\": \"MarketPlace_BasicWorksheet\"\r\n                },\r\n                \"transform\": {\r\n                    \"payDataInput\": {\r\n                        \"payeePayInputs\": [\r\n                            {\r\n                                \"associateOID\": \"G33JCCR2ZB9SZH3N\",\r\n                                \"payNumber\": \"1\",\r\n                                \"payrollProfilePayInputs\": [\r\n                                    {\r\n                                        \"payrollFileNumber\": \"851925\",\r\n                                        \"payInputs\": [\r\n                                            {\r\n                                                \"earningInputs\": [\r\n                                                    {\r\n                                                        \"earningCode\": {\r\n                                                            \"codeValue\": \"R\"\r\n                                                        },\r\n                                                        \"numberOfHours\": 1\r\n                                                    },\r\n                                                    {\r\n                                                        \"earningCode\": {\r\n                                                            \"codeValue\": \"R\"\r\n                                                        },\r\n                                                        \"earningsAmount\": {\r\n                                                            \"amountValue\": 2,\r\n                                                            \"currencyCode\": \"USD\"\r\n                                                        }\r\n                                                    },\r\n                                                    {\r\n                                                        \"earningCode\": {\r\n                                                            \"codeValue\": \"O\"\r\n                                                        },\r\n                                                        \"numberOfHours\": 3\r\n                                                    },\r\n                                                    {\r\n                                                        \"earningCode\": {\r\n                                                            \"codeValue\": \"O\"\r\n                                                        },\r\n                                                        \"earningsAmount\": {\r\n                                                            \"amountValue\": 4,\r\n                                                            \"currencyCode\": \"USD\"\r\n                                                        }\r\n                                                    }\r\n                                                ],\r\n                                                \"_modificationTypeCode\": \"Add\"\r\n                                            }\r\n                                        ]\r\n                                    }\r\n                                ]\r\n                            }\r\n                        ]\r\n                    }\r\n                }\r\n            }\r\n        }\r\n    ]\r\n}",
					"options": {
						"raw": {
							"language": "json"
						}
					}
				},
				"url": {
					"raw": "http://mascsr-iat.us-east-1.wfn-staging-prod.aws.adp/mascsr/payrollcyclicalinput/metaservices/events/payroll/v1/pay-data-input.modify",
					"protocol": "http",
					"host": [
						"mascsr-iat",
						"us-east-1",
						"wfn-staging-prod",
						"aws",
						"adp"
					],
					"path": [
						"mascsr",
						"payrollcyclicalinput",
						"metaservices",
						"events",
						"payroll",
						"v1",
						"pay-data-input.modify"
					]
				},
				"description": "Baisc Earnings - Regular_overtime_Hrs_Earnings"
			},
			"response": []
		},
		{
			"name": "Bonus_shiftDifferentail_overtime_policies",
			"request": {
				"method": "POST",
				"header": [],
				"body": {
					"mode": "raw",
					"raw": "{\r\n    \"events\": [\r\n        {\r\n            \"data\": {\r\n                \"eventContext\": {\r\n                    \"payrollGroupCode\": {\r\n                        \"codeValue\": \"KFC9\"\r\n                    },\r\n                    \"payDate\": \"2021-01-20\",\r\n                    \"payrollProcessingJobID\": \"Bonus_Shift_Overtime_Demo\"\r\n                },\r\n                \"transform\": {\r\n                    \"payDataInput\": {\r\n                        \"payeePayInputs\": [\r\n                            {\r\n                                \"associateOID\": \"G33JCCR2ZB9SZH3N\",\r\n                                \"payNumber\": \"1\",\r\n                                \"payrollProfilePayInputs\": [\r\n                                    {\r\n                                        \"payrollFileNumber\": \"851925\",\r\n                                        \"payInputs\": [\r\n                                            {\r\n\r\n                                            \"earningInputs\": [\r\n                                                   \r\n\t\t\t\t\t\t\t\t\t\t\t\t      {\r\n                                                        \"earningCode\": {\r\n                                                            \"codeValue\": \"ShiftDifferentialpay.PREMIUM_HOURS\"\r\n                                                       },\r\n\t\t\t\t\t\t\t\t\t\t\t\t\t   \r\n                                                       \"numberOfHours\":8\r\n                                                         \r\n                                                    },\r\n                                                      {\r\n                                                        \"earningCode\": {\r\n                                                            \"codeValue\": \"SpotBonus.BONUS_PAY\"\r\n                                                        },\r\n                                                         \r\n                                                           \"earningsAmount\": {\r\n                                                            \"amountValue\": 10,\r\n                                                            \"currencyCode\": \"USD\"\r\n                                                        }\r\n\t\t\t\t\t\t\t\t\t\t\t\t\t     \r\n                                                    },\r\n\t\t\t\t\t\t\t\t\t\t\t\t\t\r\n\t\t\t\t\t\t\t\t\t\t\t\t\t{\r\n                                                        \"earningCode\": {\r\n                                                            \"codeValue\": \"FLSA01.STRAIGHT_OVERTIME_HOURS_WEEKLY_OT\"\r\n                                                       },\r\n\t\t\t\t\t\t\t\t\t\t\t\t\t   \r\n                                                       \"numberOfHours\":15\r\n                                                         \r\n                                                    }\r\n\t\t\t\t\t\t\t\t\t\t\t\t\t\r\n                                            ],\r\n                                                \"_modificationTypeCode\": \"Add\"\r\n                                            }\r\n                                        ]\r\n                                    }\r\n                                ]\r\n                            }\r\n                        ]\r\n                    }\r\n                }\r\n            }\r\n        }\r\n    ]\r\n}"
				},
				"url": {
					"raw": "http://mascsr-iat.us-east-1.wfn-staging-prod.aws.adp/mascsr/payrollcyclicalinput/metaservices/events/payroll/v1/pay-data-input.modify",
					"protocol": "http",
					"host": [
						"mascsr-iat",
						"us-east-1",
						"wfn-staging-prod",
						"aws",
						"adp"
					],
					"path": [
						"mascsr",
						"payrollcyclicalinput",
						"metaservices",
						"events",
						"payroll",
						"v1",
						"pay-data-input.modify"
					]
				},
				"description": "Bonus_shiftDifferentail_overtime_policies"
			},
			"response": []
		},
		{
			"name": "Earnig_deduction_ReportableEarng_Reimbursements_allocation",
			"request": {
				"method": "POST",
				"header": [],
				"body": {
					"mode": "raw",
					"raw": "{\r\n    \"events\": [\r\n        {\r\n            \"data\": {\r\n                \"eventContext\": {\r\n                    \"payrollGroupCode\": {\r\n                        \"codeValue\": \"KFC9\"\r\n                    },\r\n                    \"payDate\": \"2021-01-20\",\r\n                    \"payrollProcessingJobID\": \"ALL_INPUTS_DEMO\"\r\n                },\r\n                \"transform\": {\r\n                    \"payDataInput\": {\r\n                        \"payeePayInputs\": [\r\n                            {\r\n                                \"associateOID\": \"G33JCCR2ZB9SZH3N\",\r\n                                \"payNumber\": \"1\",\r\n                                \"payrollProfilePayInputs\": [\r\n                                    {\r\n                                        \"payrollFileNumber\": \"851925\",\r\n                                        \"payInputs\": [\r\n                                            {\r\n\r\n                                            \"earningInputs\": [\r\n                                                   \r\n\t\t\t\t\t\t\t\t\t\t\t\t    \r\n                                                      {\r\n                                                        \"earningCode\": {\r\n                                                            \"codeValue\": \"GuaranteedBonus.BONUS_PAY\"\r\n                                                        },\r\n                                                           \"earningsAmount\": {\r\n                                                            \"amountValue\": 2,\r\n                                                            \"currencyCode\": \"USD\"\r\n                                                        }\r\n                                                         \r\n                                                    },\r\n\t\t\t\t\t\t\t\t\t\t\t\t\t\r\n\t\t\t\t\t\t\t\t\t\t\t\t\t{\r\n                                                        \"earningCode\": {\r\n                                                            \"codeValue\": \"MyPTO.PAID_TIME_OFF_HOURS\"\r\n                                                        },\r\n                                                       \"numberOfHours\":1\r\n                                                    }\r\n                                            ],\r\n\t\t\t\t\t\t\t\t\t\t\t\r\n\t\t\t\t\t\t\t\t\t\t\t \"deductionInputs\": [\r\n                                                   {\r\n                                                        \"deductionCode\": {\r\n                                                            \"codeValue\":\"CriticalIl.ASSOCIATE_CONTRIBUTION_CAFE125_QUALIFIED\"\r\n                                                        },\r\n\r\n                                                     \"deductionRate\": {\r\n                                                            \"rateValue\": 4,\r\n                                                            \"currencyCode\": \"USD\"\r\n                                                        }\r\n                                                 }\r\n\r\n\r\n                                                ],\r\n\t\t\t\t\t\t\t\t\t\t\t\t\r\n\t\t\t\t\t\t\t\t\t\t\t\t  \"reportableEarningAndBenefitInputs\": [\r\n                                                    {\r\n                                                        \"reportableEarningAndBenefitCode\": {\r\n                                                            \"codeValue\": \"DentalNew.REPORTABLE_BENEFIT_S-CORP_MORE_THAN_2_PERCENTAGE\"\r\n                                                        },\r\n                                                        \"reportableEarningAndBenefitAmount\": {\r\n                                                            \"amountValue\": 5\r\n                                                        }\r\n                                                    }\r\n                                                ],\r\n\t\t\t\t\t\t\t\t\t\t\t\t\r\n\t\t\t\t\t\t\t\t\t\t\t\t\r\n\t\t\t\t\t\t\t\t\t\t\t\t \"reimbursementInputs\": [\r\n                                                    {\r\n                                                        \"reimbursementCode\": {\r\n                                                            \"codeValue\": \"BusinessExpenses.REIMBURSEMENT_AMOUNT\"\r\n                                                        },\r\n                                                        \"reimbursementAmount\": {\r\n                                                            \"amountValue\": 3\r\n                                                        }\r\n                                                    }\r\n                                                ],\r\n\t\t\t\t\t\t\t\t\t\t\t\t\r\n\t\t\t\t\t\t\t\t\t\t\t\t\"payAllocation\": {\r\n                                                    \"allocationID\": \"3\",\r\n                                                    \"allocationTypeCode\": {\r\n                                                        \"codeValue\": \"CC1\"\r\n                                                    }\r\n                                                },\r\n\r\n\t\t\t\t\t\t\t\t\t\t\t\r\n                                                \"_modificationTypeCode\": \"Add\"\r\n                                            }\r\n                                        ]\r\n                                    }\r\n                                ]\r\n                            }\r\n                        ]\r\n                    }\r\n                }\r\n            }\r\n        }\r\n    ]\r\n}",
					"options": {
						"raw": {
							"language": "json"
						}
					}
				},
				"url": {
					"raw": "http://mascsr-iat.us-east-1.wfn-staging-prod.aws.adp/mascsr/payrollcyclicalinput/metaservices/events/payroll/v1/pay-data-input.modify",
					"protocol": "http",
					"host": [
						"mascsr-iat",
						"us-east-1",
						"wfn-staging-prod",
						"aws",
						"adp"
					],
					"path": [
						"mascsr",
						"payrollcyclicalinput",
						"metaservices",
						"events",
						"payroll",
						"v1",
						"pay-data-input.modify"
					]
				},
				"description": "Earnig_deduction_ReportableEarng_Reimbursements_allocation"
			},
			"response": []
		},
		{
			"name": "Earnings_Rate_FLSA_Dates",
			"request": {
				"method": "POST",
				"header": [],
				"body": {
					"mode": "raw",
					"raw": "{\r\n    \"events\": [\r\n        {\r\n            \"data\": {\r\n                \"eventContext\": {\r\n                    \"payrollGroupCode\": {\r\n                        \"codeValue\": \"KFC9\"\r\n                    },\r\n                    \"payDate\": \"2021-01-20\",\r\n                    \"payrollProcessingJobID\": \"MPWorksheetDemo\"\r\n                },\r\n                \"transform\": {\r\n                    \"payDataInput\": {\r\n                        \"payeePayInputs\": [\r\n                            {\r\n                                \"associateOID\": \"G33JCCR2ZB9SZH3N\",\r\n                                \"payNumber\": \"1\",\r\n                                \"payrollProfilePayInputs\": [\r\n                                    {\r\n                                        \"payrollFileNumber\": \"851925\",\r\n                                        \"payInputs\": [\r\n                                            {\r\n                                                \"earningInputs\": [\r\n                                                    {\r\n                                                        \"earningCode\": {\r\n                                                            \"codeValue\": \"MyPTO.PAID_TIME_OFF_HOURS\"\r\n                                                        },\r\n                                                        \"numberOfHours\": 1,\r\n                                                        \"rate\": {\r\n                                                            \"rateValue\": \"3\"\r\n                                                        },\r\n                                                        \"earnedPayPeriodStartDate\": \"2021-01-01\",\r\n                                                        \"earnedPayPeriodEndDate\": \"2021-01-07\"\r\n                                                    },\r\n                                                    {\r\n                                                        \"earningCode\": {\r\n                                                            \"codeValue\": \"GuaranteedBonus.BONUS_PAY\"\r\n                                                        },\r\n                                                        \"earningsAmount\": {\r\n                                                            \"amountValue\": 200,\r\n                                                            \"currencyCode\": \"USD\"\r\n                                                        }\r\n                                                    }\r\n                                                ],\r\n                                                \"_modificationTypeCode\": \"Add\"\r\n                                            }\r\n                                        ]\r\n                                    }\r\n                                ]\r\n                            }\r\n                        ]\r\n                    }\r\n                }\r\n            }\r\n        }\r\n    ]\r\n}",
					"options": {
						"raw": {
							"language": "json"
						}
					}
				},
				"url": {
					"raw": "http://mascsr-iat.us-east-1.wfn-staging-prod.aws.adp/mascsr/payrollcyclicalinput/metaservices/events/payroll/v1/pay-data-input.modify",
					"protocol": "http",
					"host": [
						"mascsr-iat",
						"us-east-1",
						"wfn-staging-prod",
						"aws",
						"adp"
					],
					"path": [
						"mascsr",
						"payrollcyclicalinput",
						"metaservices",
						"events",
						"payroll",
						"v1",
						"pay-data-input.modify"
					]
				},
				"description": "Earnings_Rate_FLSA_Dates"
			},
			"response": []
		},
		{
			"name": "Earnings_RateCode",
			"request": {
				"method": "POST",
				"header": [],
				"body": {
					"mode": "raw",
					"raw": "{\r\n    \"events\": [\r\n        {\r\n            \"data\": {\r\n                \"eventContext\": {\r\n                    \"payrollGroupCode\": {\r\n                        \"codeValue\": \"KFC9\"\r\n                    },\r\n                    \"payDate\": \"2021-01-20\",\r\n                    \"payrollProcessingJobID\": \"EarningsRateCode\"\r\n                },\r\n                \"transform\": {\r\n                    \"payDataInput\": {\r\n                        \"payeePayInputs\": [\r\n                            {\r\n                                \"associateOID\": \"G33JCCR2ZB9SZH3N\",\r\n                                \"payNumber\": \"1\",\r\n                                \"payrollProfilePayInputs\": [\r\n                                    {\r\n                                        \"payrollFileNumber\": \"851925\",\r\n                                        \"payInputs\": [\r\n                                            {\r\n\r\n                                            \"earningInputs\": [\r\n                                                   \r\n\t\t\t\t\t\t\t\t\t\t\t\t      {\r\n                                                        \"earningCode\": {\r\n                                                            \"codeValue\": \"MyPTO.PAID_TIME_OFF_HOURS\"\r\n                                                       },\r\n\t\t\t\t\t\t\t\t\t\t\t\t\t   \r\n                                                       \"numberOfHours\":8,\r\n\t\t\t\t\t\t\t\t\t\t\t\t\t   \r\n\t\t\t\t\t\t\t\t\t\t\t\t\t   \"rateCode\": {\r\n                                                            \"codeValue\": \"Bij\"\r\n                                                        }\r\n\t\t\t\t\t\t\t\t\t\t\t\t\t   \r\n                                                         \r\n                                                    },\r\n                                                      {\r\n                                                        \"earningCode\": {\r\n                                                            \"codeValue\": \"MyPTO.PAID_TIME_OFF_EARNINGS\"\r\n                                                        },\r\n                                                         \r\n                                                           \"earningsAmount\": {\r\n                                                            \"amountValue\": 200,\r\n                                                            \"currencyCode\": \"USD\"\r\n                                                        }\r\n\t\t\t\t\t\t\t\t\t\t\t\t\t     \r\n                                                    }\r\n                                            ],\r\n                                                \"_modificationTypeCode\": \"Add\"\r\n                                            }\r\n                                        ]\r\n                                    }\r\n                                ]\r\n                            }\r\n                        ]\r\n                    }\r\n                }\r\n            }\r\n        }\r\n    ]\r\n}",
					"options": {
						"raw": {
							"language": "json"
						}
					}
				},
				"url": {
					"raw": "http://mascsr-iat.us-east-1.wfn-staging-prod.aws.adp/mascsr/payrollcyclicalinput/metaservices/events/payroll/v1/pay-data-input.modify",
					"protocol": "http",
					"host": [
						"mascsr-iat",
						"us-east-1",
						"wfn-staging-prod",
						"aws",
						"adp"
					],
					"path": [
						"mascsr",
						"payrollcyclicalinput",
						"metaservices",
						"events",
						"payroll",
						"v1",
						"pay-data-input.modify"
					]
				},
				"description": "Earnings_RateCode"
			},
			"response": []
		},
		{
			"name": "Mutliple Employees",
			"request": {
				"method": "POST",
				"header": [],
				"body": {
					"mode": "raw",
					"raw": "{\r\n    \"events\": [\r\n        {\r\n            \"data\": {\r\n                \"eventContext\": {\r\n                    \"payrollGroupCode\": {\r\n                        \"codeValue\": \"KFC9\"\r\n                    },\r\n                    \"payDate\": \"2021-01-20\",\r\n                    \"payrollProcessingJobID\": \"MultipleEmployees_Demo\"\r\n                },\r\n                \"transform\": {\r\n                    \"payDataInput\": {\r\n                        \"payeePayInputs\": [\r\n                            {\r\n                                \"associateOID\": \"G33JCCR2ZB9SZH3N\",\r\n                                \"payNumber\": \"1\",\r\n                                \"payrollProfilePayInputs\": [\r\n                                    {\r\n                                        \"payrollFileNumber\": \"851925\",\r\n                                        \"payInputs\": [\r\n                                            {\r\n\r\n                                            \"earningInputs\": [\r\n                                                   \r\n\t\t\t\t\t\t\t\t\t\t\t\t    \r\n                                                      {\r\n                                                        \"earningCode\": {\r\n                                                            \"codeValue\": \"GuaranteedBonus.BONUS_PAY\"\r\n                                                        },\r\n                                                        \r\n                                                           \"earningsAmount\": {\r\n                                                            \"amountValue\": 200,\r\n                                                            \"currencyCode\": \"USD\"\r\n                                                        }\r\n                                                         \r\n                                                    }\r\n                                            ],\r\n                                                \"_modificationTypeCode\": \"Add\"\r\n                                            }\r\n                                        ]\r\n                                    }\r\n                                ]\r\n                            },\r\n\t\t\t\t\t\t\t\r\n\t\t\t\t\t\t\t{\r\n                                \"associateOID\": \"G30Q02HEREH9A3TD\",\r\n                                \"payNumber\": \"1\",\r\n                                \"payrollProfilePayInputs\": [\r\n                                    {\r\n                                        \"payrollFileNumber\": \"851897\",\r\n                                        \"payInputs\": [\r\n                                            {\r\n\r\n                                            \"earningInputs\": [\r\n                                                   \r\n\t\t\t\t\t\t\t\t\t\t\t\t    \r\n                                                      {\r\n                                                        \"earningCode\": {\r\n                                                            \"codeValue\": \"MyPTO.PAID_TIME_OFF_HOURS\"\r\n                                                        },\r\n                                                       \"numberOfHours\":1\r\n                                                    }\r\n                                            ],\r\n                                                \"_modificationTypeCode\": \"Add\"\r\n                                            }\r\n                                        ]\r\n                                    }\r\n                                ]\r\n                            }\r\n\t\t\t\t\t\t\t\r\n\t\t\t\t\t\t\t\r\n                        ]\r\n                    }\r\n                }\r\n            }\r\n        }\r\n    ]\r\n}",
					"options": {
						"raw": {
							"language": "json"
						}
					}
				},
				"url": {
					"raw": "http://mascsr-iat.us-east-1.wfn-staging-prod.aws.adp/mascsr/payrollcyclicalinput/metaservices/events/payroll/v1/pay-data-input.modify",
					"protocol": "http",
					"host": [
						"mascsr-iat",
						"us-east-1",
						"wfn-staging-prod",
						"aws",
						"adp"
					],
					"path": [
						"mascsr",
						"payrollcyclicalinput",
						"metaservices",
						"events",
						"payroll",
						"v1",
						"pay-data-input.modify"
					]
				},
				"description": "Mutliple Employees"
			},
			"response": []
		}
	]
}