{
	"info": {
		"_postman_id": "5c2c2c98-d9b6-42f2-a7cb-913205175b14",
		"name": "Job application v2 WFN prod-enhancements",
		"schema": "https://schema.getpostman.com/json/collection/v2.1.0/collection.json"
	},
	"item": [
		{
			"name": "event notification",
			"item": [
				{
					"name": "get event notification",
					"request": {
						"method": "GET",
						"header": [
							{
								"key": "Authorization",
								"value": "Bearer {{accessToken}}",
								"type": "text"
							},
							{
								"key": "sm_transactionid",
								"value": "reques12",
								"type": "text"
							},
							{
								"key": "Accept",
								"value": "application/json",
								"type": "text"
							},
							{
								"key": "If-None-Match",
								"value": "true",
								"type": "text"
							}
						],
						"url": {
							"raw": "https://iat-api.adp.com/core/v1/event-notification-messages",
							"protocol": "https",
							"host": [
								"iat-api",
								"adp",
								"com"
							],
							"path": [
								"core",
								"v1",
								"event-notification-messages"
							]
						}
					},
					"response": []
				},
				{
					"name": "delete event",
					"request": {
						"method": "GET",
						"header": [
							{
								"key": "Authorization",
								"value": "Bearer {{accessToken}}",
								"type": "text"
							},
							{
								"key": "sm_transactionid",
								"value": "reques12",
								"type": "text"
							},
							{
								"key": "Accept",
								"value": "application/json",
								"type": "text"
							}
						],
						"url": {
							"raw": "https://iat-api.adp.com/core/v1/event-notification-messages/0x_414d51204253494e464f425135202020c51c5d5d7b715227",
							"protocol": "https",
							"host": [
								"iat-api",
								"adp",
								"com"
							],
							"path": [
								"core",
								"v1",
								"event-notification-messages",
								"0x_414d51204253494e464f425135202020c51c5d5d7b715227"
							]
						}
					},
					"response": []
				}
			]
		},
		{
			"name": "Success single filters",
			"item": [
				{
					"name": "GET Job applications",
					"request": {
						"method": "GET",
						"header": [
							{
								"key": "Authorization",
								"type": "text",
								"value": "Bearer {{accessToken}}"
							},
							{
								"key": "sm_transactionid",
								"type": "text",
								"value": "reques12"
							},
							{
								"key": "Accept",
								"value": "application/json",
								"type": "text"
							}
						],
						"url": {
							"raw": "https://api.adp.com/staffing/v2/job-applications",
							"protocol": "https",
							"host": [
								"api",
								"adp",
								"com"
							],
							"path": [
								"staffing",
								"v2",
								"job-applications"
							]
						}
					},
					"response": []
				},
				{
					"name": "GET Job applications with job application id",
					"request": {
						"method": "GET",
						"header": [
							{
								"key": "Authorization",
								"type": "text",
								"value": "Bearer {{accessToken}}"
							},
							{
								"key": "sm_transactionid",
								"type": "text",
								"value": "reques12"
							}
						],
						"url": {
							"raw": "https://iat-api.adp.com/staffing/v2/job-applications/169738837734_1",
							"protocol": "https",
							"host": [
								"iat-api",
								"adp",
								"com"
							],
							"path": [
								"staffing",
								"v2",
								"job-applications",
								"169738837734_1"
							]
						}
					},
					"response": []
				},
				{
					"name": "GET Job applications with job application id Copy",
					"request": {
						"method": "GET",
						"header": [
							{
								"key": "Authorization",
								"type": "text",
								"value": "Bearer {{accessToken}}"
							},
							{
								"key": "sm_transactionid",
								"type": "text",
								"value": "reques12"
							}
						],
						"url": {
							"raw": "https://iat-api.adp.com/staffing/v2/job-applications/169738837734_1",
							"protocol": "https",
							"host": [
								"iat-api",
								"adp",
								"com"
							],
							"path": [
								"staffing",
								"v2",
								"job-applications",
								"169738837734_1"
							]
						}
					},
					"response": []
				},
				{
					"name": "GET Job applications filter clientRequisitionID",
					"request": {
						"method": "GET",
						"header": [
							{
								"key": "Authorization",
								"type": "text",
								"value": "Bearer {{accessToken}}"
							},
							{
								"key": "sm_transactionid",
								"type": "text",
								"value": "reques12",
								"disabled": true
							},
							{
								"key": "Accept",
								"value": "application/json",
								"type": "text"
							}
						],
						"url": {
							"raw": "https://iat-api.adp.com/staffing/v2/job-applications?$filter=jobRequisitionReference/clientRequisitionID eq 1010",
							"protocol": "https",
							"host": [
								"iat-api",
								"adp",
								"com"
							],
							"path": [
								"staffing",
								"v2",
								"job-applications"
							],
							"query": [
								{
									"key": "$filter",
									"value": "jobRequisitionReference/clientRequisitionID eq 1010"
								}
							]
						}
					},
					"response": []
				},
				{
					"name": "GET Job applications with filter requisitionTitle",
					"request": {
						"method": "GET",
						"header": [
							{
								"key": "Authorization",
								"type": "text",
								"value": "Bearer {{accessToken}}"
							},
							{
								"key": "sm_transactionid",
								"type": "text",
								"value": "reques12"
							}
						],
						"url": {
							"raw": "https://iat-api.adp.com/staffing/v2/job-applications?$filter=jobRequisitionReference/requisitionTitle eq OT",
							"protocol": "https",
							"host": [
								"iat-api",
								"adp",
								"com"
							],
							"path": [
								"staffing",
								"v2",
								"job-applications"
							],
							"query": [
								{
									"key": "$filter",
									"value": "jobRequisitionReference/requisitionTitle eq OT"
								}
							]
						}
					},
					"response": []
				},
				{
					"name": "GET Job applications with filter appliedLocations",
					"protocolProfileBehavior": {
						"disableBodyPruning": true
					},
					"request": {
						"method": "GET",
						"header": [
							{
								"key": "Authorization",
								"type": "text",
								"value": "Bearer {{accessToken}} "
							},
							{
								"key": "sm_transactionid",
								"type": "text",
								"value": "reques12"
							},
							{
								"key": "Accept",
								"name": "Content-Type",
								"value": "application/json",
								"type": "text"
							},
							{
								"key": "Content-Type",
								"value": "application/json"
							}
						],
						"body": {
							"mode": "urlencoded",
							"urlencoded": []
						},
						"url": {
							"raw": "https://iat-api.adp.com/staffing/v2/job-applications?$filter=appliedLocations/itemID eq 169734009081_1",
							"protocol": "https",
							"host": [
								"iat-api",
								"adp",
								"com"
							],
							"path": [
								"staffing",
								"v2",
								"job-applications"
							],
							"query": [
								{
									"key": "$filter",
									"value": "appliedLocations/itemID eq 169734009081_1"
								}
							]
						}
					},
					"response": []
				},
				{
					"name": "GET Job applications with filter submittedDate",
					"request": {
						"method": "GET",
						"header": [
							{
								"key": "Authorization",
								"type": "text",
								"value": "Bearer {{accessToken}}"
							},
							{
								"key": "sm_transactionid",
								"type": "text",
								"value": "reques12"
							}
						],
						"url": {
							"raw": "https://iat-api.adp.com/staffing/v2/job-applications?$filter=applicationSource/submittedDate eq 2019-10-10",
							"protocol": "https",
							"host": [
								"iat-api",
								"adp",
								"com"
							],
							"path": [
								"staffing",
								"v2",
								"job-applications"
							],
							"query": [
								{
									"key": "$filter",
									"value": "applicationSource/submittedDate eq 2019-10-10"
								}
							]
						}
					},
					"response": []
				},
				{
					"name": "GET Job applications with filter internalApplicantIndicator",
					"request": {
						"method": "GET",
						"header": [
							{
								"key": "Authorization",
								"type": "text",
								"value": "Bearer {{accessToken}}"
							},
							{
								"key": "sm_transactionid",
								"type": "text",
								"value": "reques12"
							}
						],
						"url": {
							"raw": "https://api.adp.com/staffing/v2/job-applications?$filter=applicant/internalApplicantIndicator eq false",
							"protocol": "https",
							"host": [
								"api",
								"adp",
								"com"
							],
							"path": [
								"staffing",
								"v2",
								"job-applications"
							],
							"query": [
								{
									"key": "$filter",
									"value": "applicant/internalApplicantIndicator eq false"
								}
							]
						}
					},
					"response": []
				},
				{
					"name": "GET Job applications with filter applicationStatusCode",
					"request": {
						"method": "GET",
						"header": [
							{
								"key": "Authorization",
								"type": "text",
								"value": "Bearer {{accessToken}}"
							},
							{
								"key": "sm_transactionid",
								"type": "text",
								"value": "reques12"
							}
						],
						"url": {
							"raw": "https://iat-api.adp.com/staffing/v2/job-applications?$filter=applicationStatusCode/codeValue eq Make Offer",
							"protocol": "https",
							"host": [
								"iat-api",
								"adp",
								"com"
							],
							"path": [
								"staffing",
								"v2",
								"job-applications"
							],
							"query": [
								{
									"key": "$filter",
									"value": "applicationStatusCode/codeValue eq Make Offer"
								}
							]
						}
					},
					"response": []
				}
			]
		},
		{
			"name": "Negative scenarios",
			"item": [
				{
					"name": "GET Job applications with invalid job application id",
					"request": {
						"method": "GET",
						"header": [
							{
								"key": "Authorization",
								"type": "text",
								"value": "Bearer {{accessToken}}"
							},
							{
								"key": "sm_transactionid",
								"type": "text",
								"value": "reques12"
							}
						],
						"url": {
							"raw": "https://iat-api.adp.com/staffing/v2/job-applications/123!@",
							"protocol": "https",
							"host": [
								"iat-api",
								"adp",
								"com"
							],
							"path": [
								"staffing",
								"v2",
								"job-applications",
								"123!@"
							]
						}
					},
					"response": []
				},
				{
					"name": "GET Job applications with invalid clientRequisitionID",
					"request": {
						"method": "GET",
						"header": [
							{
								"key": "Authorization",
								"type": "text",
								"value": "Bearer {{accessToken}}"
							},
							{
								"key": "sm_transactionid",
								"type": "text",
								"value": "reques12"
							}
						],
						"url": {
							"raw": "https://iat-api.adp.com/staffing/v2/job-applications?$filter=jobRequisitionReference/clientRequisitionID eq 10101",
							"protocol": "https",
							"host": [
								"iat-api",
								"adp",
								"com"
							],
							"path": [
								"staffing",
								"v2",
								"job-applications"
							],
							"query": [
								{
									"key": "$filter",
									"value": "jobRequisitionReference/clientRequisitionID eq 10101"
								}
							]
						}
					},
					"response": []
				},
				{
					"name": "GET Job applications with invalid requisitionTitle",
					"request": {
						"method": "GET",
						"header": [
							{
								"key": "Authorization",
								"type": "text",
								"value": "Bearer {{accessToken}}"
							},
							{
								"key": "sm_transactionid",
								"type": "text",
								"value": "reques12"
							}
						],
						"url": {
							"raw": "https://iat-api.adp.com/staffing/v2/job-applications?$filter=jobRequisitionReference/requisitionTitle eq @!@",
							"protocol": "https",
							"host": [
								"iat-api",
								"adp",
								"com"
							],
							"path": [
								"staffing",
								"v2",
								"job-applications"
							],
							"query": [
								{
									"key": "$filter",
									"value": "jobRequisitionReference/requisitionTitle eq @!@"
								}
							]
						}
					},
					"response": []
				},
				{
					"name": "GET Job applications with invalid appliedLocations",
					"protocolProfileBehavior": {
						"disableBodyPruning": true
					},
					"request": {
						"method": "GET",
						"header": [
							{
								"key": "Authorization",
								"type": "text",
								"value": "Bearer {{accessToken}} "
							},
							{
								"key": "sm_transactionid",
								"type": "text",
								"value": "reques12"
							},
							{
								"key": "Accept",
								"name": "Content-Type",
								"value": "application/json",
								"type": "text"
							},
							{
								"key": "Content-Type",
								"value": "application/json"
							}
						],
						"body": {
							"mode": "urlencoded",
							"urlencoded": []
						},
						"url": {
							"raw": "https://iat-api.adp.com/staffing/v2/job-applications?$filter=appliedLocations/itemID eq 16",
							"protocol": "https",
							"host": [
								"iat-api",
								"adp",
								"com"
							],
							"path": [
								"staffing",
								"v2",
								"job-applications"
							],
							"query": [
								{
									"key": "$filter",
									"value": "appliedLocations/itemID eq 16"
								}
							]
						}
					},
					"response": []
				},
				{
					"name": "GET Job applications with invalid submittedDate",
					"request": {
						"method": "GET",
						"header": [
							{
								"key": "Authorization",
								"type": "text",
								"value": "Bearer {{accessToken}}"
							},
							{
								"key": "sm_transactionid",
								"type": "text",
								"value": "reques12"
							}
						],
						"url": {
							"raw": "https://iat-api.adp.com/staffing/v2/job-applications?$filter=applicationSource/submittedDate eq iutriukf",
							"protocol": "https",
							"host": [
								"iat-api",
								"adp",
								"com"
							],
							"path": [
								"staffing",
								"v2",
								"job-applications"
							],
							"query": [
								{
									"key": "$filter",
									"value": "applicationSource/submittedDate eq iutriukf"
								}
							]
						}
					},
					"response": []
				},
				{
					"name": "GET Job applications with invalid applicationStatusCode",
					"request": {
						"method": "GET",
						"header": [
							{
								"key": "Authorization",
								"type": "text",
								"value": "Bearer {{accessToken}}"
							},
							{
								"key": "sm_transactionid",
								"type": "text",
								"value": "reques12"
							}
						],
						"url": {
							"raw": "https://iat-api.adp.com/staffing/v2/job-applications?$filter=applicationStatusCode/codeValue eq  fsdfsf",
							"protocol": "https",
							"host": [
								"iat-api",
								"adp",
								"com"
							],
							"path": [
								"staffing",
								"v2",
								"job-applications"
							],
							"query": [
								{
									"key": "$filter",
									"value": "applicationStatusCode/codeValue eq  fsdfsf"
								}
							]
						}
					},
					"response": []
				},
				{
					"name": "GET Job applications with invalid internalApplicantIndicator",
					"request": {
						"method": "GET",
						"header": [
							{
								"key": "Authorization",
								"type": "text",
								"value": "Bearer {{accessToken}}"
							},
							{
								"key": "sm_transactionid",
								"type": "text",
								"value": "reques12"
							}
						],
						"url": {
							"raw": "https://iat-api.adp.com/staffing/v2/job-applications?$filter=applicant/internalApplicantIndicator eq ^%$",
							"protocol": "https",
							"host": [
								"iat-api",
								"adp",
								"com"
							],
							"path": [
								"staffing",
								"v2",
								"job-applications"
							],
							"query": [
								{
									"key": "$filter",
									"value": "applicant/internalApplicantIndicator eq ^%$"
								}
							]
						}
					},
					"response": []
				}
			]
		},
		{
			"name": "unsuccessful combination filter",
			"item": [
				{
					"name": "clientRequisitionID and applicationStatusCode",
					"request": {
						"method": "GET",
						"header": [
							{
								"key": "Authorization",
								"type": "text",
								"value": "Bearer {{accessToken}}"
							},
							{
								"key": "sm_transactionid",
								"type": "text",
								"value": "reques12"
							}
						],
						"url": {
							"raw": "https://iat-api.adp.com/staffing/v2/job-applications?$filter=jobRequisitionReference/clientRequisitionID eq 1010&applicationStatusCode/codeValue eq Make Offer",
							"protocol": "https",
							"host": [
								"iat-api",
								"adp",
								"com"
							],
							"path": [
								"staffing",
								"v2",
								"job-applications"
							],
							"query": [
								{
									"key": "$filter",
									"value": "jobRequisitionReference/clientRequisitionID eq 1010"
								},
								{
									"key": "applicationStatusCode/codeValue eq Make Offer",
									"value": null
								}
							]
						}
					},
					"response": []
				},
				{
					"name": "clientRequisitionID and submittedDate",
					"request": {
						"method": "GET",
						"header": [
							{
								"key": "Authorization",
								"type": "text",
								"value": "Bearer {{accessToken}}"
							},
							{
								"key": "sm_transactionid",
								"type": "text",
								"value": "reques12"
							}
						],
						"url": {
							"raw": "https://iat-api.adp.com/staffing/v2/job-applications?$filter=jobRequisitionReference/clientRequisitionID eq 1010&applicationSource/submittedDate eq 2019-09-23",
							"protocol": "https",
							"host": [
								"iat-api",
								"adp",
								"com"
							],
							"path": [
								"staffing",
								"v2",
								"job-applications"
							],
							"query": [
								{
									"key": "$filter",
									"value": "jobRequisitionReference/clientRequisitionID eq 1010"
								},
								{
									"key": "applicationSource/submittedDate eq 2019-09-23",
									"value": null
								}
							]
						}
					},
					"response": []
				},
				{
					"name": "clientRequisitionID and internalApplicantIndicator",
					"request": {
						"method": "GET",
						"header": [
							{
								"key": "Authorization",
								"type": "text",
								"value": "Bearer {{accessToken}}"
							},
							{
								"key": "sm_transactionid",
								"type": "text",
								"value": "reques12"
							}
						],
						"url": {
							"raw": "https://iat-api.adp.com/staffing/v2/job-applications?$filter=jobRequisitionReference/clientRequisitionID eq 1010&applicant/internalApplicantIndicator eq true",
							"protocol": "https",
							"host": [
								"iat-api",
								"adp",
								"com"
							],
							"path": [
								"staffing",
								"v2",
								"job-applications"
							],
							"query": [
								{
									"key": "$filter",
									"value": "jobRequisitionReference/clientRequisitionID eq 1010"
								},
								{
									"key": "applicant/internalApplicantIndicator eq true",
									"value": null
								}
							]
						}
					},
					"response": []
				},
				{
					"name": "requisitionTitle and submittedDate",
					"request": {
						"method": "GET",
						"header": [
							{
								"key": "Authorization",
								"type": "text",
								"value": "Bearer {{accessToken}}"
							},
							{
								"key": "sm_transactionid",
								"type": "text",
								"value": "reques12"
							}
						],
						"url": {
							"raw": "https://iat-api.adp.com/staffing/v2/job-applications?$filter=jobRequisitionReference/requisitionTitle eq OT&applicationSource/submittedDate eq 2019-10-03",
							"protocol": "https",
							"host": [
								"iat-api",
								"adp",
								"com"
							],
							"path": [
								"staffing",
								"v2",
								"job-applications"
							],
							"query": [
								{
									"key": "$filter",
									"value": "jobRequisitionReference/requisitionTitle eq OT"
								},
								{
									"key": "applicationSource/submittedDate eq 2019-10-03",
									"value": null
								}
							]
						}
					},
					"response": []
				},
				{
					"name": "requisitionTitle and applicationStatusCode",
					"request": {
						"method": "GET",
						"header": [
							{
								"key": "Authorization",
								"type": "text",
								"value": "Bearer {{accessToken}}"
							},
							{
								"key": "sm_transactionid",
								"type": "text",
								"value": "reques12"
							}
						],
						"url": {
							"raw": "https://iat-api.adp.com/staffing/v2/job-applications?$filter=jobRequisitionReference/requisitionTitle eq OT&applicationStatusCode/codeValue eq Make Offer",
							"protocol": "https",
							"host": [
								"iat-api",
								"adp",
								"com"
							],
							"path": [
								"staffing",
								"v2",
								"job-applications"
							],
							"query": [
								{
									"key": "$filter",
									"value": "jobRequisitionReference/requisitionTitle eq OT"
								},
								{
									"key": "applicationStatusCode/codeValue eq Make Offer",
									"value": null
								}
							]
						}
					},
					"response": []
				},
				{
					"name": "appliedLocations and submittedDate",
					"request": {
						"method": "GET",
						"header": [
							{
								"key": "Authorization",
								"type": "text",
								"value": "Bearer {{accessToken}}"
							},
							{
								"key": "sm_transactionid",
								"type": "text",
								"value": "reques12"
							}
						],
						"url": {
							"raw": "https://iat-api.adp.com/staffing/v2/job-applications?$filter=appliedLocations/itemID eq 169734009081_1&applicationSource/submittedDate eq 2019-10-03",
							"protocol": "https",
							"host": [
								"iat-api",
								"adp",
								"com"
							],
							"path": [
								"staffing",
								"v2",
								"job-applications"
							],
							"query": [
								{
									"key": "$filter",
									"value": "appliedLocations/itemID eq 169734009081_1"
								},
								{
									"key": "applicationSource/submittedDate eq 2019-10-03",
									"value": null
								}
							]
						}
					},
					"response": []
				},
				{
					"name": "appliedLocations and internalApplicantIndicator",
					"request": {
						"method": "GET",
						"header": [
							{
								"key": "Authorization",
								"type": "text",
								"value": "Bearer {{accessToken}}"
							},
							{
								"key": "sm_transactionid",
								"type": "text",
								"value": "reques12"
							}
						],
						"url": {
							"raw": "https://iat-api.adp.com/staffing/v2/job-applications?$filter=appliedLocations/itemID eq 169734009081_1&applicant/internalApplicantIndicator eq true",
							"protocol": "https",
							"host": [
								"iat-api",
								"adp",
								"com"
							],
							"path": [
								"staffing",
								"v2",
								"job-applications"
							],
							"query": [
								{
									"key": "$filter",
									"value": "appliedLocations/itemID eq 169734009081_1"
								},
								{
									"key": "applicant/internalApplicantIndicator eq true",
									"value": null
								}
							]
						}
					},
					"response": []
				},
				{
					"name": "submittedDate and internalApplicantIndicator",
					"request": {
						"method": "GET",
						"header": [
							{
								"key": "Authorization",
								"type": "text",
								"value": "Bearer {{accessToken}}"
							},
							{
								"key": "sm_transactionid",
								"type": "text",
								"value": "reques12"
							}
						],
						"url": {
							"raw": "https://iat-api.adp.com/staffing/v2/job-applications?$filter=applicationSource/submittedDate eq 2019-08-09&applicant/internalApplicantIndicator eq 123",
							"protocol": "https",
							"host": [
								"iat-api",
								"adp",
								"com"
							],
							"path": [
								"staffing",
								"v2",
								"job-applications"
							],
							"query": [
								{
									"key": "$filter",
									"value": "applicationSource/submittedDate eq 2019-08-09"
								},
								{
									"key": "applicant/internalApplicantIndicator eq 123",
									"value": null
								}
							]
						}
					},
					"response": []
				},
				{
					"name": "applicationStatusCode and internalApplicantIndicator",
					"request": {
						"method": "GET",
						"header": [
							{
								"key": "Authorization",
								"type": "text",
								"value": "Bearer {{accessToken}}"
							},
							{
								"key": "sm_transactionid",
								"type": "text",
								"value": "reques12"
							}
						],
						"url": {
							"raw": "https://iat-api.adp.com/staffing/v2/job-applications?$filter=applicationStatusCode/codeValue eq Make Offer&applicant/internalApplicantIndicator eq true",
							"protocol": "https",
							"host": [
								"iat-api",
								"adp",
								"com"
							],
							"path": [
								"staffing",
								"v2",
								"job-applications"
							],
							"query": [
								{
									"key": "$filter",
									"value": "applicationStatusCode/codeValue eq Make Offer"
								},
								{
									"key": "applicant/internalApplicantIndicator eq true",
									"value": null
								}
							]
						}
					},
					"response": []
				},
				{
					"name": "applicationStatusCode and submittedDate",
					"request": {
						"method": "GET",
						"header": [
							{
								"key": "Authorization",
								"type": "text",
								"value": "Bearer {{accessToken}}"
							},
							{
								"key": "sm_transactionid",
								"type": "text",
								"value": "reques12"
							}
						],
						"url": {
							"raw": "https://iat-api.adp.com/staffing/v2/job-applications?$filter=applicationStatusCode/codeValue eq Make Offer&applicationSource/submittedDate eq 2019-08-09",
							"protocol": "https",
							"host": [
								"iat-api",
								"adp",
								"com"
							],
							"path": [
								"staffing",
								"v2",
								"job-applications"
							],
							"query": [
								{
									"key": "$filter",
									"value": "applicationStatusCode/codeValue eq Make Offer"
								},
								{
									"key": "applicationSource/submittedDate eq 2019-08-09",
									"value": null
								}
							]
						}
					},
					"response": []
				}
			]
		},
		{
			"name": "POST - ACCESS TOKEN CALL",
			"event": [
				{
					"listen": "test",
					"script": {
						"id": "a08e497d-95a3-42a6-bf50-ce43f34288ba",
						"exec": [
							"// parse JSON data",
							"let jsonData = pm.response.json()",
							"console.log ('JSON response: ', jsonData)",
							"",
							"let access_token = jsonData.access_token",
							"console.log (access_token)",
							"pm.globals.set(\"accessToken\", access_token);",
							"",
							"// status code is 200",
							"",
							"pm.test(\"Status code is 200\", function () {",
							"    pm.response.to.have.status(200);",
							"});"
						],
						"type": "text/javascript"
					}
				}
			],
			"request": {
				"method": "POST",
				"header": [
					{
						"key": "Content-Type",
						"name": "Content-Type",
						"value": "application/x-www-form-urlencoded",
						"type": "text"
					}
				],
				"body": {
					"mode": "urlencoded",
					"urlencoded": [
						{
							"key": "grant_type",
							"value": "client_credentials",
							"type": "text"
						},
						{
							"key": "client_id",
							"value": "91f89bca-41ef-47a2-9bea-3b8fcfb0f2e3",
							"type": "text"
						},
						{
							"key": "client_secret",
							"value": "911bc24e-c870-4a50-b122-75f6733841f9",
							"type": "text"
						}
					]
				},
				"url": {
					"raw": "https://api.adp.com/auth/oauth/v2/token",
					"protocol": "https",
					"host": [
						"api",
						"adp",
						"com"
					],
					"path": [
						"auth",
						"oauth",
						"v2",
						"token"
					]
				}
			},
			"response": []
		},
		{
			"name": "GET Job applications meta",
			"request": {
				"method": "GET",
				"header": [
					{
						"key": "Authorization",
						"type": "text",
						"value": "Bearer {{accessToken}}"
					},
					{
						"key": "sm_transactionid",
						"type": "text",
						"value": "reques12"
					}
				],
				"url": {
					"raw": "https://iat-api.adp.com/staffing/v2/job-applications/meta",
					"protocol": "https",
					"host": [
						"iat-api",
						"adp",
						"com"
					],
					"path": [
						"staffing",
						"v2",
						"job-applications",
						"meta"
					]
				}
			},
			"response": []
		},
		{
			"name": "http://essapi.iat.es.oneadp.com/core/v1/associateAuthorization",
			"request": {
				"method": "GET",
				"header": [
					{
						"key": "Accept",
						"value": "application/json"
					},
					{
						"key": "Accept-Encoding",
						"value": "gzip, deflate"
					},
					{
						"key": "Accept-Language",
						"value": "en_US"
					},
					{
						"key": "Cache-Control",
						"value": "no-cache"
					},
					{
						"key": "Connection",
						"value": "keep-alive"
					},
					{
						"key": "Cookie",
						"value": "BIGipServerp_stagrunessmobileapi2.nj.adp.com=1340474123.7968.0000; BIGipServerp_dc2_iatmobile_apache_sor=4221698827.5377.0000; BIGipServerp_dc1_iatmobile_sor_wfn=2405499147.14886.0000; BIGipServerp_dc1_iatmobile_apache_sor=3692838923.5377.0000; BIGipServerp_dc2_iatmobile_sor_wfn=1566376715.14886.0000; BIGipServerp_dc2_iatmobile_sor_vantage=1566376715.13606.0000; BIGipServerp_stage.tcs.adp.com_HRIIPortal_IAT2_NEXT=435159819.36895.0000; BIGipServerp_dc2_iatmobile_sor_hriiportal=1566376715.13350.0000; BIGipServerp_iat_app_ipay_mobile_ws=3105769483.33825.0000; BIGipServerp_dc2_iatmobile_sor_rdbx=1566376715.43814.0000; BIGipServerp_dc1_iatmobile_sor_gli=3505460396.31011.0000; BIGipServerp_dc2_iatmobile_sor_wfnportal=1583153931.16934.0000"
					},
					{
						"key": "Host",
						"value": "essapi.iat.es.oneadp.com"
					},
					{
						"key": "Postman-Token",
						"value": "44dd99d2-85fc-44ef-8c3e-3a99139dc114,a9ae24d8-b837-4509-b979-8eac8f334b75"
					},
					{
						"key": "SOR",
						"value": "ADPI"
					},
					{
						"key": "User-Agent",
						"value": "PostmanRuntime/7.17.1"
					},
					{
						"key": "adpx-callerid",
						"value": "Marketplace"
					},
					{
						"key": "associateoid",
						"value": "G54W43CMG9R99S8W"
					},
					{
						"key": "cache-control",
						"value": "no-cache"
					},
					{
						"key": "orgoid",
						"value": "G3E82PE9GT1QPMA4"
					},
					{
						"key": "realm",
						"value": "ISI"
					},
					{
						"key": "rolecode",
						"value": "practitioner"
					},
					{
						"key": "sm_serversessionid",
						"value": "wfnclient12345"
					},
					{
						"key": "sm_transactionid",
						"value": "wfnclient123455"
					}
				],
				"url": {
					"raw": "http://essapi.iat.es.oneadp.com/core/v1/associateAuthorization",
					"protocol": "http",
					"host": [
						"essapi",
						"iat",
						"es",
						"oneadp",
						"com"
					],
					"path": [
						"core",
						"v1",
						"associateAuthorization"
					]
				}
			},
			"response": []
		}
	]
}