{
	"info": {
		"_postman_id": "43fbd270-9456-4ff9-91b7-c43b125fd9fc",
		"name": "Additional Remunerations API-WFN-IAT-GITHUB B2B",
		"schema": "https://schema.getpostman.com/json/collection/v2.1.0/collection.json"
	},
	"item": [
		{
			"name": "Get Remunerations",
			"item": [
				{
					"name": "Get Additional Remunerations Effective Date Filter",
					"request": {
						"method": "GET",
						"header": [
							{
								"key": "Authorization",
								"value": "Bearer 8c25d5cc-2301-4f52-ad8b-8ed22253e696",
								"type": "text"
							},
							{
								"key": "If-None-Match",
								"value": "true",
								"type": "text"
							}
						],
						"url": {
							"raw": "https://iat-api.adp.com/hr/worker-profile/v1/workers/G372T336YEJ07AWG/work-assignments/26849471_194297/additional-remunerations",
							"protocol": "https",
							"host": [
								"iat-api",
								"adp",
								"com"
							],
							"path": [
								"hr",
								"worker-profile",
								"v1",
								"workers",
								"G372T336YEJ07AWG",
								"work-assignments",
								"26849471_194297",
								"additional-remunerations"
							],
							"query": [
								{
									"key": "$filter",
									"value": "effectiveDate eq '2020-06-29'",
									"disabled": true
								}
							]
						},
						"description": "GET with mascr"
					},
					"response": []
				},
				{
					"name": "Get Additional Remunerations META call",
					"request": {
						"method": "GET",
						"header": [
							{
								"key": "Authorization",
								"type": "text",
								"value": "Bearer 8c25d5cc-2301-4f52-ad8b-8ed22253e696"
							},
							{
								"key": "If-None-Match",
								"type": "text",
								"value": "true"
							}
						],
						"url": {
							"raw": "https://iat-api.adp.com/hr/worker-profile/v1/workers/G372T336YEJ07AWG/work-assignments/26849471_194297/additional-remunerations/meta",
							"protocol": "https",
							"host": [
								"iat-api",
								"adp",
								"com"
							],
							"path": [
								"hr",
								"worker-profile",
								"v1",
								"workers",
								"G372T336YEJ07AWG",
								"work-assignments",
								"26849471_194297",
								"additional-remunerations",
								"meta"
							],
							"query": [
								{
									"key": "$filter",
									"value": "effectiveDate eq '2020-06-29'",
									"disabled": true
								}
							]
						},
						"description": "GET with mascr"
					},
					"response": []
				},
				{
					"name": "Get Additional Remunerations Canada",
					"request": {
						"method": "GET",
						"header": [
							{
								"key": "Authorization",
								"type": "text",
								"value": "Bearer 8758d6e9-6f0c-41b3-827b-46a3f8d95975"
							},
							{
								"key": "If-None-Match",
								"type": "text",
								"value": "true"
							}
						],
						"url": {
							"raw": "https://iat-api.adp.com/hr/worker-profile/v1/workers/G3226BPVKNZ9M5CJ/work-assignments/86207990N/additional-remunerations",
							"protocol": "https",
							"host": [
								"iat-api",
								"adp",
								"com"
							],
							"path": [
								"hr",
								"worker-profile",
								"v1",
								"workers",
								"G3226BPVKNZ9M5CJ",
								"work-assignments",
								"86207990N",
								"additional-remunerations"
							],
							"query": [
								{
									"key": "$filter",
									"value": "effectiveDate eq '2020-06-29'",
									"disabled": true
								}
							]
						},
						"description": "GET with mascr"
					},
					"response": []
				}
			],
			"protocolProfileBehavior": {}
		},
		{
			"name": "Add Remunerations",
			"item": [
				{
					"name": "201-ADD Additional Remunerations",
					"request": {
						"method": "POST",
						"header": [
							{
								"key": "Authorization",
								"value": "Bearer 84d50853-2842-43f3-b99a-56e1dea2f166",
								"type": "text"
							}
						],
						"body": {
							"mode": "raw",
							"raw": "{\r\n\r\n  \"additionalRemunerations\": [\r\n    {\r\n      \"remunerationTypeCode\": {\r\n        \"code\": \"AE\",\r\n        \"name\": \"additional earnings\"\r\n      },\r\n      \"remunerationRate\": {\r\n        \"rate\": 50,\r\n         \"currencyCode\": \"USD\"\r\n      },\r\n      \"effectiveDate\": \"2020-07-10\",\r\n      \"nameCode\": {\r\n        \"code\": \"A\"\r\n      },\r\n      \"inactiveIndicator\": false\r\n    }\r\n  ]\r\n}",
							"options": {
								"raw": {
									"language": "json"
								}
							}
						},
						"url": {
							"raw": "https://iat-api.adp.com/hr/worker-profile/v1/workers/G372T336YEJ07AWG/work-assignments/26849471_194297/additional-remunerations",
							"protocol": "https",
							"host": [
								"iat-api",
								"adp",
								"com"
							],
							"path": [
								"hr",
								"worker-profile",
								"v1",
								"workers",
								"G372T336YEJ07AWG",
								"work-assignments",
								"26849471_194297",
								"additional-remunerations"
							]
						},
						"description": "post"
					},
					"response": []
				},
				{
					"name": "201-ADD Additional Remunerations with status as inactive",
					"request": {
						"method": "POST",
						"header": [
							{
								"key": "Authorization",
								"type": "text",
								"value": "Bearer 84d50853-2842-43f3-b99a-56e1dea2f166"
							}
						],
						"body": {
							"mode": "raw",
							"raw": "{\r\n\r\n  \"additionalRemunerations\": [\r\n    {\r\n      \"remunerationTypeCode\": {\r\n        \"code\": \"AE\",\r\n        \"name\": \"additional earnings\"\r\n      },\r\n      \"remunerationRate\": {\r\n        \"rate\": 50,\r\n         \"currencyCode\": \"USD\"\r\n      },\r\n      \"effectiveDate\": \"2020-07-10\",\r\n      \"nameCode\": {\r\n        \"code\": \"A\"\r\n      },\r\n      \"inactiveIndicator\": true\r\n    }\r\n  ]\r\n}",
							"options": {
								"raw": {
									"language": "json"
								}
							}
						},
						"url": {
							"raw": "https://iat-api.adp.com/hr/worker-profile/v1/workers/G372T336YEJ07AWG/work-assignments/26849471_194297/additional-remunerations",
							"protocol": "https",
							"host": [
								"iat-api",
								"adp",
								"com"
							],
							"path": [
								"hr",
								"worker-profile",
								"v1",
								"workers",
								"G372T336YEJ07AWG",
								"work-assignments",
								"26849471_194297",
								"additional-remunerations"
							]
						},
						"description": "post"
					},
					"response": []
				},
				{
					"name": "500-ADD Additional Remunerations with invalid Earningcode",
					"request": {
						"method": "POST",
						"header": [
							{
								"key": "Authorization",
								"value": "Bearer 84d50853-2842-43f3-b99a-56e1dea2f166",
								"type": "text"
							}
						],
						"body": {
							"mode": "raw",
							"raw": "{\r\n\r\n  \"additionalRemunerations\": [\r\n    {\r\n      \"remunerationTypeCode\": {\r\n        \"code\": \"AE\",\r\n        \"name\": \"additional earnings\"\r\n      },\r\n      \"remunerationRate\": {\r\n        \"rate\": 50\r\n      },\r\n      \"effectiveDate\": \"2020-07-09\",\r\n      \"nameCode\": {\r\n        \"code\": \"TES1\"\r\n      },\r\n      \"inactiveIndicator\": true\r\n    }\r\n  ]\r\n}",
							"options": {
								"raw": {
									"language": "json"
								}
							}
						},
						"url": {
							"raw": "https://iat-api.adp.com/hr/worker-profile/v1/workers/G372T336YEJ07AWG/work-assignments/26849471_194297/additional-remunerations",
							"protocol": "https",
							"host": [
								"iat-api",
								"adp",
								"com"
							],
							"path": [
								"hr",
								"worker-profile",
								"v1",
								"workers",
								"G372T336YEJ07AWG",
								"work-assignments",
								"26849471_194297",
								"additional-remunerations"
							]
						},
						"description": "post"
					},
					"response": []
				},
				{
					"name": "500-ADD Additional Remunerations with invalid Currency Code",
					"request": {
						"method": "POST",
						"header": [
							{
								"key": "Authorization",
								"value": "Bearer 84d50853-2842-43f3-b99a-56e1dea2f166",
								"type": "text"
							}
						],
						"body": {
							"mode": "raw",
							"raw": "{\r\n\r\n  \"additionalRemunerations\": [\r\n    {\r\n      \"remunerationTypeCode\": {\r\n        \"code\": \"AE\",\r\n        \"name\": \"additional earnings\"\r\n      },\r\n      \"remunerationRate\": {\r\n        \"rate\": 50,\r\n         \"currencyCode\": \"CAD\"\r\n      },\r\n      \"effectiveDate\": \"2020-07-09\",\r\n      \"nameCode\": {\r\n        \"code\": \"A\"\r\n      },\r\n      \"inactiveIndicator\": false\r\n    }\r\n  ]\r\n}",
							"options": {
								"raw": {
									"language": "json"
								}
							}
						},
						"url": {
							"raw": "https://iat-api.adp.com/hr/worker-profile/v1/workers/G372T336YEJ07AWG/work-assignments/26849471_194297/additional-remunerations",
							"protocol": "https",
							"host": [
								"iat-api",
								"adp",
								"com"
							],
							"path": [
								"hr",
								"worker-profile",
								"v1",
								"workers",
								"G372T336YEJ07AWG",
								"work-assignments",
								"26849471_194297",
								"additional-remunerations"
							]
						},
						"description": "post"
					},
					"response": []
				},
				{
					"name": "400-ADD Additional Remunerations with invalid WorkAssignment ID",
					"request": {
						"method": "POST",
						"header": [
							{
								"key": "Authorization",
								"type": "text",
								"value": "Bearer 84d50853-2842-43f3-b99a-56e1dea2f166"
							}
						],
						"body": {
							"mode": "raw",
							"raw": "{\r\n\r\n  \"additionalRemunerations\": [\r\n    {\r\n      \"remunerationTypeCode\": {\r\n        \"code\": \"AE\",\r\n        \"name\": \"additional earnings\"\r\n      },\r\n      \"remunerationRate\": {\r\n        \"rate\": 50,\r\n         \"currencyCode\": \"CAD\"\r\n      },\r\n      \"effectiveDate\": \"2020-07-09\",\r\n      \"nameCode\": {\r\n        \"code\": \"A\"\r\n      },\r\n      \"inactiveIndicator\": false\r\n    }\r\n  ]\r\n}",
							"options": {
								"raw": {
									"language": "json"
								}
							}
						},
						"url": {
							"raw": "https://iat-api.adp.com/hr/worker-profile/v1/workers/G372T336YEJ07AWG/work-assignments/26849471_19429711/additional-remunerations",
							"protocol": "https",
							"host": [
								"iat-api",
								"adp",
								"com"
							],
							"path": [
								"hr",
								"worker-profile",
								"v1",
								"workers",
								"G372T336YEJ07AWG",
								"work-assignments",
								"26849471_19429711",
								"additional-remunerations"
							]
						},
						"description": "post"
					},
					"response": []
				},
				{
					"name": "500-ADD Additional Remunerations with invalid Rate",
					"request": {
						"method": "POST",
						"header": [
							{
								"key": "Authorization",
								"type": "text",
								"value": "Bearer 84d50853-2842-43f3-b99a-56e1dea2f166"
							}
						],
						"body": {
							"mode": "raw",
							"raw": "{\r\n\r\n  \"additionalRemunerations\": [\r\n    {\r\n      \"remunerationTypeCode\": {\r\n        \"code\": \"AE\",\r\n        \"name\": \"additional earnings\"\r\n      },\r\n      \"remunerationRate\": {\r\n        \"rate\": -50,\r\n         \"currencyCode\": \"CAD\"\r\n      },\r\n      \"effectiveDate\": \"2020-07-09\",\r\n      \"nameCode\": {\r\n        \"code\": \"A\"\r\n      },\r\n      \"inactiveIndicator\": false\r\n    }\r\n  ]\r\n}",
							"options": {
								"raw": {
									"language": "json"
								}
							}
						},
						"url": {
							"raw": "https://iat-api.adp.com/hr/worker-profile/v1/workers/G372T336YEJ07AWG/work-assignments/26849471_194297/additional-remunerations",
							"protocol": "https",
							"host": [
								"iat-api",
								"adp",
								"com"
							],
							"path": [
								"hr",
								"worker-profile",
								"v1",
								"workers",
								"G372T336YEJ07AWG",
								"work-assignments",
								"26849471_194297",
								"additional-remunerations"
							]
						},
						"description": "post"
					},
					"response": []
				},
				{
					"name": "500-ADD Additional Remunerations with invalid remunerationTypeCode",
					"request": {
						"method": "POST",
						"header": [
							{
								"key": "Authorization",
								"type": "text",
								"value": "Bearer 84d50853-2842-43f3-b99a-56e1dea2f166"
							}
						],
						"body": {
							"mode": "raw",
							"raw": "{\r\n\r\n  \"additionalRemunerations\": [\r\n    {\r\n      \"remunerationTypeCode\": {\r\n        \"code\": \"AEE\",\r\n        \"name\": \"additional earnings\"\r\n      },\r\n      \"remunerationRate\": {\r\n        \"rate\": 50,\r\n         \"currencyCode\": \"CAD\"\r\n      },\r\n      \"effectiveDate\": \"2020-07-09\",\r\n      \"nameCode\": {\r\n        \"code\": \"A\"\r\n      },\r\n      \"inactiveIndicator\": false\r\n    }\r\n  ]\r\n}",
							"options": {
								"raw": {
									"language": "json"
								}
							}
						},
						"url": {
							"raw": "https://iat-api.adp.com/hr/worker-profile/v1/workers/G372T336YEJ07AWG/work-assignments/26849471_194297/additional-remunerations",
							"protocol": "https",
							"host": [
								"iat-api",
								"adp",
								"com"
							],
							"path": [
								"hr",
								"worker-profile",
								"v1",
								"workers",
								"G372T336YEJ07AWG",
								"work-assignments",
								"26849471_194297",
								"additional-remunerations"
							]
						},
						"description": "post"
					},
					"response": []
				},
				{
					"name": "400-ADD Additional Remunerations with invalid AOID",
					"request": {
						"method": "POST",
						"header": [
							{
								"key": "Authorization",
								"type": "text",
								"value": "Bearer 84d50853-2842-43f3-b99a-56e1dea2f166"
							}
						],
						"body": {
							"mode": "raw",
							"raw": "{\r\n\r\n  \"additionalRemunerations\": [\r\n    {\r\n      \"remunerationTypeCode\": {\r\n        \"code\": \"AE\",\r\n        \"name\": \"additional earnings\"\r\n      },\r\n      \"remunerationRate\": {\r\n        \"rate\": -50,\r\n         \"currencyCode\": \"CAD\"\r\n      },\r\n      \"effectiveDate\": \"2020-07-09\",\r\n      \"nameCode\": {\r\n        \"code\": \"A\"\r\n      },\r\n      \"inactiveIndicator\": false\r\n    }\r\n  ]\r\n}",
							"options": {
								"raw": {
									"language": "json"
								}
							}
						},
						"url": {
							"raw": "https://iat-api.adp.com/hr/worker-profile/v1/workers/G372T336YEJ07AWG1/work-assignments/26849471_194297/additional-remunerations",
							"protocol": "https",
							"host": [
								"iat-api",
								"adp",
								"com"
							],
							"path": [
								"hr",
								"worker-profile",
								"v1",
								"workers",
								"G372T336YEJ07AWG1",
								"work-assignments",
								"26849471_194297",
								"additional-remunerations"
							]
						},
						"description": "post"
					},
					"response": []
				},
				{
					"name": "POST Additional Remunerations Canada",
					"request": {
						"method": "POST",
						"header": [
							{
								"key": "Authorization",
								"type": "text",
								"value": "Bearer 79d20792-7a35-4955-b431-3e6e8daa742e"
							}
						],
						"body": {
							"mode": "raw",
							"raw": "{\r\n\r\n  \"additionalRemunerations\": [\r\n    {\r\n      \"remunerationTypeCode\": {\r\n        \"code\": \"AE\",\r\n        \"name\": \"additional earnings\"\r\n      },\r\n      \"remunerationRate\": {\r\n        \"rate\": 50\r\n      },\r\n      \"effectiveDate\": \"2020-07-10\",\r\n      \"nameCode\": {\r\n        \"code\": \"P\"\r\n      },\r\n      \"inactiveIndicator\": false\r\n    }\r\n  ]\r\n}",
							"options": {
								"raw": {
									"language": "json"
								}
							}
						},
						"url": {
							"raw": "https://iat-api.adp.com/hr/worker-profile/v1/workers/G3226BPVKNZ9M5CJ/work-assignments/86207990N/additional-remunerations",
							"protocol": "https",
							"host": [
								"iat-api",
								"adp",
								"com"
							],
							"path": [
								"hr",
								"worker-profile",
								"v1",
								"workers",
								"G3226BPVKNZ9M5CJ",
								"work-assignments",
								"86207990N",
								"additional-remunerations"
							]
						},
						"description": "post"
					},
					"response": []
				},
				{
					"name": "POST Additional Remunerations META",
					"protocolProfileBehavior": {
						"disableBodyPruning": true
					},
					"request": {
						"method": "GET",
						"header": [
							{
								"key": "Authorization",
								"value": "Bearer 8c25d5cc-2301-4f52-ad8b-8ed22253e696",
								"type": "text"
							}
						],
						"body": {
							"mode": "raw",
							"raw": "{\r\n\r\n  \"additionalRemunerations\": [\r\n    {\r\n      \"remunerationTypeCode\": {\r\n        \"code\": \"AE\",\r\n        \"name\": \"AdditionalEarning\"\r\n      },\r\n      \"remunerationRate\": {\r\n        \"rate\": 350\r\n      },\r\n      \"effectiveDate\": \"2020-07-09\",\r\n      \"nameCode\": {\r\n        \"code\": \"22\"\r\n      },\r\n      \"inactiveIndicator\": true\r\n    }\r\n  ]\r\n}",
							"options": {
								"raw": {
									"language": "json"
								}
							}
						},
						"url": {
							"raw": "https://iat-api.adp.com/hr/worker-profile/v1/workers/G372T336YEJ07AWG/work-assignments/26849471_194297/additional-remunerations/meta",
							"protocol": "https",
							"host": [
								"iat-api",
								"adp",
								"com"
							],
							"path": [
								"hr",
								"worker-profile",
								"v1",
								"workers",
								"G372T336YEJ07AWG",
								"work-assignments",
								"26849471_194297",
								"additional-remunerations",
								"meta"
							]
						},
						"description": "post"
					},
					"response": []
				}
			],
			"protocolProfileBehavior": {}
		},
		{
			"name": "Change Remunerations",
			"item": [
				{
					"name": "200-UPDATE Additional Remunerations",
					"request": {
						"method": "PUT",
						"header": [
							{
								"key": "Authorization",
								"type": "text",
								"value": "Bearer 84d50853-2842-43f3-b99a-56e1dea2f166"
							}
						],
						"body": {
							"mode": "raw",
							"raw": "{\r\n \r\n  \"additionalRemunerations\": [\r\n    {\r\n      \"remunerationTypeCode\": {\r\n        \"code\": \"AE\",\r\n        \"name\": \"AdditionalEarning\"\r\n      },\r\n      \"remunerationRate\": {\r\n        \"rate\": 60,\r\n        \"currencyCode\": \"USD\"\r\n      },\r\n      \"effectiveDate\": \"2020-07-10\",\r\n      \"nameCode\": {\r\n        \"code\": \"B\"\r\n      },\r\n      \"inactiveIndicator\": false\r\n    }\r\n  ]\r\n}",
							"options": {
								"raw": {
									"language": "json"
								}
							}
						},
						"url": {
							"raw": "https://iat-api.adp.com/hr/worker-profile/v1/workers/G372T336YEJ07AWG/work-assignments/26849471_194297/additional-remunerations",
							"protocol": "https",
							"host": [
								"iat-api",
								"adp",
								"com"
							],
							"path": [
								"hr",
								"worker-profile",
								"v1",
								"workers",
								"G372T336YEJ07AWG",
								"work-assignments",
								"26849471_194297",
								"additional-remunerations"
							]
						},
						"description": "post"
					},
					"response": []
				},
				{
					"name": "200-UPDATE Additional Remunerations from InActive to active",
					"request": {
						"method": "PUT",
						"header": [
							{
								"key": "Authorization",
								"value": "Bearer 84d50853-2842-43f3-b99a-56e1dea2f166",
								"type": "text"
							}
						],
						"body": {
							"mode": "raw",
							"raw": "{\r\n \r\n  \"additionalRemunerations\": [\r\n    {\r\n      \"remunerationTypeCode\": {\r\n        \"code\": \"AE\",\r\n        \"name\": \"AdditionalEarning\"\r\n      },\r\n      \"remunerationRate\": {\r\n        \"rate\": 60,\r\n        \"currencyCode\": \"USD\"\r\n      },\r\n      \"effectiveDate\": \"2020-07-10\",\r\n      \"nameCode\": {\r\n        \"code\": \"B\"\r\n      },\r\n      \"inactiveIndicator\": false\r\n    }\r\n  ]\r\n}",
							"options": {
								"raw": {
									"language": "json"
								}
							}
						},
						"url": {
							"raw": "https://iat-api.adp.com/hr/worker-profile/v1/workers/G372T336YEJ07AWG/work-assignments/26849471_194297/additional-remunerations",
							"protocol": "https",
							"host": [
								"iat-api",
								"adp",
								"com"
							],
							"path": [
								"hr",
								"worker-profile",
								"v1",
								"workers",
								"G372T336YEJ07AWG",
								"work-assignments",
								"26849471_194297",
								"additional-remunerations"
							]
						},
						"description": "post"
					},
					"response": []
				},
				{
					"name": "500-UPDATE Additional Remunerations with invalid Earningcode",
					"request": {
						"method": "PUT",
						"header": [
							{
								"key": "Authorization",
								"value": "Bearer 84d50853-2842-43f3-b99a-56e1dea2f166",
								"type": "text"
							}
						],
						"body": {
							"mode": "raw",
							"raw": "{\r\n\r\n  \"additionalRemunerations\": [\r\n    {\r\n      \"remunerationTypeCode\": {\r\n        \"code\": \"AE\",\r\n        \"name\": \"additional earnings\"\r\n      },\r\n      \"remunerationRate\": {\r\n        \"rate\": 50\r\n      },\r\n      \"effectiveDate\": \"2020-07-09\",\r\n      \"nameCode\": {\r\n        \"code\": \"TES1\"\r\n      },\r\n      \"inactiveIndicator\": true\r\n    }\r\n  ]\r\n}",
							"options": {
								"raw": {
									"language": "json"
								}
							}
						},
						"url": {
							"raw": "https://iat-api.adp.com/hr/worker-profile/v1/workers/G372T336YEJ07AWG/work-assignments/26849471_194297/additional-remunerations",
							"protocol": "https",
							"host": [
								"iat-api",
								"adp",
								"com"
							],
							"path": [
								"hr",
								"worker-profile",
								"v1",
								"workers",
								"G372T336YEJ07AWG",
								"work-assignments",
								"26849471_194297",
								"additional-remunerations"
							]
						},
						"description": "post"
					},
					"response": []
				},
				{
					"name": "500-ADD Additional Remunerations with invalid Currency Code",
					"request": {
						"method": "PUT",
						"header": [
							{
								"key": "Authorization",
								"value": "Bearer 84d50853-2842-43f3-b99a-56e1dea2f166",
								"type": "text"
							}
						],
						"body": {
							"mode": "raw",
							"raw": "{\r\n\r\n  \"additionalRemunerations\": [\r\n    {\r\n      \"remunerationTypeCode\": {\r\n        \"code\": \"AE\",\r\n        \"name\": \"additional earnings\"\r\n      },\r\n      \"remunerationRate\": {\r\n        \"rate\": 50,\r\n         \"currencyCode\": \"CAD\"\r\n      },\r\n      \"effectiveDate\": \"2020-07-09\",\r\n      \"nameCode\": {\r\n        \"code\": \"A\"\r\n      },\r\n      \"inactiveIndicator\": false\r\n    }\r\n  ]\r\n}",
							"options": {
								"raw": {
									"language": "json"
								}
							}
						},
						"url": {
							"raw": "https://iat-api.adp.com/hr/worker-profile/v1/workers/G372T336YEJ07AWG/work-assignments/26849471_194297/additional-remunerations",
							"protocol": "https",
							"host": [
								"iat-api",
								"adp",
								"com"
							],
							"path": [
								"hr",
								"worker-profile",
								"v1",
								"workers",
								"G372T336YEJ07AWG",
								"work-assignments",
								"26849471_194297",
								"additional-remunerations"
							]
						},
						"description": "post"
					},
					"response": []
				},
				{
					"name": "UPDATE-ADD Additional Remunerations with invalid WorkAssignment ID",
					"request": {
						"method": "PUT",
						"header": [
							{
								"key": "Authorization",
								"type": "text",
								"value": "Bearer 84d50853-2842-43f3-b99a-56e1dea2f166"
							}
						],
						"body": {
							"mode": "raw",
							"raw": "{\r\n\r\n  \"additionalRemunerations\": [\r\n    {\r\n      \"remunerationTypeCode\": {\r\n        \"code\": \"AE\",\r\n        \"name\": \"additional earnings\"\r\n      },\r\n      \"remunerationRate\": {\r\n        \"rate\": 50,\r\n         \"currencyCode\": \"CAD\"\r\n      },\r\n      \"effectiveDate\": \"2020-07-09\",\r\n      \"nameCode\": {\r\n        \"code\": \"A\"\r\n      },\r\n      \"inactiveIndicator\": false\r\n    }\r\n  ]\r\n}",
							"options": {
								"raw": {
									"language": "json"
								}
							}
						},
						"url": {
							"raw": "https://iat-api.adp.com/hr/worker-profile/v1/workers/G372T336YEJ07AWG/work-assignments/26849471_19429711/additional-remunerations",
							"protocol": "https",
							"host": [
								"iat-api",
								"adp",
								"com"
							],
							"path": [
								"hr",
								"worker-profile",
								"v1",
								"workers",
								"G372T336YEJ07AWG",
								"work-assignments",
								"26849471_19429711",
								"additional-remunerations"
							]
						},
						"description": "post"
					},
					"response": []
				},
				{
					"name": "500-UPDATE Additional Remunerations with invalid Rate",
					"request": {
						"method": "PUT",
						"header": [
							{
								"key": "Authorization",
								"type": "text",
								"value": "Bearer 84d50853-2842-43f3-b99a-56e1dea2f166"
							}
						],
						"body": {
							"mode": "raw",
							"raw": "{\r\n\r\n  \"additionalRemunerations\": [\r\n    {\r\n      \"remunerationTypeCode\": {\r\n        \"code\": \"AE\",\r\n        \"name\": \"additional earnings\"\r\n      },\r\n      \"remunerationRate\": {\r\n        \"rate\": -50,\r\n         \"currencyCode\": \"CAD\"\r\n      },\r\n      \"effectiveDate\": \"2020-07-09\",\r\n      \"nameCode\": {\r\n        \"code\": \"A\"\r\n      },\r\n      \"inactiveIndicator\": false\r\n    }\r\n  ]\r\n}",
							"options": {
								"raw": {
									"language": "json"
								}
							}
						},
						"url": {
							"raw": "https://iat-api.adp.com/hr/worker-profile/v1/workers/G372T336YEJ07AWG/work-assignments/26849471_194297/additional-remunerations",
							"protocol": "https",
							"host": [
								"iat-api",
								"adp",
								"com"
							],
							"path": [
								"hr",
								"worker-profile",
								"v1",
								"workers",
								"G372T336YEJ07AWG",
								"work-assignments",
								"26849471_194297",
								"additional-remunerations"
							]
						},
						"description": "post"
					},
					"response": []
				},
				{
					"name": "500-UPDATE Additional Remunerations with only effective date",
					"request": {
						"method": "PUT",
						"header": [
							{
								"key": "Authorization",
								"type": "text",
								"value": "Bearer 84d50853-2842-43f3-b99a-56e1dea2f166"
							}
						],
						"body": {
							"mode": "raw",
							"raw": "{\r\n \r\n  \"additionalRemunerations\": [\r\n    {\r\n      \"remunerationTypeCode\": {\r\n        \"code\": \"AE\",\r\n        \"name\": \"AdditionalEarning\"\r\n      },\r\n      \"remunerationRate\": {\r\n        \"rate\": 60,\r\n        \"currencyCode\": \"USD\"\r\n      },\r\n      \"effectiveDate\": \"2020-07-14\",\r\n      \"nameCode\": {\r\n        \"code\": \"B\"\r\n      },\r\n      \"inactiveIndicator\": false\r\n    }\r\n  ]\r\n}",
							"options": {
								"raw": {
									"language": "json"
								}
							}
						},
						"url": {
							"raw": "https://iat-api.adp.com/hr/worker-profile/v1/workers/G372T336YEJ07AWG/work-assignments/26849471_194297/additional-remunerations",
							"protocol": "https",
							"host": [
								"iat-api",
								"adp",
								"com"
							],
							"path": [
								"hr",
								"worker-profile",
								"v1",
								"workers",
								"G372T336YEJ07AWG",
								"work-assignments",
								"26849471_194297",
								"additional-remunerations"
							]
						},
						"description": "post"
					},
					"response": []
				},
				{
					"name": "400-UPDATE Additional Remunerations with invalid AOID",
					"request": {
						"method": "PUT",
						"header": [
							{
								"key": "Authorization",
								"type": "text",
								"value": "Bearer 84d50853-2842-43f3-b99a-56e1dea2f166"
							}
						],
						"body": {
							"mode": "raw",
							"raw": "{\r\n\r\n  \"additionalRemunerations\": [\r\n    {\r\n      \"remunerationTypeCode\": {\r\n        \"code\": \"AE\",\r\n        \"name\": \"additional earnings\"\r\n      },\r\n      \"remunerationRate\": {\r\n        \"rate\": -50,\r\n         \"currencyCode\": \"CAD\"\r\n      },\r\n      \"effectiveDate\": \"2020-07-09\",\r\n      \"nameCode\": {\r\n        \"code\": \"A\"\r\n      },\r\n      \"inactiveIndicator\": false\r\n    }\r\n  ]\r\n}",
							"options": {
								"raw": {
									"language": "json"
								}
							}
						},
						"url": {
							"raw": "https://iat-api.adp.com/hr/worker-profile/v1/workers/G372T336YEJ07AWG1/work-assignments/26849471_194297/additional-remunerations",
							"protocol": "https",
							"host": [
								"iat-api",
								"adp",
								"com"
							],
							"path": [
								"hr",
								"worker-profile",
								"v1",
								"workers",
								"G372T336YEJ07AWG1",
								"work-assignments",
								"26849471_194297",
								"additional-remunerations"
							]
						},
						"description": "post"
					},
					"response": []
				},
				{
					"name": "UPdate-Additional Remunerations Canada",
					"request": {
						"method": "PUT",
						"header": [
							{
								"key": "Authorization",
								"type": "text",
								"value": "Bearer 79d20792-7a35-4955-b431-3e6e8daa742e"
							}
						],
						"body": {
							"mode": "raw",
							"raw": "{\r\n\r\n  \"additionalRemunerations\": [\r\n    {\r\n      \"remunerationTypeCode\": {\r\n        \"code\": \"AE\",\r\n        \"name\": \"additional earnings\"\r\n      },\r\n      \"remunerationRate\": {\r\n        \"rate\": 50\r\n      },\r\n      \"effectiveDate\": \"2020-07-10\",\r\n      \"nameCode\": {\r\n        \"code\": \"P\"\r\n      },\r\n      \"inactiveIndicator\": false\r\n    }\r\n  ]\r\n}",
							"options": {
								"raw": {
									"language": "json"
								}
							}
						},
						"url": {
							"raw": "https://iat-api.adp.com/hr/worker-profile/v1/workers/G3226BPVKNZ9M5CJ/work-assignments/86207990N/additional-remunerations",
							"protocol": "https",
							"host": [
								"iat-api",
								"adp",
								"com"
							],
							"path": [
								"hr",
								"worker-profile",
								"v1",
								"workers",
								"G3226BPVKNZ9M5CJ",
								"work-assignments",
								"86207990N",
								"additional-remunerations"
							]
						},
						"description": "post"
					},
					"response": []
				},
				{
					"name": "PUT Additional Remunerations META",
					"protocolProfileBehavior": {
						"disableBodyPruning": true
					},
					"request": {
						"method": "GET",
						"header": [
							{
								"key": "Authorization",
								"type": "text",
								"value": "Bearer 8c25d5cc-2301-4f52-ad8b-8ed22253e696"
							}
						],
						"body": {
							"mode": "raw",
							"raw": "{\r\n \r\n  \"additionalRemunerations\": [\r\n    {\r\n      \"remunerationTypeCode\": {\r\n        \"code\": \"AE\",\r\n        \"name\": \"AdditionalEarning\"\r\n      },\r\n      \"remunerationRate\": {\r\n        \"rate\": 30,\r\n        \"currencyCode\": \"CAD\"\r\n      },\r\n      \"effectiveDate\": \"2020-07-09\",\r\n      \"nameCode\": {\r\n        \"code\": \"B\"\r\n      },\r\n      \"inactiveIndicator\": true\r\n    }\r\n  ]\r\n}",
							"options": {
								"raw": {
									"language": "json"
								}
							}
						},
						"url": {
							"raw": "https://iat-api.adp.com/hr/worker-profile/v1/workers/G372T336YEJ07AWG/work-assignments/26849471_194297/additional-remunerations/meta",
							"protocol": "https",
							"host": [
								"iat-api",
								"adp",
								"com"
							],
							"path": [
								"hr",
								"worker-profile",
								"v1",
								"workers",
								"G372T336YEJ07AWG",
								"work-assignments",
								"26849471_194297",
								"additional-remunerations",
								"meta"
							]
						}
					},
					"response": []
				}
			],
			"protocolProfileBehavior": {}
		},
		{
			"name": "Access token_WFN",
			"request": {
				"method": "POST",
				"header": [
					{
						"key": "Content-Type",
						"value": "application/x-www-form-urlencoded"
					}
				],
				"body": {
					"mode": "urlencoded",
					"urlencoded": [
						{
							"key": "grant_type",
							"value": "client_credentials",
							"type": "text"
						},
						{
							"key": "client_id",
							"value": "clientID here",
							"type": "text"
						},
						{
							"key": "client_secret",
							"value": "Client secret here",
							"type": "text"
						}
					],
					"options": {}
				},
				"url": {
					"raw": "https://iat-api.adp.com/auth/oauth/v2/token",
					"protocol": "https",
					"host": [
						"iat-api",
						"adp",
						"com"
					],
					"path": [
						"auth",
						"oauth",
						"v2",
						"token"
					]
				}
			},
			"response": []
		}
	],
	"protocolProfileBehavior": {}
}