{
	"info": {
		"_postman_id": "fb7e83b9-3695-4940-aaa2-74972d661aca",
		"name": "Payroll-Output-RUN IAT GITHUB-B2B",
		"schema": "https://schema.getpostman.com/json/collection/v2.1.0/collection.json"
	},
	"item": [
		{
			"name": "Access token",
			"request": {
				"method": "POST",
				"header": [
					{
						"key": "Content-Type",
						"value": "application/x-www-form-urlencoded"
					}
				],
				"body": {
					"mode": "urlencoded",
					"urlencoded": [
						{
							"key": "grant_type",
							"value": "client_credentials",
							"type": "text"
						},
						{
							"key": "client_id",
							"value": "your clientID here",
							"type": "text"
						},
						{
							"key": "client_secret",
							"value": "Your client secret here",
							"type": "text"
						}
					]
				},
				"url": {
					"raw": "https://iat-api.adp.com/auth/oauth/v2/token",
					"protocol": "https",
					"host": [
						"iat-api",
						"adp",
						"com"
					],
					"path": [
						"auth",
						"oauth",
						"v2",
						"token"
					]
				}
			},
			"response": []
		},
		{
			"name": "Retrieve payroll output details",
			"protocolProfileBehavior": {
				"disableBodyPruning": true
			},
			"request": {
				"method": "GET",
				"header": [
					{
						"key": "Authorization",
						"type": "text",
						"value": "Bearer 3a93a63d-0d57-410f-b07c-3c83fe0c1fe1"
					}
				],
				"body": {},
				"url": {
					"raw": "https://iat-api.adp.com/payroll/v1/payroll-output",
					"protocol": "https",
					"host": [
						"iat-api",
						"adp",
						"com"
					],
					"path": [
						"payroll",
						"v1",
						"payroll-output"
					]
				}
			},
			"response": []
		},
		{
			"name": "Retrieve the payroll output details for particular payruncode",
			"protocolProfileBehavior": {
				"disableBodyPruning": true
			},
			"request": {
				"method": "GET",
				"header": [
					{
						"key": "Authorization",
						"type": "text",
						"value": "Bearer 3a93a63d-0d57-410f-b07c-3c83fe0c1fe1"
					}
				],
				"body": {},
				"url": {
					"raw": "https://iat-api.adp.com/payroll/v1/payroll-output/201903080002",
					"protocol": "https",
					"host": [
						"iat-api",
						"adp",
						"com"
					],
					"path": [
						"payroll",
						"v1",
						"payroll-output",
						"201903080002"
					]
				}
			},
			"response": []
		},
		{
			"name": "Retrieve payroll output details based on $filter",
			"protocolProfileBehavior": {
				"disableBodyPruning": true
			},
			"request": {
				"method": "GET",
				"header": [
					{
						"key": "Authorization",
						"type": "text",
						"value": "Bearer 3a93a63d-0d57-410f-b07c-3c83fe0c1fe1"
					}
				],
				"body": {},
				"url": {
					"raw": "https://iat-api.adp.com/payroll/v1/payroll-output?$filter=payrollProcessingJobID eq 'G3P3QYJJXG79N3EB-201903080002'",
					"protocol": "https",
					"host": [
						"iat-api",
						"adp",
						"com"
					],
					"path": [
						"payroll",
						"v1",
						"payroll-output"
					],
					"query": [
						{
							"key": "$filter",
							"value": "payrollProcessingJobID eq 'G3P3QYJJXG79N3EB-201903080002'"
						}
					]
				}
			},
			"response": []
		},
		{
			"name": "Retrieve payroll output details based on $filter and $select",
			"protocolProfileBehavior": {
				"disableBodyPruning": true
			},
			"request": {
				"method": "GET",
				"header": [
					{
						"key": "Authorization",
						"type": "text",
						"value": "Bearer 3a93a63d-0d57-410f-b07c-3c83fe0c1fe1"
					}
				],
				"body": {},
				"url": {
					"raw": "https://iat-api.adp.com/payroll/v1/payroll-output?$filter=payrollProcessingJobID eq 'G3P3QYJJXG79N3EB-201903080002' &$select=associatePayments",
					"protocol": "https",
					"host": [
						"iat-api",
						"adp",
						"com"
					],
					"path": [
						"payroll",
						"v1",
						"payroll-output"
					],
					"query": [
						{
							"key": "$filter",
							"value": "payrollProcessingJobID eq 'G3P3QYJJXG79N3EB-201903080002' "
						},
						{
							"key": "$select",
							"value": "associatePayments"
						}
					]
				}
			},
			"response": []
		},
		{
			"name": "Retrieve payroll output details based on $filter and $top",
			"protocolProfileBehavior": {
				"disableBodyPruning": true
			},
			"request": {
				"method": "GET",
				"header": [
					{
						"key": "Authorization",
						"type": "text",
						"value": "Bearer 3a93a63d-0d57-410f-b07c-3c83fe0c1fe1"
					}
				],
				"body": {},
				"url": {
					"raw": "https://iat-api.adp.com/payroll/v1/payroll-output?$filter=payrollProcessingJobID eq 'G3P3QYJJXG79N3EB-201903080002' &$top=1",
					"protocol": "https",
					"host": [
						"iat-api",
						"adp",
						"com"
					],
					"path": [
						"payroll",
						"v1",
						"payroll-output"
					],
					"query": [
						{
							"key": "$filter",
							"value": "payrollProcessingJobID eq 'G3P3QYJJXG79N3EB-201903080002' "
						},
						{
							"key": "$top",
							"value": "1"
						}
					]
				}
			},
			"response": []
		},
		{
			"name": "Retrieve payroll output details based on $filter and $skip",
			"protocolProfileBehavior": {
				"disableBodyPruning": true
			},
			"request": {
				"method": "GET",
				"header": [
					{
						"key": "Authorization",
						"type": "text",
						"value": "Bearer 3a93a63d-0d57-410f-b07c-3c83fe0c1fe1"
					}
				],
				"body": {},
				"url": {
					"raw": "https://iat-api.adp.com/payroll/v1/payroll-output?$filter=payrollProcessingJobID eq 'G3P3QYJJXG79N3EB-201903080002' &$skip=1",
					"protocol": "https",
					"host": [
						"iat-api",
						"adp",
						"com"
					],
					"path": [
						"payroll",
						"v1",
						"payroll-output"
					],
					"query": [
						{
							"key": "$filter",
							"value": "payrollProcessingJobID eq 'G3P3QYJJXG79N3EB-201903080002' "
						},
						{
							"key": "$skip",
							"value": "1"
						}
					]
				}
			},
			"response": []
		}
	]
}