{
	"id": "9fcb3089-3239-4c91-ada8-66dfac07e556",
	"name": "Tax Withholding",
	"description": null,
	"auth": null,
	"events": null,
	"variables": [],
	"order": [],
	"folders_order": [
		"2378b47d-d7ba-4948-b503-9e7f1f86fba0"
	],
	"protocolProfileBehavior": {},
	"folders": [
		{
			"id": "2378b47d-d7ba-4948-b503-9e7f1f86fba0",
			"name": "Tax Witholding Copy",
			"description": null,
			"auth": null,
			"events": null,
			"collection": "9fcb3089-3239-4c91-ada8-66dfac07e556",
			"folder": null,
			"order": [
				"dd32fc8b-f737-4bfa-a9cd-51617d283e60",
				"ad403026-2332-4e0e-a66d-14e9b77d67e1",
				"8c8cd0e4-bed6-4cb9-a251-d2c08d2cb764",
				"6fadff75-d1cf-4576-9ee6-dec7f1cbc575",
				"4720a4a3-cd51-4e11-992e-9b658b25586b",
				"bf0c9781-c19b-49c2-ac71-420c6413a229",
				"2e70b5dd-0c16-4568-b2a1-e6d36ef7be06",
				"cef1d7ec-ad3a-4bdb-b075-c09e3b497d4c",
				"6f519178-5101-48f3-b39a-ea4fdb47d3ff",
				"d73537e3-0f9d-4502-bfe6-fb3f9185d99f",
				"d12a3bea-1b1f-408f-8754-d14898cd15e4",
				"6eef0614-b412-4497-ace0-f968b42e1129"
			],
			"folders_order": [],
			"protocolProfileBehavior": {}
		}
	],
	"requests": [
		{
			"id": "2e70b5dd-0c16-4568-b2a1-e6d36ef7be06",
			"name": "Federal Tax Withholding - CHANGE-Excempt",
			"url": "{{scheme}}://{{vip}}/events/payroll/v1/worker.us-federal.tax-withholding.election.change",
			"description": null,
			"data": [],
			"dataOptions": null,
			"dataMode": "raw",
			"headerData": [
				{
					"key": "associateoid",
					"value": "{{aoid}}"
				},
				{
					"key": "orgoid",
					"value": "{{ooid}}"
				},
				{
					"key": "Content-Type",
					"value": "application/json"
				},
				{
					"key": "adpx-contextcontrol",
					"value": "RUN"
				}
			],
			"method": "POST",
			"pathVariableData": [],
			"queryParams": [],
			"auth": null,
			"events": null,
			"folder": "2378b47d-d7ba-4948-b503-9e7f1f86fba0",
			"rawModeData": "{\n    \"events\": [{\n        \"data\": {\n            \"transform\": {\n                \"federalIncomeTaxWithholdingElection\": {\n                    \"legalNameDiffersFromSSCardIndicator\": true,\n                    \"nonResidentAlienIndicator\": false,\n                    \"taxFilingStatusCode\": {\n                        \"codeValue\": \"M\"\n                    },\n                    \"taxWithholdingStatus\": {\n                        \"statusCode\": {\n                            \"codeValue\": \"X\"\n                        }\n                    },\n                    \"taxWithholdingAllowanceQuantity\": 0,\n                    \"overrideTaxAmount\": {\n                        \"amountValue\": null\n                    }\n                },\n                \"effectiveDateTime\": \"2017-10-31\"\n            },\n            \"eventContext\": {\n                \"worker\": {\n                    \"associateOID\": \"{{aoid}}\"\n                }\n            }\n        },\n        \"actor\": {\n            \"associateOID\": \"{{aoid}}\"\n        },\n        \"serviceCategoryCode\": {\n            \"codeValue\": \"payrollManagement\"\n        },\n        \"eventNameCode\": {\n            \"codeValue\": \"worker.usFederal.taxWithholding.election.change\"\n        }\n    }]\n}",
			"headers": "associateoid: {{aoid}}\norgoid: {{ooid}}\nContent-Type: application/json\nadpx-contextcontrol: RUN\n",
			"pathVariables": {}
		},
		{
			"id": "4720a4a3-cd51-4e11-992e-9b658b25586b",
			"name": "State Tax Withholding V2 - GET",
			"url": "{{scheme}}://{{vip}}/payroll/v2/workers/{{aoid}}/us-state-tax-withholding-elections",
			"description": null,
			"data": null,
			"dataOptions": null,
			"dataMode": null,
			"headerData": [
				{
					"key": "associateoid",
					"value": "{{aoid}}"
				},
				{
					"key": "orgoid",
					"value": "{{ooid}}"
				}
			],
			"method": "GET",
			"pathVariableData": [],
			"queryParams": [],
			"auth": null,
			"events": null,
			"folder": "2378b47d-d7ba-4948-b503-9e7f1f86fba0",
			"headers": "associateoid: {{aoid}}\norgoid: {{ooid}}\n",
			"pathVariables": {}
		},
		{
			"id": "6eef0614-b412-4497-ace0-f968b42e1129",
			"name": "Federal Tax Withholding V2 - CHANGE NOT EXEMPT",
			"url": "{{scheme}}://{{vip}}/events/payroll/v2/worker.us-federal.tax-withholding.election.change",
			"description": "",
			"data": [],
			"dataOptions": null,
			"dataMode": "raw",
			"headerData": [
				{
					"key": "associateoid",
					"value": "{{aoid}}"
				},
				{
					"key": "orgoid",
					"value": "{{ooid}}"
				},
				{
					"key": "Content-Type",
					"value": "application/json"
				}
			],
			"method": "POST",
			"pathVariableData": [],
			"queryParams": [],
			"auth": null,
			"events": null,
			"folder": "2378b47d-d7ba-4948-b503-9e7f1f86fba0",
			"rawModeData": "{\r\n   \"events\":[\r\n      {\r\n         \"data\":{\r\n            \"eventContext\":{\r\n               \"worker\":{\r\n                  \"associateOID\":\"{{aoid}}\"\r\n               }\r\n            },\r\n            \"transform\":{\r\n               \"effectiveDateTime\":\"2019-12-09\",\r\n               \"usFederalTaxWithholdingElection\":{\r\n                  \"additionalStatutoryInputs\":[\r\n                     {\r\n                        \"tagCode\":\"VERSION\",\r\n                        \"tagValues\":[\r\n                           \"FED-V2\"\r\n                        ],\r\n                        \"dataTypeCode\":\"string\"\r\n                     },\r\n                     {\r\n                        \"tagCode\":\"FILING_STATUS\",\r\n                        \"tagValues\":[\r\n                           \"HEAD_OF_HOUSEHOLD\"\r\n                        ],\r\n                        \"dataTypeCode\":\"string\"\r\n                     }\r\n                  ],\r\n                  \"nonResidentAlienIndicator\":false,\r\n                  \"additionalTaxAmount\":{\r\n                     \"amountValue\":0,\r\n                     \"currencyCode\":\"USD\"\r\n                  },\r\n                  \"attachments\":[\r\n                     {\r\n                        \"nameCode\":{\r\n                           \"codeValue\":\"TAX_WITHHOLDING\",\r\n                           \"shortName\":\"W-4\",\r\n                           \"longName\":\"Employee'\\\\''s Withholding Allowance Certificate\"\r\n                        },\r\n                        \"textValue\":\"JVBERi0xLjcKJfbk/N8\"\r\n                     }\r\n                  ],\r\n                  \"actionMessages\":[\r\n                     {\r\n                        \"messageID\":\"UPDATED_FEDERAL_WITHHOLDING\",\r\n                        \"messageText\":\"Please remind the employee to review their state tax withholding elections. They made changes to their Federal income tax withholding that could affect the amount that will be withheld for their state.\"\r\n                     }\r\n                  ],\r\n                  \"attestationIndicator\":{\r\n                     \"indicatorValue\":true,\r\n                     \"effectiveDate\":\"2019-12-09T01:25:01+00:00\"\r\n                  }\r\n               }\r\n            }\r\n         },\r\n         \"actor\":{\r\n            \"associateOID\":\"{{aoid}}\"\r\n         },\r\n         \"serviceCategoryCode\":{\r\n            \"codeValue\":\"payrollManagement\"\r\n         },\r\n         \"eventNameCode\":{\r\n            \"codeValue\":\"worker.usFederal.taxWithholding.election.change\"\r\n         }\r\n      }\r\n   ]\r\n}",
			"headers": "associateoid: {{aoid}}\norgoid: {{ooid}}\nContent-Type: application/json\n",
			"pathVariables": {}
		},
		{
			"id": "6f519178-5101-48f3-b39a-ea4fdb47d3ff",
			"name": "Federal Tax Withholding - GET",
			"url": "{{scheme}}://{{vip}}/payroll/v1/workers/{{aoid}}/us-federal-tax-withholding-elections",
			"description": null,
			"data": null,
			"dataOptions": null,
			"dataMode": null,
			"headerData": [
				{
					"key": "associateoid",
					"value": "{{aoid}}"
				},
				{
					"key": "orgoid",
					"value": "{{ooid}}"
				}
			],
			"method": "GET",
			"pathVariableData": [],
			"queryParams": [],
			"auth": null,
			"events": null,
			"folder": "2378b47d-d7ba-4948-b503-9e7f1f86fba0",
			"headers": "associateoid: {{aoid}}\norgoid: {{ooid}}\n",
			"pathVariables": {}
		},
		{
			"id": "6fadff75-d1cf-4576-9ee6-dec7f1cbc575",
			"name": "State Tax Withholding - GET",
			"url": "{{scheme}}://{{vip}}/payroll/v1/workers/{{aoid}}/us-state-tax-withholding-elections",
			"description": null,
			"data": null,
			"dataOptions": null,
			"dataMode": null,
			"headerData": [
				{
					"key": "associateoid",
					"value": "{{aoid}}"
				},
				{
					"key": "orgoid",
					"value": "{{ooid}}"
				}
			],
			"method": "GET",
			"pathVariableData": [],
			"queryParams": [],
			"auth": null,
			"events": null,
			"folder": "2378b47d-d7ba-4948-b503-9e7f1f86fba0",
			"headers": "associateoid: {{aoid}}\norgoid: {{ooid}}\n",
			"pathVariables": {}
		},
		{
			"id": "8c8cd0e4-bed6-4cb9-a251-d2c08d2cb764",
			"name": "Federal Tax Withholding - ADD",
			"url": "{{scheme}}://{{vip}}/events/payroll/v1/worker.us-federal.tax-withholding.election.add",
			"description": null,
			"data": [],
			"dataOptions": null,
			"dataMode": "raw",
			"headerData": [
				{
					"key": "associateoid",
					"value": "{{aoid}}"
				},
				{
					"key": "orgoid",
					"value": "{{ooid}}"
				},
				{
					"key": "Content-Type",
					"value": "application/json"
				}
			],
			"method": "POST",
			"pathVariableData": [],
			"queryParams": [],
			"auth": null,
			"events": null,
			"folder": "2378b47d-d7ba-4948-b503-9e7f1f86fba0",
			"rawModeData": "{\r\n  \"events\": [\r\n    {\r\n      \"data\": {\r\n        \"transform\": {\r\n          \"federalIncomeTaxWithholdingElection\": {\r\n            \"taxWithholdingAllowanceQuantity\": 4,\r\n            \"additionalTaxPercentage\": \"\",\r\n            \"additionalTaxAmount\": {\r\n              \"amountValue\": 10\r\n            },\r\n            \"taxWithholdingStatus\": {\r\n              \"statusCode\": {\r\n                \"codeValue\": \"\",\r\n                \"shortName\": \"\"\r\n              }\r\n            },\r\n            \"legalNameDiffersFromSSCardIndicator\": true,\r\n            \"taxFilingStatusCode\": {\r\n              \"codeValue\": \"S\",\r\n              \"shortName\": \"Single\"\r\n            },\r\n            \"nonResidentAlienIndicator\": false\r\n          },\r\n          \"effectiveDateTime\": \"2017-11-24\"\r\n        },\r\n        \"eventContext\": {\r\n          \"worker\": {\r\n            \"associateOID\": \"{{aoid}}\"\r\n          }\r\n        }\r\n      }\r\n    }\r\n  ]\r\n}",
			"headers": "associateoid: {{aoid}}\norgoid: {{ooid}}\nContent-Type: application/json\n",
			"pathVariables": {}
		},
		{
			"id": "ad403026-2332-4e0e-a66d-14e9b77d67e1",
			"name": "Federal Tax Withholding - META - GET",
			"url": "{{scheme}}://{{vip}}/events/payroll/v1/worker.us-federal.tax-withholding.election.change/meta",
			"description": null,
			"data": null,
			"dataOptions": null,
			"dataMode": null,
			"headerData": [
				{
					"key": "associateoid",
					"value": "{{aoid}}"
				},
				{
					"key": "orgoid",
					"value": "{{ooid}}"
				}
			],
			"method": "GET",
			"pathVariableData": [],
			"queryParams": [],
			"auth": null,
			"events": null,
			"folder": "2378b47d-d7ba-4948-b503-9e7f1f86fba0",
			"responses": [
				{
					"id": "b2e2b58c-fcbf-4e04-86cb-c4d70cd9d467",
					"name": "tax-withholding-meta",
					"status": "OK",
					"mime": "",
					"language": "json",
					"text": "{\r\n  \"meta\": {\r\n    \"/data/eventContext\": [\r\n      {}\r\n    ],\r\n    \"/data/transforms\": [\r\n      {\r\n        \"/effectiveDateTime\": {\r\n          \"optional\": true,\r\n          \"dataType\": \"string(date-time)\"\r\n        }\r\n      }\r\n    ]\r\n  }\r\n}",
					"responseCode": {
						"code": 200,
						"name": "OK",
						"detail": ""
					},
					"requestObject": {
						"id": "f9f0a270-d306-42c6-814c-b674995019d6",
						"method": "GET",
						"headers": "associateoid: {{aoid}}\norgoid: {{ooid}}",
						"dataMode": null,
						"url": "{{scheme}}://{{vip}}/events/payroll/v1/worker.us-state.tax-withholding.election.change/meta?/worker/associateOID=G3V5S57XRKD4F2F5",
						"pathVariableData": [],
						"queryParams": [
							{
								"key": "/worker/associateOID",
								"value": "G3V5S57XRKD4F2F5"
							}
						],
						"headerData": [
							{
								"key": "associateoid",
								"value": "{{aoid}}"
							},
							{
								"key": "orgoid",
								"value": "{{ooid}}"
							}
						],
						"data": null
					},
					"headers": [
						{
							"key": "Cache-Control",
							"value": "no-cache",
							"name": "Cache-Control",
							"description": ""
						},
						{
							"key": "Content-Length",
							"value": "237",
							"name": "Content-Length",
							"description": ""
						},
						{
							"key": "Content-Type",
							"value": "application/json; charset=utf-8",
							"name": "Content-Type",
							"description": ""
						},
						{
							"key": "Date",
							"value": "Mon, 05 Dec 2016 17:20:15 GMT",
							"name": "Date",
							"description": ""
						},
						{
							"key": "Expires",
							"value": "-1",
							"name": "Expires",
							"description": ""
						},
						{
							"key": "Pragma",
							"value": "no-cache",
							"name": "Pragma",
							"description": ""
						},
						{
							"key": "Server",
							"value": "Microsoft-IIS/7.5",
							"name": "Server",
							"description": ""
						},
						{
							"key": "X-AspNet-Version",
							"value": "4.0.30319",
							"name": "X-AspNet-Version",
							"description": ""
						},
						{
							"key": "X-Powered-By",
							"value": "ASP.NET",
							"name": "X-Powered-By",
							"description": ""
						}
					],
					"cookies": [
						{
							"expirationDate": "Invalid Date",
							"httpOnly": true,
							"domain": "10.15.80.138",
							"path": "/",
							"secure": false,
							"value": "tfrymnyjh4xttgv4uxpt2nz3",
							"name": "ASP.NET_SessionId"
						}
					],
					"request": "ad403026-2332-4e0e-a66d-14e9b77d67e1",
					"collection": "9fcb3089-3239-4c91-ada8-66dfac07e556"
				}
			],
			"headers": "associateoid: {{aoid}}\norgoid: {{ooid}}\n",
			"pathVariables": {}
		},
		{
			"id": "bf0c9781-c19b-49c2-ac71-420c6413a229",
			"name": "State Tax Withholding V2 - CHANGE",
			"url": "{{scheme}}://{{vip}}/events/payroll/v2/worker.us-state.tax-withholding.election.change",
			"description": null,
			"data": [],
			"dataOptions": null,
			"dataMode": "raw",
			"headerData": [
				{
					"key": "associateoid",
					"value": "{{aoid}}"
				},
				{
					"key": "orgoid",
					"value": "{{ooid}}"
				},
				{
					"key": "Content-Type",
					"value": "application/json"
				}
			],
			"method": "POST",
			"pathVariableData": [],
			"queryParams": [],
			"auth": null,
			"events": null,
			"folder": "2378b47d-d7ba-4948-b503-9e7f1f86fba0",
			"rawModeData": "{\r\n    \"events\": [{\r\n        \"data\": {\r\n            \"transform\": {\r\n                \"stateIncomeTaxWithholdingElection\": {\r\n                    \"legalNameDiffersFromSSCardIndicator\": true,\r\n                    \"nonResidentAlienIndicator\": false,\r\n                    \"taxFilingStatusCode\": {\r\n                        \"codeValue\": \"S\",\r\n                        \"longName\": \"Married\",\r\n                        \"shortName\": \"Married\"\r\n                    },\r\n                    \"taxWithholdingStatus\": {\r\n                        \"statusCode\": {\r\n                            \"codeValue\": \"\"\r\n                        }\r\n                    },\r\n                    \"taxWithholdingAllowanceQuantity\": 1,\r\n                    \"additionalTaxAmount\": {\r\n                        \"amountValue\": 10,\r\n                        \"currencyCode\": \"USD\"\r\n                    }\r\n                },\r\n                \"effectiveDateTime\": \"2017-12-12\"\r\n            },\r\n            \"eventContext\": {\r\n                \"worker\": {\r\n                    \"associateOID\": \"{{aoid}}\"\r\n                }\r\n            }\r\n        },\r\n        \"actor\": {\r\n            \"associateOID\": \"{{aoid}}\"\r\n        },\r\n        \"serviceCategoryCode\": {\r\n            \"codeValue\": \"payrollManagement\"\r\n        },\r\n        \"eventNameCode\": {\r\n            \"codeValue\": \"worker.usState.taxWithholding.election.change\"\r\n        }\r\n    }]\r\n}\r\n",
			"headers": "associateoid: {{aoid}}\norgoid: {{ooid}}\nContent-Type: application/json\n",
			"pathVariables": {}
		},
		{
			"id": "cef1d7ec-ad3a-4bdb-b075-c09e3b497d4c",
			"name": "Federal Tax Withholding - CHANGE",
			"url": "{{scheme}}://{{vip}}/events/payroll/v1/worker.us-federal.tax-withholding.election.change",
			"description": null,
			"data": [],
			"dataOptions": null,
			"dataMode": "raw",
			"headerData": [
				{
					"key": "associateoid",
					"value": "{{aoid}}"
				},
				{
					"key": "orgoid",
					"value": "{{ooid}}"
				},
				{
					"key": "Content-Type",
					"value": "application/json"
				}
			],
			"method": "POST",
			"pathVariableData": [],
			"queryParams": [],
			"auth": null,
			"events": null,
			"folder": "2378b47d-d7ba-4948-b503-9e7f1f86fba0",
			"rawModeData": "{\r\n    \"events\": [{\r\n        \"data\": {\r\n            \"transform\": {\r\n                \"federalIncomeTaxWithholdingElection\": {\r\n                    \"legalNameDiffersFromSSCardIndicator\": true,\r\n                    \"nonResidentAlienIndicator\": false,\r\n                    \"taxFilingStatusCode\": {\r\n                        \"codeValue\": \"S\",\r\n                        \"longName\": \"Married\",\r\n                        \"shortName\": \"Married\"\r\n                    },\r\n                    \"taxWithholdingStatus\": {\r\n                        \"statusCode\": {\r\n                            \"codeValue\": \"\"\r\n                        }\r\n                    },\r\n                    \"taxWithholdingAllowanceQuantity\": 1,\r\n                    \"additionalTaxAmount\": {\r\n                        \"amountValue\": 10,\r\n                        \"currencyCode\": \"USD\"\r\n                    }\r\n                },\r\n                \"effectiveDateTime\": \"2017-12-12\"\r\n            },\r\n            \"eventContext\": {\r\n                \"worker\": {\r\n                    \"associateOID\": \"{{aoid}}\"\r\n                }\r\n            }\r\n        },\r\n        \"actor\": {\r\n            \"associateOID\": \"{{aoid}}\"\r\n        },\r\n        \"serviceCategoryCode\": {\r\n            \"codeValue\": \"payrollManagement\"\r\n        },\r\n        \"eventNameCode\": {\r\n            \"codeValue\": \"worker.usFederal.taxWithholding.election.change\"\r\n        }\r\n    }]\r\n}\r\n",
			"headers": "associateoid: {{aoid}}\norgoid: {{ooid}}\nContent-Type: application/json\n",
			"pathVariables": {}
		},
		{
			"id": "d12a3bea-1b1f-408f-8754-d14898cd15e4",
			"name": "Federal Tax Withholding V2 - CHANGE EXEMPT",
			"url": "{{scheme}}://{{vip}}/events/payroll/v2/worker.us-federal.tax-withholding.election.change",
			"description": "",
			"data": [],
			"dataOptions": null,
			"dataMode": "raw",
			"headerData": [
				{
					"key": "associateoid",
					"value": "{{aoid}}"
				},
				{
					"key": "orgoid",
					"value": "{{ooid}}"
				},
				{
					"key": "Content-Type",
					"value": "application/json"
				}
			],
			"method": "POST",
			"pathVariableData": [],
			"queryParams": [],
			"auth": null,
			"events": null,
			"folder": "2378b47d-d7ba-4948-b503-9e7f1f86fba0",
			"rawModeData": "{\r\n    \"events\": [\r\n    {\r\n        \"actor\": {\r\n            \"associateOID\": \"{{aoid}}\"\r\n        },\r\n        \"data\": {\r\n            \"eventContext\": {\r\n                \"worker\": {\r\n                    \"associateOID\": \"{{aoid}}\"\r\n                }\r\n            },\r\n            \"transform\": {\r\n                \"effectiveDateTime\": \"2019-12-09\",\r\n                \"usFederalTaxWithholdingElection\": {\r\n                    \"additionalStatutoryInputs\": [\r\n                        {\r\n                            \"tagCode\": \"VERSION\",\r\n                            \"tagValues\": [ \"FED-V2\" ],\r\n                            \"dataTypeCode\": \"string\"\r\n                        },\r\n                        {\r\n                            \"dataTypeCode\": \"string\",\r\n                            \"tagCode\": \"FILING_STATUS\",\r\n                            \"tagValues\": [ \"HEAD_OF_HOUSEHOLD\" ]\r\n                        },\r\n                        {\r\n                            \"tagCode\": \"EXEMPT\",\r\n                            \"tagValues\": [ \"true\" ],\r\n                            \"dataTypeCode\": \"boolean\"\r\n                        }\r\n                    ],\r\n                    \"nonResidentAlienIndicator\": false,\r\n                    \"additionalTaxAmount\": {\r\n                        \"amountValue\": 0,\r\n                        \"currencyCode\": \"USD\"\r\n                    },\r\n                    \"attachments\": [\r\n                        {\r\n                            \"nameCode\": {\r\n                                \"codeValue\": \"TAX_WITHHOLDING\",\r\n                                \"shortName\": \"W-4\",\r\n                                \"longName\": \"Employee's Withholding Allowance Certificate\"\r\n                            },\r\n                            \"textValue\": \"JVBERi0xLjcKJfbk/N8\"\r\n                        }\r\n                    ],\r\n                    \"actionMessages\": [\r\n                        {\r\n                            \"messageID\": \"UPDATED_FEDERAL_WITHHOLDING\",\r\n                            \"messageText\": \"Please remind the employee to review their state tax withholding elections. They made changes to their Federal income tax withholding that could affect the amount that will be withheld for their state.\"\r\n                        }\r\n                    ],\r\n                    \"attestationIndicator\": {\r\n                        \"indicatorValue\": true,\r\n                        \"effectiveDate\": \"2019-12-09T01:25:01+00:00\"\r\n                    }\r\n                }\r\n            }\r\n        },\r\n        \"eventNameCode\": {\r\n            \"codeValue\": \"worker.usFederal.taxWithholding.election.change\"\r\n        },\r\n        \"serviceCategoryCode\": {\r\n            \"codeValue\": \"payrollManagement\"\r\n        }\r\n    }\r\n] }\r\n",
			"headers": "associateoid: {{aoid}}\norgoid: {{ooid}}\nContent-Type: application/json\n",
			"pathVariables": {}
		},
		{
			"id": "d73537e3-0f9d-4502-bfe6-fb3f9185d99f",
			"name": "Federal Tax Withholding V2 - GET",
			"url": "{{scheme}}://{{vip}}/payroll/v2/workers/{{aoid}}/us-federal-tax-withholding-elections",
			"description": "",
			"data": null,
			"dataOptions": null,
			"dataMode": null,
			"headerData": [
				{
					"key": "associateoid",
					"value": "{{aoid}}"
				},
				{
					"key": "orgoid",
					"value": "{{ooid}}"
				}
			],
			"method": "GET",
			"pathVariableData": [],
			"queryParams": [],
			"auth": null,
			"events": null,
			"folder": "2378b47d-d7ba-4948-b503-9e7f1f86fba0",
			"headers": "associateoid: {{aoid}}\norgoid: {{ooid}}\n",
			"pathVariables": {}
		},
		{
			"id": "dd32fc8b-f737-4bfa-a9cd-51617d283e60",
			"name": "State Tax Withholding - META - GET",
			"url": "{{scheme}}://{{vip}}/events/payroll/v1/worker.us-state.tax-withholding.election.change/meta",
			"description": null,
			"data": null,
			"dataOptions": null,
			"dataMode": null,
			"headerData": [
				{
					"key": "associateoid",
					"value": "{{aoid}}"
				},
				{
					"key": "orgoid",
					"value": "{{ooid}}"
				}
			],
			"method": "GET",
			"pathVariableData": [],
			"queryParams": [],
			"auth": null,
			"events": null,
			"folder": "2378b47d-d7ba-4948-b503-9e7f1f86fba0",
			"responses": [
				{
					"id": "d638a3d2-d1a7-48dd-8b7b-8f97ba2afebb",
					"name": "tax-withholding-meta",
					"status": "OK",
					"mime": "",
					"language": "json",
					"text": "{\r\n  \"meta\": {\r\n    \"/data/eventContext\": [\r\n      {}\r\n    ],\r\n    \"/data/transforms\": [\r\n      {\r\n        \"/effectiveDateTime\": {\r\n          \"optional\": true,\r\n          \"dataType\": \"string(date-time)\"\r\n        }\r\n      }\r\n    ]\r\n  }\r\n}",
					"responseCode": {
						"code": 200,
						"name": "OK",
						"detail": ""
					},
					"requestObject": {
						"id": "a9bf7752-1758-4f7f-b068-7a4ae4e59e77",
						"method": "GET",
						"headers": "associateoid: {{aoid}}\norgoid: {{ooid}}",
						"dataMode": null,
						"url": "{{scheme}}://{{vip}}/events/payroll/v1/worker.us-state.tax-withholding.election.change/meta?/worker/associateOID=G3V5S57XRKD4F2F5",
						"pathVariableData": [],
						"queryParams": [
							{
								"key": "/worker/associateOID",
								"value": "G3V5S57XRKD4F2F5"
							}
						],
						"headerData": [
							{
								"key": "associateoid",
								"value": "{{aoid}}"
							},
							{
								"key": "orgoid",
								"value": "{{ooid}}"
							}
						],
						"data": null
					},
					"headers": [
						{
							"key": "Cache-Control",
							"value": "no-cache",
							"name": "Cache-Control",
							"description": ""
						},
						{
							"key": "Content-Length",
							"value": "237",
							"name": "Content-Length",
							"description": ""
						},
						{
							"key": "Content-Type",
							"value": "application/json; charset=utf-8",
							"name": "Content-Type",
							"description": ""
						},
						{
							"key": "Date",
							"value": "Mon, 05 Dec 2016 17:20:15 GMT",
							"name": "Date",
							"description": ""
						},
						{
							"key": "Expires",
							"value": "-1",
							"name": "Expires",
							"description": ""
						},
						{
							"key": "Pragma",
							"value": "no-cache",
							"name": "Pragma",
							"description": ""
						},
						{
							"key": "Server",
							"value": "Microsoft-IIS/7.5",
							"name": "Server",
							"description": ""
						},
						{
							"key": "X-AspNet-Version",
							"value": "4.0.30319",
							"name": "X-AspNet-Version",
							"description": ""
						},
						{
							"key": "X-Powered-By",
							"value": "ASP.NET",
							"name": "X-Powered-By",
							"description": ""
						}
					],
					"cookies": [
						{
							"expirationDate": "Invalid Date",
							"httpOnly": true,
							"domain": "10.15.80.138",
							"path": "/",
							"secure": false,
							"value": "tfrymnyjh4xttgv4uxpt2nz3",
							"name": "ASP.NET_SessionId"
						}
					],
					"request": "dd32fc8b-f737-4bfa-a9cd-51617d283e60",
					"collection": "9fcb3089-3239-4c91-ada8-66dfac07e556"
				}
			],
			"headers": "associateoid: {{aoid}}\norgoid: {{ooid}}\n",
			"pathVariables": {}
		}
	]
}