{
	"info": {
		"_postman_id": "cdf69ff1-6bba-4524-ac7c-0506b92d49a2",
		"name": "B2B Worker Management-v19 IAT GITHUB",
		"schema": "https://schema.getpostman.com/json/collection/v2.1.0/collection.json"
	},
	"item": [
		{
			"name": "Asynchronous call",
			"item": [
				{
					"name": "Access token",
					"request": {
						"method": "POST",
						"header": [],
						"body": {
							"mode": "urlencoded",
							"urlencoded": [
								{
									"key": "grant_type",
									"value": "client_credentials",
									"type": "text"
								},
								{
									"key": "client_id",
									"value": "paste client_id here",
									"type": "text"
								},
								{
									"key": "client_secret",
									"value": "paste client_secret here",
									"type": "text"
								}
							]
						},
						"url": {
							"raw": "https://iat-api.adp.com/auth/oauth/v2/token",
							"protocol": "https",
							"host": [
								"iat-api",
								"adp",
								"com"
							],
							"path": [
								"auth",
								"oauth",
								"v2",
								"token"
							]
						}
					},
					"response": []
				},
				{
					"name": "Workers call",
					"request": {
						"method": "GET",
						"header": [
							{
								"key": "Authorization",
								"value": "Bearer 9a3b3909-5142-4a56-af7b-4dce9a1e2000",
								"type": "text"
							},
							{
								"key": "Prefer",
								"value": "respond-async",
								"type": "text"
							}
						],
						"body": {
							"mode": "raw",
							"raw": ""
						},
						"url": {
							"raw": "https://api.adp.com/hr/v2/workers",
							"protocol": "https",
							"host": [
								"api",
								"adp",
								"com"
							],
							"path": [
								"hr",
								"v2",
								"workers"
							]
						}
					},
					"response": []
				},
				{
					"name": "Workers-async call-process completed",
					"request": {
						"method": "GET",
						"header": [
							{
								"key": "Authorization",
								"value": "Bearer 9a3b3909-5142-4a56-af7b-4dce9a1e2000",
								"type": "text"
							},
							{
								"key": "Prefer",
								"value": "respond-async",
								"type": "text",
								"disabled": true
							}
						],
						"body": {
							"mode": "raw",
							"raw": ""
						},
						"url": {
							"raw": "https://api.adp.com/core/v1/operations/workerInformationManagement/hr.v2.workers/2638868759%5F154?$select=processingStatus",
							"protocol": "https",
							"host": [
								"api",
								"adp",
								"com"
							],
							"path": [
								"core",
								"v1",
								"operations",
								"workerInformationManagement",
								"hr.v2.workers",
								"2638868759%5F154"
							],
							"query": [
								{
									"key": "$select",
									"value": "processingStatus"
								}
							]
						}
					},
					"response": []
				},
				{
					"name": "Workers-async call-total records",
					"request": {
						"method": "GET",
						"header": [
							{
								"key": "Authorization",
								"type": "text",
								"value": "Bearer 9a3b3909-5142-4a56-af7b-4dce9a1e2000"
							},
							{
								"key": "Prefer",
								"type": "text",
								"value": "respond-async",
								"disabled": true
							}
						],
						"body": {
							"mode": "raw",
							"raw": ""
						},
						"url": {
							"raw": "https://api.adp.com/core/v1/operations/workerInformationManagement/hr.v2.workers/2638868759%5F154?$select=processingResult&$filter=resourceSetID%20eq%20Worker%5FAsync%5FG3KSYTXAQH202WRS%5FG58HQBPDP889DQN2%5F2638868759%5F154&$skip=1&$top=338\n",
							"protocol": "https",
							"host": [
								"api",
								"adp",
								"com"
							],
							"path": [
								"core",
								"v1",
								"operations",
								"workerInformationManagement",
								"hr.v2.workers",
								"2638868759%5F154"
							],
							"query": [
								{
									"key": "$select",
									"value": "processingResult"
								},
								{
									"key": "$filter",
									"value": "resourceSetID%20eq%20Worker%5FAsync%5FG3KSYTXAQH202WRS%5FG58HQBPDP889DQN2%5F2638868759%5F154"
								},
								{
									"key": "$skip",
									"value": "1"
								},
								{
									"key": "$top",
									"value": "338\n"
								}
							]
						}
					},
					"response": []
				}
			]
		},
		{
			"name": "Access token",
			"request": {
				"method": "POST",
				"header": [],
				"body": {
					"mode": "urlencoded",
					"urlencoded": [
						{
							"key": "grant_type",
							"value": "client_credentials",
							"type": "text"
						},
						{
							"key": "client_id",
							"value": "paste client_id here",
							"type": "text"
						},
						{
							"key": "client_secret",
							"value": "paste client_secret here",
							"type": "text"
						}
					]
				},
				"url": {
					"raw": "https://iat-api.adp.com/auth/oauth/v2/token",
					"protocol": "https",
					"host": [
						"iat-api",
						"adp",
						"com"
					],
					"path": [
						"auth",
						"oauth",
						"v2",
						"token"
					]
				}
			},
			"response": []
		},
		{
			"name": "Retrieve all workers",
			"request": {
				"method": "GET",
				"header": [
					{
						"key": "Authorization",
						"value": "Bearer 7a631196-79cc-4d47-88d9-aeed7d36f028",
						"type": "text"
					}
				],
				"body": {
					"mode": "raw",
					"raw": ""
				},
				"url": {
					"raw": "https://iat-api.adp.com/hr/v2/workers",
					"protocol": "https",
					"host": [
						"iat-api",
						"adp",
						"com"
					],
					"path": [
						"hr",
						"v2",
						"workers"
					]
				}
			},
			"response": []
		},
		{
			"name": "Retrieve individual worker",
			"request": {
				"method": "GET",
				"header": [
					{
						"key": "Authorization",
						"type": "text",
						"value": "Bearer abef520e-78b6-4bc5-9e10-28cb8fd5305b"
					}
				],
				"body": {
					"mode": "raw",
					"raw": ""
				},
				"url": {
					"raw": "https://iat-api.adp.com/hr/v2/workers/G3CHQPRW483NMFGA",
					"protocol": "https",
					"host": [
						"iat-api",
						"adp",
						"com"
					],
					"path": [
						"hr",
						"v2",
						"workers",
						"G3CHQPRW483NMFGA"
					]
				}
			},
			"response": []
		},
		{
			"name": "Retrieve the worker response using top and Skip parameters",
			"request": {
				"method": "GET",
				"header": [
					{
						"key": "Authorization",
						"type": "text",
						"value": "Bearer abef520e-78b6-4bc5-9e10-28cb8fd5305b"
					}
				],
				"body": {
					"mode": "raw",
					"raw": ""
				},
				"url": {
					"raw": "https://iat-api.adp.com/hr/v2/workers?$top=5&$skip=5",
					"protocol": "https",
					"host": [
						"iat-api",
						"adp",
						"com"
					],
					"path": [
						"hr",
						"v2",
						"workers"
					],
					"query": [
						{
							"key": "$top",
							"value": "5"
						},
						{
							"key": "$skip",
							"value": "5"
						}
					]
				}
			},
			"response": []
		},
		{
			"name": "Retrieve partial masked data for DOB and taxID",
			"request": {
				"method": "GET",
				"header": [
					{
						"key": "Authorization",
						"type": "text",
						"value": "Bearer abef520e-78b6-4bc5-9e10-28cb8fd5305b"
					}
				],
				"body": {
					"mode": "raw",
					"raw": ""
				},
				"url": {
					"raw": "https://iat-api.adp.com/hr/v2/workers",
					"protocol": "https",
					"host": [
						"iat-api",
						"adp",
						"com"
					],
					"path": [
						"hr",
						"v2",
						"workers"
					]
				}
			},
			"response": []
		},
		{
			"name": "Retrieve unmasked data for DOB and taxID",
			"request": {
				"method": "GET",
				"header": [
					{
						"key": "Authorization",
						"type": "text",
						"value": "Bearer abef520e-78b6-4bc5-9e10-28cb8fd5305b"
					},
					{
						"key": "Accept",
						"value": "application/json;masked=false",
						"type": "text"
					}
				],
				"body": {
					"mode": "raw",
					"raw": ""
				},
				"url": {
					"raw": "https://iat-api.adp.com/hr/v2/workers",
					"protocol": "https",
					"host": [
						"iat-api",
						"adp",
						"com"
					],
					"path": [
						"hr",
						"v2",
						"workers"
					]
				}
			},
			"response": []
		},
		{
			"name": "Retrieve fully masked data for Tax ID and Birthdate",
			"request": {
				"method": "GET",
				"header": [
					{
						"key": "Authorization",
						"type": "text",
						"value": "Bearer abef520e-78b6-4bc5-9e10-28cb8fd5305b"
					},
					{
						"key": "Accept",
						"type": "text",
						"value": "application/json;masked=false",
						"disabled": true
					}
				],
				"body": {
					"mode": "raw",
					"raw": ""
				},
				"url": {
					"raw": "https://iat-api.adp.com/hr/v2/workers",
					"protocol": "https",
					"host": [
						"iat-api",
						"adp",
						"com"
					],
					"path": [
						"hr",
						"v2",
						"workers"
					]
				}
			},
			"response": []
		},
		{
			"name": "Retrieve unmasked data using individual AOID",
			"request": {
				"method": "GET",
				"header": [
					{
						"key": "Authorization",
						"type": "text",
						"value": "Bearer abef520e-78b6-4bc5-9e10-28cb8fd5305b"
					},
					{
						"key": "Accept",
						"type": "text",
						"value": "application/json;masked=false"
					}
				],
				"body": {
					"mode": "raw",
					"raw": ""
				},
				"url": {
					"raw": "https://iat-api.adp.com/hr/v2/workers/G3CHQPRW483NMFGA",
					"protocol": "https",
					"host": [
						"iat-api",
						"adp",
						"com"
					],
					"path": [
						"hr",
						"v2",
						"workers",
						"G3CHQPRW483NMFGA"
					]
				}
			},
			"response": []
		},
		{
			"name": "Retrieve the future hired employee details in Workers call",
			"request": {
				"method": "GET",
				"header": [
					{
						"key": "Authorization",
						"type": "text",
						"value": "Bearer 59e5d529-7a7e-4554-9abc-8d313e3ecf90"
					}
				],
				"body": {
					"mode": "raw",
					"raw": ""
				},
				"url": {
					"raw": "https://iat-api.adp.com/hr/v2/workers?$top=50&$skip=150",
					"protocol": "https",
					"host": [
						"iat-api",
						"adp",
						"com"
					],
					"path": [
						"hr",
						"v2",
						"workers"
					],
					"query": [
						{
							"key": "$top",
							"value": "50"
						},
						{
							"key": "$skip",
							"value": "150"
						}
					]
				}
			},
			"response": []
		},
		{
			"name": "Retrieve the future hired employee details when using individual AOID",
			"request": {
				"method": "GET",
				"header": [
					{
						"key": "Authorization",
						"type": "text",
						"value": "Bearer 59e5d529-7a7e-4554-9abc-8d313e3ecf90"
					}
				],
				"body": {
					"mode": "raw",
					"raw": ""
				},
				"url": {
					"raw": "https://iat-api.adp.com/hr/v2/workers/G3R47DSRZK5TRCFJ",
					"protocol": "https",
					"host": [
						"iat-api",
						"adp",
						"com"
					],
					"path": [
						"hr",
						"v2",
						"workers",
						"G3R47DSRZK5TRCFJ"
					]
				}
			},
			"response": []
		},
		{
			"name": "Retrieve the future hired employee with $select=workers/associateOID",
			"request": {
				"method": "GET",
				"header": [
					{
						"key": "Authorization",
						"type": "text",
						"value": "Bearer 59e5d529-7a7e-4554-9abc-8d313e3ecf90"
					}
				],
				"body": {
					"mode": "raw",
					"raw": ""
				},
				"url": {
					"raw": "https://iat-api.adp.com/hr/v2/workers?$top=50&$skip=150&$select=workers/associateOID",
					"protocol": "https",
					"host": [
						"iat-api",
						"adp",
						"com"
					],
					"path": [
						"hr",
						"v2",
						"workers"
					],
					"query": [
						{
							"key": "$top",
							"value": "50"
						},
						{
							"key": "$skip",
							"value": "150"
						},
						{
							"key": "$select",
							"value": "workers/associateOID"
						}
					]
				}
			},
			"response": []
		},
		{
			"name": "Retrieve the Salary information(baseRemuneration details) of future hired employee",
			"request": {
				"method": "GET",
				"header": [
					{
						"key": "Authorization",
						"type": "text",
						"value": "Bearer 59e5d529-7a7e-4554-9abc-8d313e3ecf90"
					}
				],
				"body": {
					"mode": "raw",
					"raw": ""
				},
				"url": {
					"raw": "https://iat-api.adp.com/hr/v2/workers/G3R47DSRZK5TRCFJ",
					"protocol": "https",
					"host": [
						"iat-api",
						"adp",
						"com"
					],
					"path": [
						"hr",
						"v2",
						"workers",
						"G3R47DSRZK5TRCFJ"
					]
				}
			},
			"response": []
		},
		{
			"name": "Retrieve Add Business Unit and Home Cost Number using filter",
			"request": {
				"method": "GET",
				"header": [
					{
						"key": "Authorization",
						"type": "text",
						"value": "Bearer 39ea2159-68ed-4d6a-84d2-1d44c2b12ea6"
					}
				],
				"body": {
					"mode": "raw",
					"raw": ""
				},
				"url": {
					"raw": "https://iat-api.adp.com/hr/v2/workers?$filter=workers/workAssignments/homeOrganizationalUnits/nameCode/codeValue eq '001000' and workers/workAssignments/homeOrganizationalUnits/typeCode/codeValue eq 'Department'",
					"protocol": "https",
					"host": [
						"iat-api",
						"adp",
						"com"
					],
					"path": [
						"hr",
						"v2",
						"workers"
					],
					"query": [
						{
							"key": "$filter",
							"value": "workers/workAssignments/homeOrganizationalUnits/nameCode/codeValue eq '001000' and workers/workAssignments/homeOrganizationalUnits/typeCode/codeValue eq 'Department'"
						}
					]
				}
			},
			"response": []
		},
		{
			"name": "Retrieve the \"workerTimeProfile\" (badgeID,timeAndAttendanceIndicator,timeZoneCode) details",
			"request": {
				"method": "GET",
				"header": [
					{
						"key": "Authorization",
						"type": "text",
						"value": "Bearer 39ea2159-68ed-4d6a-84d2-1d44c2b12ea6"
					}
				],
				"body": {
					"mode": "raw",
					"raw": ""
				},
				"url": {
					"raw": "https://iat-api.adp.com/hr/v2/workers",
					"protocol": "https",
					"host": [
						"iat-api",
						"adp",
						"com"
					],
					"path": [
						"hr",
						"v2",
						"workers"
					]
				}
			},
			"response": []
		},
		{
			"name": "Retrieve the payrollScheduleGroupID for an employee",
			"request": {
				"method": "GET",
				"header": [
					{
						"key": "Authorization",
						"type": "text",
						"value": "Bearer 39ea2159-68ed-4d6a-84d2-1d44c2b12ea6"
					}
				],
				"body": {
					"mode": "raw",
					"raw": ""
				},
				"url": {
					"raw": "https://iat-api.adp.com/hr/v2/workers",
					"protocol": "https",
					"host": [
						"iat-api",
						"adp",
						"com"
					],
					"path": [
						"hr",
						"v2",
						"workers"
					]
				}
			},
			"response": []
		},
		{
			"name": "Retrieve the payrollScheduleGroupID with select",
			"request": {
				"method": "GET",
				"header": [
					{
						"key": "Authorization",
						"type": "text",
						"value": "Bearer 8fb6b88e-6b8a-4fee-8a1b-4a7e0bef1c18"
					}
				],
				"body": {
					"mode": "raw",
					"raw": ""
				},
				"url": {
					"raw": "https://iat-api.adp.com/hr/v2/workers?$select=workers/workAssignments/payrollScheduleGroupID",
					"protocol": "https",
					"host": [
						"iat-api",
						"adp",
						"com"
					],
					"path": [
						"hr",
						"v2",
						"workers"
					],
					"query": [
						{
							"key": "$select",
							"value": "workers/workAssignments/payrollScheduleGroupID"
						}
					]
				}
			},
			"response": []
		},
		{
			"name": "Retrieve the payrollProcessingStatusCode",
			"request": {
				"method": "GET",
				"header": [
					{
						"key": "Authorization",
						"type": "text",
						"value": "Bearer 9f09e683-e6b6-46e4-b57b-6cc352e9cd14"
					}
				],
				"body": {
					"mode": "raw",
					"raw": ""
				},
				"url": {
					"raw": "https://iat-api.adp.com/hr/v2/workers",
					"protocol": "https",
					"host": [
						"iat-api",
						"adp",
						"com"
					],
					"path": [
						"hr",
						"v2",
						"workers"
					]
				}
			},
			"response": []
		},
		{
			"name": "Retrieve the payrollClock and payrollDataControl details",
			"request": {
				"method": "GET",
				"header": [
					{
						"key": "Authorization",
						"type": "text",
						"value": "Bearer 9f09e683-e6b6-46e4-b57b-6cc352e9cd14"
					}
				],
				"body": {
					"mode": "raw",
					"raw": ""
				},
				"url": {
					"raw": "https://iat-api.adp.com/hr/v2/workers",
					"protocol": "https",
					"host": [
						"iat-api",
						"adp",
						"com"
					],
					"path": [
						"hr",
						"v2",
						"workers"
					]
				}
			},
			"response": []
		},
		{
			"name": "Retrieve the NAICS field under industryClassifications",
			"request": {
				"method": "GET",
				"header": [
					{
						"key": "Authorization",
						"type": "text",
						"value": "Bearer 9f09e683-e6b6-46e4-b57b-6cc352e9cd14"
					}
				],
				"body": {
					"mode": "raw",
					"raw": ""
				},
				"url": {
					"raw": "https://iat-api.adp.com/hr/v2/workers",
					"protocol": "https",
					"host": [
						"iat-api",
						"adp",
						"com"
					],
					"path": [
						"hr",
						"v2",
						"workers"
					]
				}
			},
			"response": []
		},
		{
			"name": "Retrieve the FLSA value in full workers response and using individual AOID",
			"request": {
				"method": "GET",
				"header": [
					{
						"key": "Authorization",
						"type": "text",
						"value": "Bearer 9f09e683-e6b6-46e4-b57b-6cc352e9cd14"
					}
				],
				"body": {
					"mode": "raw",
					"raw": ""
				},
				"url": {
					"raw": "https://iat-api.adp.com/hr/v2/workers",
					"protocol": "https",
					"host": [
						"iat-api",
						"adp",
						"com"
					],
					"path": [
						"hr",
						"v2",
						"workers"
					]
				}
			},
			"response": []
		},
		{
			"name": "Retrieve the FLSA value with $select=workers/workAssignments/wageLawCoverage",
			"request": {
				"method": "GET",
				"header": [
					{
						"key": "Authorization",
						"type": "text",
						"value": "Bearer 9f09e683-e6b6-46e4-b57b-6cc352e9cd14"
					}
				],
				"body": {
					"mode": "raw",
					"raw": ""
				},
				"url": {
					"raw": "https://iat-api.adp.com/hr/v2/workers?$select=workers/workAssignments/wageLawCoverage",
					"protocol": "https",
					"host": [
						"iat-api",
						"adp",
						"com"
					],
					"path": [
						"hr",
						"v2",
						"workers"
					],
					"query": [
						{
							"key": "$select",
							"value": "workers/workAssignments/wageLawCoverage"
						}
					]
				}
			},
			"response": []
		},
		{
			"name": "Retrieve the payrollFileNumber",
			"request": {
				"method": "GET",
				"header": [
					{
						"key": "Authorization",
						"type": "text",
						"value": "Bearer 9f09e683-e6b6-46e4-b57b-6cc352e9cd14"
					}
				],
				"body": {
					"mode": "raw",
					"raw": ""
				},
				"url": {
					"raw": "https://iat-api.adp.com/hr/v2/workers",
					"protocol": "https",
					"host": [
						"iat-api",
						"adp",
						"com"
					],
					"path": [
						"hr",
						"v2",
						"workers"
					]
				}
			},
			"response": []
		},
		{
			"name": "Retrieve the payrollFileNumber with $select=workers/workAssignments/payrollFileNumber",
			"request": {
				"method": "GET",
				"header": [
					{
						"key": "Authorization",
						"type": "text",
						"value": "Bearer 9f09e683-e6b6-46e4-b57b-6cc352e9cd14"
					}
				],
				"body": {
					"mode": "raw",
					"raw": ""
				},
				"url": {
					"raw": "https://iat-api.adp.com/hr/v2/workers?$select=workers/workAssignments/payrollFileNumber",
					"protocol": "https",
					"host": [
						"iat-api",
						"adp",
						"com"
					],
					"path": [
						"hr",
						"v2",
						"workers"
					],
					"query": [
						{
							"key": "$select",
							"value": "workers/workAssignments/payrollFileNumber"
						}
					]
				}
			},
			"response": []
		},
		{
			"name": "Retrieve the Mail Stop details(i.e deliverypoint) in Full Workers response and using individual AOID",
			"request": {
				"method": "GET",
				"header": [
					{
						"key": "Authorization",
						"type": "text",
						"value": "Bearer 9f09e683-e6b6-46e4-b57b-6cc352e9cd14"
					}
				],
				"body": {
					"mode": "raw",
					"raw": ""
				},
				"url": {
					"raw": "https://iat-api.adp.com/hr/v2/workers",
					"protocol": "https",
					"host": [
						"iat-api",
						"adp",
						"com"
					],
					"path": [
						"hr",
						"v2",
						"workers"
					]
				}
			},
			"response": []
		},
		{
			"name": "Rettrieve the HomeworkLocation with select",
			"request": {
				"method": "GET",
				"header": [
					{
						"key": "Authorization",
						"type": "text",
						"value": "Bearer 9f09e683-e6b6-46e4-b57b-6cc352e9cd14"
					}
				],
				"body": {
					"mode": "raw",
					"raw": ""
				},
				"url": {
					"raw": "https://iat-api.adp.com/hr/v2/workers?$select=workers/workAssignments/homeWorkLocation",
					"protocol": "https",
					"host": [
						"iat-api",
						"adp",
						"com"
					],
					"path": [
						"hr",
						"v2",
						"workers"
					],
					"query": [
						{
							"key": "$select",
							"value": "workers/workAssignments/homeWorkLocation"
						}
					]
				}
			},
			"response": []
		},
		{
			"name": "Rettrieve the PayCycleCode with select",
			"request": {
				"method": "GET",
				"header": [
					{
						"key": "Authorization",
						"type": "text",
						"value": "Bearer 9f09e683-e6b6-46e4-b57b-6cc352e9cd14"
					}
				],
				"body": {
					"mode": "raw",
					"raw": ""
				},
				"url": {
					"raw": "https://iat-api.adp.com/hr/v2/workers?$select=workers/workAssignments/payCycleCode",
					"protocol": "https",
					"host": [
						"iat-api",
						"adp",
						"com"
					],
					"path": [
						"hr",
						"v2",
						"workers"
					],
					"query": [
						{
							"key": "$select",
							"value": "workers/workAssignments/payCycleCode"
						}
					]
				}
			},
			"response": []
		},
		{
			"name": "Rettrieve the StandardPayPeriodHours with select",
			"request": {
				"method": "GET",
				"header": [
					{
						"key": "Authorization",
						"type": "text",
						"value": "Bearer 9f09e683-e6b6-46e4-b57b-6cc352e9cd14"
					}
				],
				"body": {
					"mode": "raw",
					"raw": ""
				},
				"url": {
					"raw": "https://iat-api.adp.com/hr/v2/workers?$select=workers/workAssignments/standardPayPeriodHours",
					"protocol": "https",
					"host": [
						"iat-api",
						"adp",
						"com"
					],
					"path": [
						"hr",
						"v2",
						"workers"
					],
					"query": [
						{
							"key": "$select",
							"value": "workers/workAssignments/standardPayPeriodHours"
						}
					]
				}
			},
			"response": []
		},
		{
			"name": "Rettrieve the customFieldGroup with select",
			"request": {
				"method": "GET",
				"header": [
					{
						"key": "Authorization",
						"type": "text",
						"value": "Bearer 9f09e683-e6b6-46e4-b57b-6cc352e9cd14"
					}
				],
				"body": {
					"mode": "raw",
					"raw": ""
				},
				"url": {
					"raw": "https://iat-api.adp.com/hr/v2/workers?$select=workers/customFieldGroup",
					"protocol": "https",
					"host": [
						"iat-api",
						"adp",
						"com"
					],
					"path": [
						"hr",
						"v2",
						"workers"
					],
					"query": [
						{
							"key": "$select",
							"value": "workers/customFieldGroup"
						}
					]
				}
			},
			"response": []
		},
		{
			"name": "Rettrieve the photos with select",
			"request": {
				"method": "GET",
				"header": [
					{
						"key": "Authorization",
						"type": "text",
						"value": "Bearer 9f09e683-e6b6-46e4-b57b-6cc352e9cd14"
					}
				],
				"body": {
					"mode": "raw",
					"raw": ""
				},
				"url": {
					"raw": "https://iat-api.adp.com/hr/v2/workers?$select=workers/photos",
					"protocol": "https",
					"host": [
						"iat-api",
						"adp",
						"com"
					],
					"path": [
						"hr",
						"v2",
						"workers"
					],
					"query": [
						{
							"key": "$select",
							"value": "workers/photos"
						}
					]
				}
			},
			"response": []
		},
		{
			"name": "Rettrieve the baseRemuneration with select",
			"request": {
				"method": "GET",
				"header": [
					{
						"key": "Authorization",
						"type": "text",
						"value": "Bearer 9f09e683-e6b6-46e4-b57b-6cc352e9cd14"
					}
				],
				"body": {
					"mode": "raw",
					"raw": ""
				},
				"url": {
					"raw": "https://iat-api.adp.com/hr/v2/workers?$select=workers/workAssignments/baseRemuneration",
					"protocol": "https",
					"host": [
						"iat-api",
						"adp",
						"com"
					],
					"path": [
						"hr",
						"v2",
						"workers"
					],
					"query": [
						{
							"key": "$select",
							"value": "workers/workAssignments/baseRemuneration"
						}
					]
				}
			},
			"response": []
		},
		{
			"name": "Retrieve the reason codes for an employee who is on Leave",
			"request": {
				"method": "GET",
				"header": [
					{
						"key": "Authorization",
						"type": "text",
						"value": "Bearer 9f09e683-e6b6-46e4-b57b-6cc352e9cd14"
					}
				],
				"body": {
					"mode": "raw",
					"raw": ""
				},
				"url": {
					"raw": "https://iat-api.adp.com/hr/v2/workers",
					"protocol": "https",
					"host": [
						"iat-api",
						"adp",
						"com"
					],
					"path": [
						"hr",
						"v2",
						"workers"
					]
				}
			},
			"response": []
		},
		{
			"name": "Retrieve the reason code for an employee who is Rehired",
			"request": {
				"method": "GET",
				"header": [
					{
						"key": "Authorization",
						"type": "text",
						"value": "Bearer 9f09e683-e6b6-46e4-b57b-6cc352e9cd14"
					}
				],
				"body": {
					"mode": "raw",
					"raw": ""
				},
				"url": {
					"raw": "https://iat-api.adp.com/hr/v2/workers",
					"protocol": "https",
					"host": [
						"iat-api",
						"adp",
						"com"
					],
					"path": [
						"hr",
						"v2",
						"workers"
					]
				}
			},
			"response": []
		}
	]
}