{
	"info": {
		"_postman_id": "c1e22c9a-d120-4af5-8f3b-7135a2f988b2",
		"name": "RUN_Workers-Events_IAT GITHUB-B2B",
		"schema": "https://schema.getpostman.com/json/collection/v2.1.0/collection.json"
	},
	"item": [
		{
			"name": "RUN_Events",
			"item": [
				{
					"name": "Access token",
					"request": {
						"method": "POST",
						"header": [
							{
								"key": "Content-Type",
								"value": "application/x-www-form-urlencoded"
							}
						],
						"body": {
							"mode": "urlencoded",
							"urlencoded": [
								{
									"key": "grant_type",
									"value": "client_credentials",
									"type": "text"
								},
								{
									"key": "client_id",
									"value": "Your client ID here",
									"type": "text"
								},
								{
									"key": "client_secret",
									"value": "Your Client Secret here",
									"type": "text"
								}
							]
						},
						"url": {
							"raw": "https://iat-api.adp.com/auth/oauth/v2/token",
							"protocol": "https",
							"host": [
								"iat-api",
								"adp",
								"com"
							],
							"path": [
								"auth",
								"oauth",
								"v2",
								"token"
							]
						}
					},
					"response": []
				},
				{
					"name": "worker.personal-communication.email.add",
					"request": {
						"method": "POST",
						"header": [
							{
								"key": "Authorization",
								"value": "Bearer 5d143c55-8a1a-4b87-bbca-398e0a836692"
							},
							{
								"key": "Content-Type",
								"value": "application/json"
							}
						],
						"body": {
							"mode": "raw",
							"raw": "{\r\n    \"events\": [{\r\n        \"data\": {\r\n            \"eventContext\": {\r\n                \"worker\": {\r\n                    \"associateOID\": \"G31NEXME9GRMVYS6\"\r\n                }\r\n            },\r\n            \"transform\": {\r\n                \"worker\": {\r\n                    \"person\": {\r\n                        \"communication\": {\r\n                            \"email\": {\r\n                                \"emailUri\": \"testpersonalemail32@gmail.com\",\r\n                                \"nameCode\": {\r\n                                    \"codeValue\": \"Personal\",\"shortName\":null,\"longName\":null\r\n                                },\r\n                                \"itemID\":\"0\"\r\n                            }\r\n                        }\r\n                    }\r\n                }\r\n            }\r\n        },\r\n        \"actor\": {\r\n            \"associateOID\": \"G54ASJH51YG320KN\"\r\n        },\r\n        \"serviceCategoryCode\": {\r\n            \"codeValue\": \"workerInformationManagement\"\r\n        },\r\n        \"eventNameCode\": {\r\n            \"codeValue\": \"worker.personalCommunication.email.add\"\r\n        }\r\n    }]\r\n}"
						},
						"url": {
							"raw": "https://iat-api.adp.com/events/hr/v1/worker.personal-communication.email.add",
							"protocol": "https",
							"host": [
								"iat-api",
								"adp",
								"com"
							],
							"path": [
								"events",
								"hr",
								"v1",
								"worker.personal-communication.email.add"
							]
						}
					},
					"response": []
				},
				{
					"name": "worker.legalName.change",
					"request": {
						"method": "POST",
						"header": [
							{
								"key": "Authorization",
								"value": "Bearer f9b17857-5182-4073-ad64-477d5e12104d"
							},
							{
								"key": "Content-Type",
								"value": "application/json"
							}
						],
						"body": {
							"mode": "raw",
							"raw": "{  \n  \"events\":[  \n    {  \n      \"serviceCategoryCode\":{  \n        \"codeValue\":\"workerInformationManagement\"\n      },\n      \"eventNameCode\":{  \n        \"codeValue\":\"worker.legalName.change\"\n      },\n      \"actor\": {\n        \"associateOID\": \"G54ASJH51YG320KN\"\n      },\n      \"data\":{  \n        \"eventContext\":{  \n          \"worker\":{  \n            \"associateOID\":\"G3NEA032M02RDNWJ\"\n          }\n        },\n        \"transform\":{  \n\t\t\t\t \"eventStatusCode\": { \n\t\t\t\t\t\t\"codeValue\" : \"submit\"\n\t\t\t\t\t},\n          \"effectiveDateTime\":\"2019-06-17T00:00:00Z\",\n          \"worker\":{  \n            \"person\":{  \n              \"legalName\":{  \n                \"givenName\":\"employee\",\n                \"familyName1\":\"DD\",\n                \"formattedName\":\"DD Emp1\"\n              }\n            }\n          }\n        }\n      }\n    }\n  ]\n}"
						},
						"url": {
							"raw": "https://iat-api.adp.com/events/hr/v1/worker.legal-name.change",
							"protocol": "https",
							"host": [
								"iat-api",
								"adp",
								"com"
							],
							"path": [
								"events",
								"hr",
								"v1",
								"worker.legal-name.change"
							]
						}
					},
					"response": []
				},
				{
					"name": "worker.preferred-name.change",
					"request": {
						"method": "POST",
						"header": [
							{
								"key": "Authorization",
								"value": "Bearer 13ffe2d6-9b9c-4a4d-b02b-b46077096533"
							},
							{
								"key": "Content-Type",
								"value": "application/json"
							}
						],
						"body": {
							"mode": "raw",
							"raw": "{\n    \"events\": [\n        {\n            \"data\": {\n                \"eventContext\": {\n                    \"worker\": {\n                        \"associateOID\": \"G3NEA032M02RDNWJ\"\n                    }\n                },\n                \"transform\": {\n                    \"worker\": {\n                        \"person\": {\n                            \"preferredName\": {\n                                \"formattedName\": \"Emp DD test\"\n                            }\n                        }\n                    }\n                }\n            },\n            \"actor\": {\n                \"associateOID\": \"G54ASJH51YG320KN\"\n            },\n            \"serviceCategoryCode\": {\n                \"codeValue\": \"workerInformationManagement\"\n            },\n            \"eventNameCode\": {\n                \"codeValue\": \"worker.preferred-name.change\"\n            }\n        }\n    ]\n}"
						},
						"url": {
							"raw": "https://iat-api.adp.com/events/hr/v1/worker.preferred-name.change",
							"protocol": "https",
							"host": [
								"iat-api",
								"adp",
								"com"
							],
							"path": [
								"events",
								"hr",
								"v1",
								"worker.preferred-name.change"
							]
						}
					},
					"response": []
				},
				{
					"name": "worker.former-name.change",
					"request": {
						"method": "POST",
						"header": [
							{
								"key": "Authorization",
								"value": "Bearer 72ffb874-c88e-4aa2-91ce-0e06206a8f71"
							},
							{
								"key": "Content-Type",
								"value": "application/json"
							}
						],
						"body": {
							"mode": "raw",
							"raw": "{\n  \"events\": [{\n    \"data\": {\n      \"eventContext\": {\n        \"worker\": {\n          \"associateOID\": \"G3NEA032M02RDNWJ\"\n        }\n      },\n      \"transform\": {\n        \"worker\": {\n          \"person\": {\n                            \"formerName\": {\n                                \"formattedName\": \"testName\"\n                            }\n                        }\n        }\n      }\n    },\n    \"actor\": {\n      \"associateOID\": \"G54ASJH51YG320KN\"\n    },\n    \"serviceCategoryCode\": {\n      \"codeValue\": \"workerInformationManagement\"\n    },\n    \"eventNameCode\": {\n      \"codeValue\": \"worker.former-name.change\"\n    }\n  }]\n}"
						},
						"url": {
							"raw": "https://iat-api.adp.com/events/hr/v1/worker.former-name.change",
							"protocol": "https",
							"host": [
								"iat-api",
								"adp",
								"com"
							],
							"path": [
								"events",
								"hr",
								"v1",
								"worker.former-name.change"
							]
						}
					},
					"response": []
				},
				{
					"name": "/worker.legal-address.change",
					"request": {
						"method": "POST",
						"header": [
							{
								"key": "Authorization",
								"value": "Bearer 72ffb874-c88e-4aa2-91ce-0e06206a8f71"
							},
							{
								"key": "Content-Type",
								"value": "application/json"
							}
						],
						"body": {
							"mode": "raw",
							"raw": "{\n    \"events\": [\n        {\n            \"data\": {\n                \"transform\": {\n                    \"worker\": {\n                        \"person\": {\n                            \"legalAddress\": {\n                                \"lineOne\": \"123\",\n                                \"lineTwo\": \"Easy Street\",\n                                \"cityName\": \"SomeCityUs\",\n                                \"countryCode\": \"US\",\n                                \"countrySubdivisionLevel1\": {\n                                    \"codeValue\": \"NJ\",\n                                    \"subdivisionType\": \"state\"\n                                },\n                                \"postalCode\": \"33133\"\n                            }\n                        }\n                    }\n                },\n                \"eventContext\": { \"worker\": { \"associateOID\": \"G3E06XVKBAN4TXBE\" } }\n            },\n            \"actor\": { \"associateOID\": \"G54ASJH51YG320KN\" },\n            \"serviceCategoryCode\": { \"codeValue\": \"workerInformationManagement\" },\n            \"eventNameCode\": { \"codeValue\": \"worker.legalAddress.change\" }\n        }\n    ]\n}"
						},
						"url": {
							"raw": "https://iat-api.adp.com/events/hr/v1/worker.legal-address.change",
							"protocol": "https",
							"host": [
								"iat-api",
								"adp",
								"com"
							],
							"path": [
								"events",
								"hr",
								"v1",
								"worker.legal-address.change"
							]
						}
					},
					"response": []
				},
				{
					"name": "worker.personal-communication.landline.add",
					"request": {
						"method": "POST",
						"header": [
							{
								"key": "Authorization",
								"value": "Bearer d0a3f9ba-ee81-4709-a4aa-7445626c284e"
							},
							{
								"key": "Content-Type",
								"value": "application/json"
							}
						],
						"body": {
							"mode": "raw",
							"raw": "{\n    \"events\": [\n        {\n            \"data\": {\n                \"eventContext\": { \"worker\": { \"associateOID\": \"G3NEA032M02RDNWJ\" } },\n                \"transform\": {\n                    \"worker\": {\n                        \"person\": {\n                            \"communication\": {\n                                \"landline\": {\n                                    \"countryDialing\": \"1\",\n                                    \"dialNumber\": \"5128985859\",\n                                    \"formattedNumber\": \"(512) 898-5859\"\n                                }\n                            }\n                        }\n                    }\n                }\n            },\n            \"actor\": { \"associateOID\": \"G54ASJH51YG320KN\" },\n            \"serviceCategoryCode\": { \"codeValue\": \"workerInformationManagement\" },\n            \"eventNameCode\": { \"codeValue\": \"worker.personalCommunication.landline.add\" }\n        }\n    ]\n}"
						},
						"url": {
							"raw": "https://iat-api.adp.com/events/hr/v1/worker.personal-communication.landline.add",
							"protocol": "https",
							"host": [
								"iat-api",
								"adp",
								"com"
							],
							"path": [
								"events",
								"hr",
								"v1",
								"worker.personal-communication.landline.add"
							]
						}
					},
					"response": []
				},
				{
					"name": "worker.personal-communication.landline.change",
					"request": {
						"method": "POST",
						"header": [
							{
								"key": "Authorization",
								"value": "Bearer fa24ebdf-2cbf-4423-bbb0-ff70136c4aee"
							},
							{
								"key": "Content-Type",
								"value": "application/json"
							}
						],
						"body": {
							"mode": "raw",
							"raw": "{\n    \"events\": [\n        {\n            \"data\": {\n                \"transform\": {\n                    \"worker\": {\n                        \"person\": {\n                            \"communication\": {\n                                \"landline\": {\n                                    \"countryDialing\": \"1\",\n                                    \"dialNumber\": \"2105555556\",\n                                    \"formattedNumber\": \"(210) 555-5556\"\n                                }\n                            }\n                        }\n                    }\n                },\n                \"eventContext\": { \"worker\": { \"associateOID\": \"G3NEA032M02RDNWJ\" } }\n            },\n            \"actor\": { \"associateOID\": \"G54ASJH51YG320KN\" },\n            \"serviceCategoryCode\": { \"codeValue\": \"workerInformationManagement\" },\n            \"eventNameCode\": { \"codeValue\": \"worker.personalCommunication.landline.change\" }\n        }\n    ]\n}\n"
						},
						"url": {
							"raw": "https://iat-api.adp.com/events/hr/v1/worker.personal-communication.landline.change",
							"protocol": "https",
							"host": [
								"iat-api",
								"adp",
								"com"
							],
							"path": [
								"events",
								"hr",
								"v1",
								"worker.personal-communication.landline.change"
							]
						}
					},
					"response": []
				},
				{
					"name": "worker.personal-communication.landline.remove",
					"request": {
						"method": "POST",
						"header": [
							{
								"key": "Authorization",
								"value": "Bearer d0a3f9ba-ee81-4709-a4aa-7445626c284e"
							},
							{
								"key": "Content-Type",
								"value": "application/json"
							}
						],
						"body": {
							"mode": "raw",
							"raw": "{\n    \"events\": [\n        {\n            \"data\": {\n                \"transform\": {\n                    \"worker\": {\n                        \"person\": {\n                            \"communication\": {\n                                \"landline\": {\n                                    \"countryDialing\": \"\",\n                                    \"dialNumber\": \"\",\n                                    \"formattedNumber\": \"\"\n                                }\n                            }\n                        }\n                    }\n                },\n                \"eventContext\": {\n                    \"worker\": {\n                        \"associateOID\": \"G3NEA032M02RDNWJ\"\n                    }\n                }\n            },\n            \"actor\": {\n                \"associateOID\": \"G54ASJH51YG320KN\"\n            },\n            \"serviceCategoryCode\": {\n                \"codeValue\": \"workerInformationManagement\"\n            },\n            \"eventNameCode\": {\n                \"codeValue\": \"worker.personalCommunication.landline.remove\"\n            }\n        }\n    ]\n}"
						},
						"url": {
							"raw": "https://iat-api.adp.com/events/hr/v1/worker.personal-communication.landline.remove",
							"protocol": "https",
							"host": [
								"iat-api",
								"adp",
								"com"
							],
							"path": [
								"events",
								"hr",
								"v1",
								"worker.personal-communication.landline.remove"
							]
						}
					},
					"response": []
				},
				{
					"name": "worker.personal-communication.mobile.add",
					"request": {
						"method": "POST",
						"header": [
							{
								"key": "Authorization",
								"value": "Bearer 718b1a3f-883c-4e5a-9bb9-4dde37c309f1"
							},
							{
								"key": "Content-Type",
								"value": "application/json"
							}
						],
						"body": {
							"mode": "raw",
							"raw": "{\n    \"events\": [{\n        \"data\": {\n            \"transform\": {\n                \"worker\": {\n                    \"person\": {\n                        \"communication\": {\n                            \"mobile\": {\n                                \"nameCode\": {\n                                    \"codeValue\": \"CEL1\"\n                                },\n                                \"formattedNumber\": \"(201) 444-4555\"\n                            }\n                        }\n                    }\n                }\n            },\n            \"eventContext\": {\n                \"worker\": {\n                    \"associateOID\": \"G3NEA032M02RDNWJ\"\n                }\n            }\n        },\n        \"actor\": {\n            \"associateOID\": \"G54ASJH51YG320KN\"\n        },\n        \"serviceCategoryCode\": {\n            \"codeValue\": \"workerInformationManagement\"\n        },\n        \"eventNameCode\": {\n            \"codeValue\": \"worker.personalCommunication.mobile.add\"\n        }\n    }]\n}"
						},
						"url": {
							"raw": "https://iat-api.adp.com/events/hr/v1/worker.personal-communication.mobile.add",
							"protocol": "https",
							"host": [
								"iat-api",
								"adp",
								"com"
							],
							"path": [
								"events",
								"hr",
								"v1",
								"worker.personal-communication.mobile.add"
							]
						}
					},
					"response": []
				},
				{
					"name": "worker.personal-communication.mobile.change",
					"request": {
						"method": "POST",
						"header": [
							{
								"key": "Authorization",
								"value": "Bearer 718b1a3f-883c-4e5a-9bb9-4dde37c309f1"
							},
							{
								"key": "Content-Type",
								"value": "application/json"
							}
						],
						"body": {
							"mode": "raw",
							"raw": "{\n    \"events\": [\n        {\n            \"data\": {\n                \"transform\": {\n                    \"worker\": {\n                        \"person\": {\n                            \"communication\": {\n                                \"mobile\": {\n                                    \"countryDialing\": \"1\",\n                                    \"dialNumber\": \"0987654321\",\n                                    \"formattedNumber\": \"(512) 898-5859\"\n                                }\n                            }\n                        }\n                    }\n                },\n                \"eventContext\": {\n                    \"worker\": {\n                        \"associateOID\": \"G3NEA032M02RDNWJ\"\n                    }\n                }\n            },\n            \"actor\": {\n                \"associateOID\": \"G54ASJH51YG320KN\"\n            },\n            \"serviceCategoryCode\": {\n                \"codeValue\": \"workerInformationManagement\"\n            },\n            \"eventNameCode\": {\n                \"codeValue\": \"worker.personalCommunication.mobile.change\"\n            }\n        }\n    ]\n}"
						},
						"url": {
							"raw": "https://iat-api.adp.com/events/hr/v1/worker.personal-communication.mobile.change",
							"protocol": "https",
							"host": [
								"iat-api",
								"adp",
								"com"
							],
							"path": [
								"events",
								"hr",
								"v1",
								"worker.personal-communication.mobile.change"
							]
						}
					},
					"response": []
				},
				{
					"name": "worker.personal-communication.mobile.remove",
					"request": {
						"method": "POST",
						"header": [
							{
								"key": "Authorization",
								"value": "Bearer 718b1a3f-883c-4e5a-9bb9-4dde37c309f1"
							},
							{
								"key": "Content-Type",
								"value": "application/json"
							}
						],
						"body": {
							"mode": "raw",
							"raw": "{\n    \"events\": [\n        {\n            \"data\": {\n                \"transform\": {\n                    \"worker\": {\n                        \"person\": {\n                            \"communication\": {\n                                \"mobile\": {\n                                    \"countryDialing\": \"1\",\n                                    \"dialNumber\": \"0987654321\",\n                                    \"formattedNumber\": \"(512) 898-5859\"\n                                }\n                            }\n                        }\n                    }\n                },\n                \"eventContext\": {\n                    \"worker\": {\n                        \"associateOID\": \"G3NEA032M02RDNWJ\"\n                    }\n                }\n            },\n            \"actor\": {\n                \"associateOID\": \"G54ASJH51YG320KN\"\n            },\n            \"serviceCategoryCode\": {\n                \"codeValue\": \"workerInformationManagement\"\n            },\n            \"eventNameCode\": {\n                \"codeValue\": \"worker.personalCommunication.mobile.remove\"\n            }\n        }\n    ]\n}"
						},
						"url": {
							"raw": "https://iat-api.adp.com/events/hr/v1/worker.personal-communication.mobile.remove",
							"protocol": "https",
							"host": [
								"iat-api",
								"adp",
								"com"
							],
							"path": [
								"events",
								"hr",
								"v1",
								"worker.personal-communication.mobile.remove"
							]
						}
					},
					"response": []
				},
				{
					"name": "worker.personal-communication.email.change",
					"request": {
						"method": "POST",
						"header": [
							{
								"key": "Authorization",
								"value": "Bearer 346dec82-d4d0-4c0f-9093-d19f789ec1bb"
							},
							{
								"key": "Content-Type",
								"value": "application/json"
							}
						],
						"body": {
							"mode": "raw",
							"raw": "{\r\n    \"events\": [{\r\n        \"data\": {\r\n            \"eventContext\": {\r\n                \"worker\": {\r\n                    \"associateOID\": \"G3NEA032M02RDNWJ\"\r\n                }\r\n            },\r\n            \"transform\": {\r\n                \"worker\": {\r\n                    \"person\": {\r\n                        \"communication\": {\r\n                            \"email\": {\r\n                                \"emailUri\": \"testchangepersonalemail22@adp.com\",\r\n                                \"nameCode\": {\r\n                                    \"codeValue\": \"Personal\",\"shortName\":null,\"longName\":null\r\n                                },\r\n                                \"itemID\":\"0\"\r\n                            }\r\n                        }\r\n                    }\r\n                }\r\n            }\r\n        },\r\n        \"actor\": {\r\n            \"associateOID\": \"G54ASJH51YG320KN\"\r\n        },\r\n        \"serviceCategoryCode\": {\r\n            \"codeValue\": \"workerInformationManagement\"\r\n        },\r\n        \"eventNameCode\": {\r\n            \"codeValue\": \"worker.personalCommunication.email.change\"\r\n        }\r\n    }]\r\n}"
						},
						"url": {
							"raw": "https://iat-api.adp.com/events/hr/v1/worker.personal-communication.email.change",
							"protocol": "https",
							"host": [
								"iat-api",
								"adp",
								"com"
							],
							"path": [
								"events",
								"hr",
								"v1",
								"worker.personal-communication.email.change"
							]
						}
					},
					"response": []
				},
				{
					"name": "worker.personal-communication.email.remove",
					"request": {
						"method": "POST",
						"header": [
							{
								"key": "Authorization",
								"value": "Bearer c5968207-afa4-4e01-8906-ffb7a98ffe7c"
							},
							{
								"key": "Content-Type",
								"value": "application/json"
							}
						],
						"body": {
							"mode": "raw",
							"raw": "{\n    \"events\": [\n        {\n            \"data\": {\n                \"eventContext\": {\n                    \"worker\": {\n                        \"associateOID\": \"G3NEA032M02RDNWJ\"\n                    }\n                },\n                \"transform\": {\n                    \"worker\": {\n                        \"person\": {\n                            \"communication\": {\n                                \"email\": {\n                                    \"emailUri\": \"testchangepersonalemail22@adp.com\"\n                                }\n                            }\n                        }\n                    }\n                }\n            },\n            \"actor\": {\n                \"associateOID\": \"G54ASJH51YG320KN\"\n            },\n            \"serviceCategoryCode\": {\n                \"codeValue\": \"workerInformationManagement\"\n            },\n            \"eventNameCode\": {\n                \"codeValue\": \"worker.personalCommunication.email.remove\"\n            }\n        }\n    ]\n}\n"
						},
						"url": {
							"raw": "https://iat-api.adp.com/events/hr/v1/worker.personal-communication.email.remove",
							"protocol": "https",
							"host": [
								"iat-api",
								"adp",
								"com"
							],
							"path": [
								"events",
								"hr",
								"v1",
								"worker.personal-communication.email.remove"
							]
						}
					},
					"response": []
				},
				{
					"name": "worker.personal-communication.email.add",
					"request": {
						"method": "POST",
						"header": [
							{
								"key": "Authorization",
								"value": "Bearer 346dec82-d4d0-4c0f-9093-d19f789ec1bb"
							},
							{
								"key": "Content-Type",
								"value": "application/json"
							}
						],
						"body": {
							"mode": "raw",
							"raw": "{\n    \"events\": [{\n        \"data\": {\n            \"eventContext\": {\n                \"worker\": {\n                    \"associateOID\": \"G3NEA032M02RDNWJ\"\n                }\n            },\n            \"transform\": {\n                \"worker\": {\n                    \"person\": {\n                        \"communication\": {\n                            \"email\": {\n                                \"emailUri\": \"testpersonalemail@gmail.com\",\n                                \"nameCode\": {\n                                    \"codeValue\": \"Personal\",\"shortName\":null,\"longName\":null\n                                },\n                                \"itemID\":\"0\"\n                            }\n                        }\n                    }\n                }\n            }\n        },\n        \"actor\": {\n            \"associateOID\": \"G54ASJH51YG320KN\"\n        },\n        \"serviceCategoryCode\": {\n            \"codeValue\": \"workerInformationManagement\"\n        },\n        \"eventNameCode\": {\n            \"codeValue\": \"worker.personalCommunication.email.add\"\n        }\n    }]\n}"
						},
						"url": {
							"raw": "https://iat-api.adp.com/events/hr/v1/worker.personal-communication.email.add",
							"protocol": "https",
							"host": [
								"iat-api",
								"adp",
								"com"
							],
							"path": [
								"events",
								"hr",
								"v1",
								"worker.personal-communication.email.add"
							]
						}
					},
					"response": []
				},
				{
					"name": "worker.birth-date.change",
					"request": {
						"method": "POST",
						"header": [
							{
								"key": "Content-Type",
								"value": "application/json"
							},
							{
								"key": "Authorization",
								"value": "Bearer d8a39dfd-e1c7-41c2-898a-7af85a8e7c31"
							}
						],
						"body": {
							"mode": "raw",
							"raw": "{\r\n    \"events\": [\r\n        {\r\n            \"data\": {\r\n                \"transform\": { \"worker\": { \"person\": { \"birthDate\": \"1990-01-10\" } } },\r\n                \"eventContext\": { \"worker\": { \"associateOID\": \"G3E06XVKBAN4TXBE\" } }\r\n            },\r\n            \"actor\": { \"associateOID\": \"G54ASJH51YG320KN\" },\r\n            \"serviceCategoryCode\": { \"codeValue\": \"workerInformationManagement\" },\r\n            \"eventNameCode\": { \"codeValue\": \"worker.birthdate.change\" }\r\n        }\r\n    ]\r\n}"
						},
						"url": {
							"raw": "https://iat-api.adp.com/events/hr/v1/worker.birth-date.change",
							"protocol": "https",
							"host": [
								"iat-api",
								"adp",
								"com"
							],
							"path": [
								"events",
								"hr",
								"v1",
								"worker.birth-date.change"
							]
						}
					},
					"response": []
				},
				{
					"name": "worker.business-communication.landline.add",
					"request": {
						"method": "POST",
						"header": [
							{
								"key": "Content-Type",
								"value": "application/json"
							},
							{
								"key": "Authorization",
								"value": "Bearer c5968207-afa4-4e01-8906-ffb7a98ffe7c"
							}
						],
						"body": {
							"mode": "raw",
							"raw": "{\r\n  \"events\": [{\r\n    \"data\": {\r\n      \"eventContext\": {\r\n        \"worker\": {\r\n          \"associateOID\": \"G3NEA032M02RDNWJ\"\r\n        }\r\n      },\r\n      \"transform\": {\r\n        \"worker\": {\r\n          \"businessCommunication\": {\r\n            \"landline\": {\r\n              \"dialNumber\": \"1234512345\",\r\n              \"extension\": \"1632\"\r\n            }\r\n          }\r\n        }\r\n      }\r\n    },\r\n    \"actor\": {\r\n      \"associateOID\": \"G54ASJH51YG320KN\"\r\n    },\r\n    \"serviceCategoryCode\": {\r\n      \"codeValue\": \"workerInformationManagement\"\r\n    },\r\n    \"eventNameCode\": {\r\n      \"codeValue\": \"worker.business-Communication.landline.add\"\r\n    }\r\n  }]\r\n}"
						},
						"url": {
							"raw": "https://iat-api.adp.com/events/hr/v1/worker.business-communication.landline.add",
							"protocol": "https",
							"host": [
								"iat-api",
								"adp",
								"com"
							],
							"path": [
								"events",
								"hr",
								"v1",
								"worker.business-communication.landline.add"
							]
						}
					},
					"response": []
				},
				{
					"name": "worker.business-communication.landline.change",
					"request": {
						"method": "POST",
						"header": [
							{
								"key": "Content-Type",
								"value": "application/json"
							},
							{
								"key": "Authorization",
								"value": "Bearer 13ffe2d6-9b9c-4a4d-b02b-b46077096533"
							}
						],
						"body": {
							"mode": "raw",
							"raw": "{\r\n  \"events\": [{\r\n    \"data\": {\r\n      \"eventContext\": {\r\n        \"worker\": {\r\n          \"associateOID\": \"G3NEA032M02RDNWJ\"\r\n        }\r\n      },\r\n      \"transform\": {\r\n        \"worker\": {\r\n          \"businessCommunication\": {\r\n            \"landline\": {\r\n              \"dialNumber\": \"1234519999\",\r\n              \"extension\": \"1652\"\r\n            }\r\n          }\r\n        }\r\n      }\r\n    },\r\n    \"actor\": {\r\n      \"associateOID\": \"G54ASJH51YG320KN\"\r\n    },\r\n    \"serviceCategoryCode\": {\r\n      \"codeValue\": \"workerInformationManagement\"\r\n    },\r\n    \"eventNameCode\": {\r\n      \"codeValue\": \"worker.business-Communication.landline.change\"\r\n    }\r\n  }]\r\n}"
						},
						"url": {
							"raw": "https://iat-api.adp.com/events/hr/v1/worker.business-communication.landline.change",
							"protocol": "https",
							"host": [
								"iat-api",
								"adp",
								"com"
							],
							"path": [
								"events",
								"hr",
								"v1",
								"worker.business-communication.landline.change"
							]
						}
					},
					"response": []
				},
				{
					"name": "worker.business-communication.landline.remove",
					"request": {
						"method": "POST",
						"header": [
							{
								"key": "Content-Type",
								"value": "application/json"
							},
							{
								"key": "Authorization",
								"value": "Bearer c5968207-afa4-4e01-8906-ffb7a98ffe7c"
							}
						],
						"body": {
							"mode": "raw",
							"raw": "{\r\n  \"events\": [{\r\n    \"data\": {\r\n      \"eventContext\": {\r\n        \"worker\": {\r\n          \"associateOID\": \"G3NEA032M02RDNWJ\"\r\n        }\r\n      },\r\n      \"transform\": {\r\n        \"worker\": {\r\n          \"businessCommunication\": {\r\n            \"landline\": {\r\n              \"dialNumber\": \"1234512345\",\r\n              \"extension\": \"1653\"\r\n            }\r\n          }\r\n        }\r\n      }\r\n    },\r\n    \"actor\": {\r\n      \"associateOID\": \"G54ASJH51YG320KN\"\r\n    },\r\n    \"serviceCategoryCode\": {\r\n      \"codeValue\": \"workerInformationManagement\"\r\n    },\r\n    \"eventNameCode\": {\r\n      \"codeValue\": \"worker.business-Communication.landline.remove\"\r\n    }\r\n  }]\r\n}"
						},
						"url": {
							"raw": "https://iat-api.adp.com/events/hr/v1/worker.business-communication.landline.remove",
							"protocol": "https",
							"host": [
								"iat-api",
								"adp",
								"com"
							],
							"path": [
								"events",
								"hr",
								"v1",
								"worker.business-communication.landline.remove"
							]
						}
					},
					"response": []
				},
				{
					"name": "worker.business-communication.email.add",
					"request": {
						"method": "POST",
						"header": [
							{
								"key": "Content-Type",
								"value": "application/json"
							},
							{
								"key": "Authorization",
								"value": "Bearer c5968207-afa4-4e01-8906-ffb7a98ffe7c"
							}
						],
						"body": {
							"mode": "raw",
							"raw": "{\n  \"events\": [{\n    \"data\": {\n      \"eventContext\": {\n        \"worker\": {\n          \"associateOID\": \"G3NEA032M02RDNWJ\"\n        }\n      },\n      \"transform\": {\n        \"worker\": {\n          \"businessCommunication\": {\n            \"email\": {\n              \"emailUri\": \"testemail@adp.com\"\n            }\n          }\n        }\n      }\n    },\n    \"actor\": {\n      \"associateOID\": \"G54ASJH51YG320KN\"\n    },\n    \"serviceCategoryCode\": {\n      \"codeValue\": \"workerInformationManagement\"\n    },\n    \"eventNameCode\": {\n      \"codeValue\": \"worker.business-communication.email.add\"\n    }\n  }]\n}"
						},
						"url": {
							"raw": "https://iat-api.adp.com/events/hr/v1/worker.business-communication.email.add",
							"protocol": "https",
							"host": [
								"iat-api",
								"adp",
								"com"
							],
							"path": [
								"events",
								"hr",
								"v1",
								"worker.business-communication.email.add"
							]
						}
					},
					"response": []
				},
				{
					"name": "worker.business-communication.email.change",
					"request": {
						"method": "POST",
						"header": [
							{
								"key": "Content-Type",
								"value": "application/json"
							},
							{
								"key": "Authorization",
								"value": "Bearer c5968207-afa4-4e01-8906-ffb7a98ffe7c"
							}
						],
						"body": {
							"mode": "raw",
							"raw": "{\n    \"events\": [{\n        \"data\": {\n            \"eventContext\": {\n                \"worker\": {\n                    \"associateOID\": \"G3NEA032M02RDNWJ\"\n                }\n            },\n            \"transform\": {\n                \"worker\": {\n                    \"businessCommunication\": {\n                       \n                        \"email\": {\n                            \"emailUri\": \"workemail@adp.com\",\n                             \"itemID\": \"0\",\n                        \"nameCode\": {\n                            \"CodeValue\": \"Work\",\n                            \"ShortName\": null,\n                            \"LongName\": null\n                        }\n\n                        }\n\n                    }\n                }\n            }\n        },\n        \"actor\": {\n            \"associateOID\": \"G54ASJH51YG320KN\"\n        },\n        \"serviceCategoryCode\": {\n            \"codeValue\": \"workerInformationManagement\"\n        },\n        \"eventNameCode\": {\n            \"codeValue\": \"worker.business-communication.email.change\"\n        }\n    }]\n}"
						},
						"url": {
							"raw": "https://iat-api.adp.com/events/hr/v1/worker.business-communication.email.change",
							"protocol": "https",
							"host": [
								"iat-api",
								"adp",
								"com"
							],
							"path": [
								"events",
								"hr",
								"v1",
								"worker.business-communication.email.change"
							]
						}
					},
					"response": []
				},
				{
					"name": "worker.business-communication.email.remove",
					"request": {
						"method": "POST",
						"header": [
							{
								"key": "Content-Type",
								"value": "application/json"
							},
							{
								"key": "Authorization",
								"value": "Bearer 7e2a6b87-cfb4-43e0-8160-a6688b0791b0"
							}
						],
						"body": {
							"mode": "raw",
							"raw": "{\n  \"events\": [{\n    \"data\": {\n      \"eventContext\": {\n        \"worker\": {\n          \"associateOID\": \"G3NEA032M02RDNWJ\"\n        }\n      },\n      \"transform\": {\n        \"worker\": {\n          \"businessCommunication\": {\n            \"email\": {\n              \"emailUri\": \"workemail@adp.com\"\n            }\n          }\n        }\n      }\n    },\n    \"actor\": {\n      \"associateOID\": \"G54ASJH51YG320KN\"\n    },\n    \"serviceCategoryCode\": {\n      \"codeValue\": \"workerInformationManagement\"\n    },\n    \"eventNameCode\": {\n      \"codeValue\": \"worker.business-communication.email.remove\"\n    }\n  }]\n}"
						},
						"url": {
							"raw": "https://iat-api.adp.com/events/hr/v1/worker.business-communication.email.remove",
							"protocol": "https",
							"host": [
								"iat-api",
								"adp",
								"com"
							],
							"path": [
								"events",
								"hr",
								"v1",
								"worker.business-communication.email.remove"
							]
						}
					},
					"response": []
				},
				{
					"name": "worker.government-id.change",
					"request": {
						"method": "POST",
						"header": [
							{
								"key": "Content-Type",
								"value": "application/json"
							},
							{
								"key": "Authorization",
								"value": "Bearer 6118334d-0563-457b-b330-5ccb88941e4f"
							}
						],
						"body": {
							"mode": "raw",
							"raw": "{\n  \"events\": [{\n    \"data\": {\n      \"eventContext\": {\n        \"worker\": {\n          \"associateOID\": \"G3NEA032M02RDNWJ\"\n        }\n      },\n      \"transform\": {\n        \"worker\": {\n          \"person\": {\n              \"governmentID\": {\n                \"idValue\": \"399-99-9991\"\n              \n                \n              }\n            }\n        }\n      }\n    },\n    \"actor\": {\n      \"associateOID\": \"G54ASJH51YG320KN\"\n    },\n    \"serviceCategoryCode\": {\n      \"codeValue\": \"workerInformationManagement\"\n    },\n    \"eventNameCode\": {\n      \"codeValue\": \"worker.government-id.change\"\n    }\n  }]\n}"
						},
						"url": {
							"raw": "https://iat-api.adp.com/events/hr/v1/worker.government-id.change",
							"protocol": "https",
							"host": [
								"iat-api",
								"adp",
								"com"
							],
							"path": [
								"events",
								"hr",
								"v1",
								"worker.government-id.change"
							]
						}
					},
					"response": []
				},
				{
					"name": "worker.worker-rehire-date.change",
					"request": {
						"method": "POST",
						"header": [
							{
								"key": "Content-Type",
								"value": "application/json"
							},
							{
								"key": "Authorization",
								"value": "Bearer e591230c-9566-47cd-a14b-f71bc52aea8d"
							}
						],
						"body": {
							"mode": "raw",
							"raw": "{\n  \"events\": [\n    {\n      \"serviceCategoryCode\": {\n        \"codeValue\": \"workerInformationManagement\"\n      },\n      \"eventNameCode\": {\n        \"codeValue\": \"worker.worker-rehire-date.change\"\n      },\n      \"actor\": {\n        \"associateOID\": \"G54ASJH51YG320KN\"\n      },\n      \"data\": {\n        \"eventContext\": {\n          \"worker\": {\n            \"associateOID\": \"G3NEA032M02R6DD8\"\n          }\n        },\n        \"transform\": {\n          \"eventStatusCode\": {\n            \"codeValue\": \"submit\"\n          },\n          \"effectiveDateTime\": \"2019-07-03T00:00:00Z\",\n          \"worker\": {\n            \"workerDates\": {\n              \"rehireDate\": \"2019-06-29\",\n\t\t\t  \"adjustedServiceDate\": \"2019-06-29\"\n            }\n          }\n        }\n      }\n    }\n  ]\n}"
						},
						"url": {
							"raw": "https://iat-api.adp.com/events/hr/v1/worker.worker-rehire-date.change",
							"protocol": "https",
							"host": [
								"iat-api",
								"adp",
								"com"
							],
							"path": [
								"events",
								"hr",
								"v1",
								"worker.worker-rehire-date.change"
							]
						}
					},
					"response": []
				},
				{
					"name": "worker.worker-original-hire-date.change",
					"request": {
						"method": "POST",
						"header": [
							{
								"key": "Content-Type",
								"value": "application/json"
							},
							{
								"key": "Authorization",
								"value": "Bearer e591230c-9566-47cd-a14b-f71bc52aea8d"
							}
						],
						"body": {
							"mode": "raw",
							"raw": "{\n  \"events\": [\n    {\n      \"serviceCategoryCode\": {\n        \"codeValue\": \"workerInformationManagement\"\n      },\n      \"eventNameCode\": {\n        \"codeValue\": \"worker.worker-original-hire-date.change\"\n      },\n      \"actor\": {\n        \"associateOID\": \"G54ASJH51YG320KN\"\n      },\n      \"data\": {\n        \"eventContext\": {\n          \"worker\": {\n            \"associateOID\": \"G3NEA032M02RDNWJ\"\n          }\n        },\n        \"transform\": {\n          \"eventStatusCode\": {\n            \"codeValue\": \"submit\"\n          },\n          \"effectiveDateTime\": \"2019-07-03T00:00:00Z\",\n          \"worker\": {\n            \"workerDates\": {\n              \"originalHireDate\": \"2019-05-25\",\n              \"adjustedServiceDate\": \"2019-05-29\"\n            }\n          }\n        }\n      }\n    }\n  ]\n}"
						},
						"url": {
							"raw": "https://iat-api.adp.com/events/hr/v1/worker.worker-original-hire-date.change",
							"protocol": "https",
							"host": [
								"iat-api",
								"adp",
								"com"
							],
							"path": [
								"events",
								"hr",
								"v1",
								"worker.worker-original-hire-date.change"
							]
						}
					},
					"response": []
				},
				{
					"name": "worker.worker-termination-date.change",
					"request": {
						"method": "POST",
						"header": [
							{
								"key": "Content-Type",
								"value": "application/json"
							},
							{
								"key": "Authorization",
								"value": "Bearer e591230c-9566-47cd-a14b-f71bc52aea8d"
							}
						],
						"body": {
							"mode": "raw",
							"raw": "{\n  \"events\": [\n    {\n      \"serviceCategoryCode\": {\n        \"codeValue\": \"workerInformationManagement\"\n      },\n      \"eventNameCode\": {\n        \"codeValue\": \"worker.worker-termination-date.change\"\n      },\n      \"actor\": {\n        \"associateOID\": \"G54ASJH51YG320KN\"\n      },\n      \"data\": {\n        \"eventContext\": {\n          \"worker\": {\n            \"associateOID\": \"G31NEXME9GRMVYS6\"\n          }\n        },\n        \"transform\": {\n          \"eventStatusCode\": {\n            \"codeValue\": \"submit\"\n          },\n          \"effectiveDateTime\": \"2019-07-03T00:00:00Z\",\n          \"worker\": {\n            \"workerDates\": {\n            \"originalHireDate\": \"2019-03-28\",\n              \"terminationDate\":\"2019-05-06\"\n            }\n          }\n        }\n      }\n    }\n  ]\n}"
						},
						"url": {
							"raw": "https://iat-api.adp.com/events/hr/v1/worker.worker-termination-date.change",
							"protocol": "https",
							"host": [
								"iat-api",
								"adp",
								"com"
							],
							"path": [
								"events",
								"hr",
								"v1",
								"worker.worker-termination-date.change"
							]
						}
					},
					"response": []
				},
				{
					"name": "worker.gender.change",
					"request": {
						"method": "POST",
						"header": [
							{
								"key": "Content-Type",
								"value": "application/json"
							},
							{
								"key": "Authorization",
								"value": "Bearer 6118334d-0563-457b-b330-5ccb88941e4f"
							}
						],
						"body": {
							"mode": "raw",
							"raw": "{\n    \"events\": [\n        {\n            \"data\": {\n                \"eventContext\": { \"worker\": { \"associateOID\": \"G3NEA032M02RDNWJ\" } },\n                \"transform\": {\n                    \"eventStatusCode\": { \"codeValue\": \"F\" },\n                    \"worker\": { \"person\": { \"genderCode\": {\"codeValue\":\"F\"} } }\n                }\n            },\n            \"actor\": { \"associateOID\": \"G54ASJH51YG320KN\" },\n            \"serviceCategoryCode\": { \"codeValue\": \"workerInformationManagement\" },\n            \"eventNameCode\": { \"codeValue\": \"worker.gender.change\" }\n        }\n    ]\n}"
						},
						"url": {
							"raw": "https://iat-api.adp.com/events/hr/v1/worker.gender.change",
							"protocol": "https",
							"host": [
								"iat-api",
								"adp",
								"com"
							],
							"path": [
								"events",
								"hr",
								"v1",
								"worker.gender.change"
							]
						}
					},
					"response": []
				},
				{
					"name": "worker.ethnicity.change",
					"request": {
						"method": "POST",
						"header": [
							{
								"key": "Content-Type",
								"value": "application/json"
							},
							{
								"key": "Authorization",
								"value": "Bearer f6b80bf8-3438-4c76-a6dc-59eef77778a5"
							}
						],
						"body": {
							"mode": "raw",
							"raw": "{\n  \"events\": [\n    {\n      \"serviceCategoryCode\": {\n        \"codeValue\": \"workerInformationManagement\"\n      },\n      \"eventNameCode\": {\n        \"codeValue\": \"worker.ethnicity.change\"\n      },\n      \"actor\": {\n        \"associateOID\": \"G54ASJH51YG320KN\"\n      },\n      \"data\": {\n        \"eventContext\": {\n          \"worker\": {\n            \"associateOID\": \"G3NEA032M02RDNWJ\"\n            \n          }\n        },\n        \"transform\": {\n        \t\"effectiveDateTime\": \"2019-07-01T00:00:00Z\",\n                    \"eventStatusCode\": {\n                        \"codeValue\": \"submit\"\n                    },\n          \"worker\": {\n            \"person\": {\n              \"ethnicityCode\": {\n                \"codeValue\": \"0\",\n                \"shortName\": \"Hispanic or Latino\"\n              }\n            }\n          }\n        }\n      }\n    }\n  ]\n}"
						},
						"url": {
							"raw": "https://iat-api.adp.com/events/hr/v1/worker.ethnicity.change",
							"protocol": "https",
							"host": [
								"iat-api",
								"adp",
								"com"
							],
							"path": [
								"events",
								"hr",
								"v1",
								"worker.ethnicity.change"
							]
						}
					},
					"response": []
				},
				{
					"name": "worker.work-assignment.base-remuneration.change",
					"request": {
						"method": "POST",
						"header": [
							{
								"key": "Content-Type",
								"value": "application/json"
							},
							{
								"key": "Authorization",
								"value": "Bearer f6b80bf8-3438-4c76-a6dc-59eef77778a5"
							}
						],
						"body": {
							"mode": "raw",
							"raw": "{\n    \"events\": [\n        {\n            \"data\": {\n                \"eventContext\": {\n                    \"worker\": {\n                        \"associateOID\": \"G3NEA032M02RDNWJ\"\n                    }\n                },\n                \"transform\": {\n                    \"worker\": {\n                        \"eventStatusCode\": {\n                            \"codeValue\": \"submit\"\n                        },\n                        \"effectiveDateTime\": \"2019-07-01T00:00:00Z\",\n                        \"workAssignment\": {\n                            \"baseRemuneration\": {\n                                \"hourlyRateAmount\": {\n                                    \"nameCode\": {\n                                        \"codeValue\": \"BASE\",\n                                        \"shortName\": \"Base Rate\"\n                                    },\n                                    \"amountValue\": 35,\n                                    \"currencyCode\": \"USD\"\n                                },\n                                \"payPeriodRateAmount\": {\n                                    \"nameCode\": {\n                                        \"codeValue\": \"BASE\",\n                                        \"shortName\": \"Base Rate\"\n                                    },\n                                    \"amountValue\": 124,\n                                    \"currencyCode\": \"USD\"\n                                }\n                            }\n                        }\n                    }\n                }\n            },\n            \"actor\": {\n                \"associateOID\": \"G54ASJH51YG320KN\"\n            },\n            \"serviceCategoryCode\": {\n                \"codeValue\": \"hr\"\n            },\n            \"eventNameCode\": {\n                \"codeValue\": \"worker.workassignment.base-remuneration.change\"\n            }\n        }\n    ]\n}"
						},
						"url": {
							"raw": "https://iat-api.adp.com/events/hr/v1/worker.work-assignment.base-remuneration.change",
							"protocol": "https",
							"host": [
								"iat-api",
								"adp",
								"com"
							],
							"path": [
								"events",
								"hr",
								"v1",
								"worker.work-assignment.base-remuneration.change"
							]
						}
					},
					"response": []
				},
				{
					"name": "worker.work-assignment.additional-remuneration.add",
					"request": {
						"method": "POST",
						"header": [
							{
								"key": "Content-Type",
								"value": "application/json"
							},
							{
								"key": "Authorization",
								"value": "Bearer 3f81463a-2467-411e-8141-9734d667fdf3"
							}
						],
						"body": {
							"mode": "raw",
							"raw": "{\n    \"events\": [\n        {\n            \"data\": {\n                \"eventContext\": {\n                    \"worker\": {\n                        \"associateOID\": \"G3NEA032M02RDNWJ\"\n                    }\n                },\n                \"transform\": {\n                    \"worker\": {\n                        \"eventStatusCode\": {\n                            \"codeValue\": \"submit\"\n                        },\n                        \"effectiveDateTime\": \"2019-07-01T00:00:00Z\",\n                        \"workAssignment\": {\n                            \"additionalRemuneration\": {\n                                \"nameCode\": {\n                                    \"codeValue\": \"RATE_5\",\n                                    \"shortName\": \"Hourly Rate 1 for Salaried Employee\"\n                                },\n                                \"rate\": {\n                                    \"amountValue\": 30,\n                                    \"baseUnitCode\": {\n                                        \"codeValue\": \"HOUR\"\n                                    }\n                                },\n                                \"associatedRateQualifiers\": [\n                                    {\n                                        \"qualifierObjectTypeCode\": {},\n                                        \"qualifierObjectCode\": {\n                                            \"codeValue\": \"D1\",\n                                            \"shortName\": \"Dept1\"\n                                        }\n                                    }\n                                ]\n                            }\n                        }\n                    }\n                }\n            },\n            \"actor\": {\n                \"associateOID\": \"G54ASJH51YG320KN\"\n            },\n            \"serviceCategoryCode\": {\n                \"codeValue\": \"hr\"\n            },\n            \"eventNameCode\": {\n                \"codeValue\": \"worker.workassignment.additionalremuneration.add\"\n            }\n        }\n    ]\n}"
						},
						"url": {
							"raw": "https://iat-api.adp.com/events/hr/v1/worker.work-assignment.additional-remuneration.add",
							"protocol": "https",
							"host": [
								"iat-api",
								"adp",
								"com"
							],
							"path": [
								"events",
								"hr",
								"v1",
								"worker.work-assignment.additional-remuneration.add"
							]
						}
					},
					"response": []
				},
				{
					"name": "worker.work-assignment.standard-hours.change",
					"request": {
						"method": "POST",
						"header": [
							{
								"key": "Content-Type",
								"value": "application/json"
							},
							{
								"key": "Authorization",
								"value": "Bearer 3f81463a-2467-411e-8141-9734d667fdf3"
							}
						],
						"body": {
							"mode": "raw",
							"raw": "{\n    \"events\": [\n        {\n            \"data\": {\n                \"eventContext\": {\n                    \"worker\": {\n                        \"associateOID\": \"G3NEA032M02RDNWJ\"\n                    }\n                },\n                \"transform\": {\n                    \"worker\": {\n                        \"workAssignment\": {\n                            \"standardHours\": {\n                                \"hoursQuantity\": 40,\n                                \"unitCode\": {\n                                    \"codeValue\": \"M\",\n                                    \"shortName\": \"Monthly\"\n                                }\n                            }\n                        }\n                    }\n                }\n            },\n            \"actor\": {\n                \"associateOID\": \"G54ASJH51YG320KN\"\n            },\n            \"serviceCategoryCode\": {\n                \"codeValue\": \"hr\"\n            },\n            \"eventNameCode\": {\n                \"codeValue\": \"worker.workAssignment.standardHours.change\"\n            }\n        }\n    ]\n}"
						},
						"url": {
							"raw": "https://iat-api.adp.com/events/hr/v1/worker.work-assignment.standard-hours.change",
							"protocol": "https",
							"host": [
								"iat-api",
								"adp",
								"com"
							],
							"path": [
								"events",
								"hr",
								"v1",
								"worker.work-assignment.standard-hours.change"
							]
						}
					},
					"response": []
				},
				{
					"name": "work-assignment.home-work-location.change",
					"request": {
						"method": "POST",
						"header": [
							{
								"key": "Content-Type",
								"value": "application/json"
							},
							{
								"key": "Authorization",
								"value": "Bearer 13ffe2d6-9b9c-4a4d-b02b-b46077096533"
							}
						],
						"body": {
							"mode": "raw",
							"raw": "{\n  \"events\": [\n    {\n      \"serviceCategoryCode\": {\n        \"codeValue\": \"workerInformationManagement\"\n      },\n      \"eventNameCode\": {\n        \"codeValue\": \"worker.work-assignment.home-work-location.change\"\n      },\n      \"actor\": {\n        \"associateOID\": \"G54ASJH51YG320KN\"\n      },\n      \"data\": {\n        \"eventContext\": {\n          \"worker\": {\n            \"associateOID\": \"G3NEA032M02RDNWJ\"\n          }\n        },\n        \"transform\": {\n          \"eventStatusCode\": {\n            \"codeValue\": \"submit\"\n          },\n          \"effectiveDateTime\": \"2019-07-03T00:00:00Z\",\n          \"worker\": {\n            \"workAssignment\": {\n            \t\"homeWorkLocation\": {\n            \t\t \"nameCode\":{\n            \t\t \t\"codeValue\":\"D2\",\n            \t\t \t\"shortName\":\"Dept2\"\n            \t\t }\n            \t}\n            }\n          }\n        }\n      }\n    }\n  ]\n}"
						},
						"url": {
							"raw": "https://iat-api.adp.com/events/hr/v1/worker.work-assignment.home-work-location.change",
							"protocol": "https",
							"host": [
								"iat-api",
								"adp",
								"com"
							],
							"path": [
								"events",
								"hr",
								"v1",
								"worker.work-assignment.home-work-location.change"
							]
						}
					},
					"response": []
				},
				{
					"name": "/worker.custom-field.code.change",
					"request": {
						"method": "POST",
						"header": [
							{
								"key": "Content-Type",
								"value": "application/json"
							},
							{
								"key": "Authorization",
								"value": "Bearer 898fb55b-159a-4ae8-b3f9-a090a08b781b"
							}
						],
						"body": {
							"mode": "raw",
							"raw": "{\n    \"events\": [\n        {\n            \"data\": {\n                \"eventContext\": {\n                    \"worker\": {\n                        \"associateOID\": \"G3NEA032M02RDNWJ\"\n                    }\n                },\n                \"transform\": {\n                    \"eventStatusCode\": {\n                        \"codeValue\": \"F\"\n                    },\n                    \"worker\": {\n                        \"customFieldGroup\": {\n              \"codeField\": {\n                \"codeValue\": \"2345678\",\n                \"nameCode\": {\n                  \"shortName\": \"Clock ID\"\n                }\n              }\n            }\n                    }\n                }\n            },\n            \"actor\": {\n                \"associateOID\": \"G54ASJH51YG320KN\"\n            },\n            \"serviceCategoryCode\": {\n                \"codeValue\": \"workerInformationManagement\"\n            },\n            \"eventNameCode\": {\n                \"codeValue\": \"worker.custom-field.code.change\"\n            }\n        }\n    ]\n}\n"
						},
						"url": {
							"raw": "https://iat-api.adp.com/events/hr/v1/worker.custom-field.code.change",
							"protocol": "https",
							"host": [
								"iat-api",
								"adp",
								"com"
							],
							"path": [
								"events",
								"hr",
								"v1",
								"worker.custom-field.code.change"
							]
						}
					},
					"response": []
				},
				{
					"name": "worker.rehire",
					"request": {
						"method": "POST",
						"header": [
							{
								"key": "Content-Type",
								"value": "application/json"
							},
							{
								"key": "Authorization",
								"value": "Bearer b40b7c56-30d2-4dc7-9c5b-779048192328"
							}
						],
						"body": {
							"mode": "raw",
							"raw": "{\n  \"events\": [\n    {\n      \"serviceCategoryCode\": {\n        \"codeValue\": \"workerInformationManagement\"\n      },\n      \"eventNameCode\": {\n        \"codeValue\": \"worker.rehire\"\n      },\n      \"actor\": {\n        \"associateOID\": \"G54ASJH51YG320KN\"\n      },\n      \"data\": {\n        \"eventContext\": {\n          \"worker\": {\n            \"associateOID\": \"G31NEXME9GRMVYS6\"\n          }\n        },\n        \"transform\": {\n          \"eventStatusCode\": {\n            \"codeValue\": \"submit\"\n          },\n          \"effectiveDateTime\": \"2019-07-03T00:00:00Z\",\n          \"worker\": {\n            \"workerDates\": {\n              \"originalHireDate\": \"2019-05-17\",\n\t\t\t  \"rehireDate\": \"2019-05-01\"\n            }\n          }\n        }\n      }\n    }\n  ]\n}"
						},
						"url": {
							"raw": "https://iat-api.adp.com/events/hr/v1/worker.rehire",
							"protocol": "https",
							"host": [
								"iat-api",
								"adp",
								"com"
							],
							"path": [
								"events",
								"hr",
								"v1",
								"worker.rehire"
							]
						}
					},
					"response": []
				},
				{
					"name": "worker.terminate",
					"request": {
						"method": "POST",
						"header": [
							{
								"key": "Content-Type",
								"value": "application/json"
							},
							{
								"key": "Authorization",
								"value": "Bearer b40b7c56-30d2-4dc7-9c5b-779048192328"
							}
						],
						"body": {
							"mode": "raw",
							"raw": "{\r\n  \"events\": [{\r\n    \"serviceCategoryCode\": {\r\n      \"codeValue\": \"hr\"\r\n    },\r\n    \"eventNameCode\": {\r\n      \"codeValue\": \"worker.terminate\"\r\n    },\r\n    \"originator\": {\r\n      \"associateOID\": \"G54ASJH51YG320KN\"\r\n    },\r\n    \"actor\": {\r\n      \"associateOID\": \"G54ASJH51YG320KN\"\r\n    },\r\n    \"data\": {\r\n      \"eventContext\": {\r\n        \"worker\": {\r\n          \"associateOID\": \"G31NEXME9GRMVYS6\"\r\n        }\r\n      },\r\n      \"transform\": {\r\n        \"eventStatusCode\": {\r\n          \"codeValue\": \"submit\"\r\n        },\r\n        \"effectiveDateTime\": \"2019-07-04\",\r\n        \"worker\": {\r\n          \"workerStatus\": {\r\n              \"codeValue\": \"T\",\r\n              \"shortName\": \"Terminated\"\r\n          },\r\n\r\n          \"workerDates\": {\r\n            \"terminationDate\": \"2019-07-02\"\r\n          }\r\n        }\r\n      }\r\n    }\r\n\r\n\r\n  }]\r\n}\r\n"
						},
						"url": {
							"raw": "https://iat-api.adp.com/events/hr/v1/worker.terminate",
							"protocol": "https",
							"host": [
								"iat-api",
								"adp",
								"com"
							],
							"path": [
								"events",
								"hr",
								"v1",
								"worker.terminate"
							]
						}
					},
					"response": []
				},
				{
					"name": "core/v1/event-notification-messages",
					"request": {
						"method": "GET",
						"header": [
							{
								"key": "Authorization",
								"value": "Bearer b40b7c56-30d2-4dc7-9c5b-779048192328"
							},
							{
								"key": "prefer",
								"value": "/adp/long-polling",
								"disabled": true
							}
						],
						"body": {
							"mode": "raw",
							"raw": ""
						},
						"url": {
							"raw": "https://iat-api.adp.com/core/v1/event-notification-messages",
							"protocol": "https",
							"host": [
								"iat-api",
								"adp",
								"com"
							],
							"path": [
								"core",
								"v1",
								"event-notification-messages"
							]
						}
					},
					"response": []
				},
				{
					"name": "/core/v1/event-notification-messages/0x_414d51204253494e464f42513520202079e5db5b18b0ab20",
					"request": {
						"method": "DELETE",
						"header": [
							{
								"key": "Authorization",
								"value": "Bearer b40b7c56-30d2-4dc7-9c5b-779048192328"
							}
						],
						"body": {},
						"url": {
							"raw": "https://iat-api.adp.com/core/v1/event-notification-messages/0x_414d51204253494e464f4251313120203e37555c3ccd362e",
							"protocol": "https",
							"host": [
								"iat-api",
								"adp",
								"com"
							],
							"path": [
								"core",
								"v1",
								"event-notification-messages",
								"0x_414d51204253494e464f4251313120203e37555c3ccd362e"
							]
						}
					},
					"response": []
				},
				{
					"name": "worker.work-assignment.additional-remuneration.change",
					"request": {
						"method": "POST",
						"header": [
							{
								"key": "Content-Type",
								"value": "application/json"
							},
							{
								"key": "Authorization",
								"value": "Bearer 3f81463a-2467-411e-8141-9734d667fdf3"
							}
						],
						"body": {
							"mode": "raw",
							"raw": "{\n    \"events\": [\n        {\n            \"data\": {\n                \"eventContext\": {\n                    \"worker\": {\n                        \"associateOID\": \"G3NEA032M02RDNWJ\"\n                    }\n                },\n                \"transform\": {\n                    \"worker\": {\n                        \"eventStatusCode\": {\n                            \"codeValue\": \"submit\"\n                        },\n                        \"effectiveDateTime\": \"2019-07-01T00:00:00Z\",\n                        \"workAssignment\": {\n                            \"additionalRemuneration\": {\n                                \"nameCode\": {\n                                    \"codeValue\": \"RATE_5\",\n                                    \"shortName\": \"Hourly Rate 1 for Salaried Employee\"\n                                },\n                                \"rate\": {\n                                    \"amountValue\": 10,\n                                    \"baseUnitCode\":{  \n\t\t\t\t\t                  \"codeValue\":\"HOUR\"\n\t\t\t\t\t                }\n                                },\n                                \"associatedRateQualifiers\": [\n                                    {\n                                        \"qualifierObjectTypeCode\": {},\n                                        \"qualifierObjectCode\": {\n                                            \"codeValue\": \"D1\",\n                                            \"shortName\": \"Dept1\"\n                                        }\n                                    }\n                                ]\n                            }\n                        }\n                    }\n                }\n            },\n            \"actor\": {\n                \"associateOID\": \"G54ASJH51YG320KN\"\n            },\n            \"serviceCategoryCode\": {\n                \"codeValue\": \"hr\"\n            },\n            \"eventNameCode\": {\n                \"codeValue\": \"worker.workassignment.additionalremuneration.change\"\n            }\n        }\n    ]\n}"
						},
						"url": {
							"raw": "https://iat-api.adp.com/events/hr/v1/worker.work-assignment.additional-remuneration.change",
							"protocol": "https",
							"host": [
								"iat-api",
								"adp",
								"com"
							],
							"path": [
								"events",
								"hr",
								"v1",
								"worker.work-assignment.additional-remuneration.change"
							]
						}
					},
					"response": []
				},
				{
					"name": "worker.work-assignment.additional-remuneration.remove",
					"request": {
						"method": "POST",
						"header": [
							{
								"key": "Content-Type",
								"value": "application/json"
							},
							{
								"key": "Authorization",
								"value": "Bearer 3f81463a-2467-411e-8141-9734d667fdf3"
							}
						],
						"body": {
							"mode": "raw",
							"raw": "{\n    \"events\": [\n        {\n            \"data\": {\n                \"eventContext\": {\n                    \"worker\": {\n                        \"associateOID\": \"G3NEA032M02RDNWJ\"\n                    }\n                },\n                \"transform\": {\n                    \"worker\": {\n                        \"eventStatusCode\": {\n                            \"codeValue\": \"submit\"\n                        },\n                        \"effectiveDateTime\": \"2019-07-01T00:00:00Z\",\n                        \"workAssignment\": {\n                            \"additionalRemuneration\": {\n                            \t\"nameCode\": {\n                                    \"codeValue\": \"RATE_5\",\n                                    \"shortName\": \"Hourly Rate 1 for Salaried Employee\"\n                                }\n                            }\n                        }\n                    }\n                }\n            },\n            \"actor\": {\n                \"associateOID\": \"G54ASJH51YG320KN\"\n            },\n            \"serviceCategoryCode\": {\n                \"codeValue\": \"hr\"\n            },\n            \"eventNameCode\": {\n                \"codeValue\": \"worker.workassignment.additionalremuneration.remove\"\n            }\n        }\n    ]\n}"
						},
						"url": {
							"raw": "https://iat-api.adp.com/events/hr/v1/worker.work-assignment.additional-remuneration.remove",
							"protocol": "https",
							"host": [
								"iat-api",
								"adp",
								"com"
							],
							"path": [
								"events",
								"hr",
								"v1",
								"worker.work-assignment.additional-remuneration.remove"
							]
						}
					},
					"response": []
				}
			]
		},
		{
			"name": "Workers API",
			"item": [
				{
					"name": "Workers call",
					"request": {
						"method": "GET",
						"header": [
							{
								"key": "Authorization",
								"value": "Bearer dbc6ea97-b2b0-409b-b872-b254dcb18005",
								"type": "text"
							},
							{
								"key": "Accept",
								"value": "application/json;masked=false",
								"type": "text",
								"disabled": true
							}
						],
						"body": {
							"mode": "raw",
							"raw": ""
						},
						"url": {
							"raw": "https://iat-api.adp.com/hr/v2/workers",
							"protocol": "https",
							"host": [
								"iat-api",
								"adp",
								"com"
							],
							"path": [
								"hr",
								"v2",
								"workers"
							]
						}
					},
					"response": []
				},
				{
					"name": "Workers-Unmasked SSN and DOB",
					"request": {
						"method": "GET",
						"header": [
							{
								"key": "Authorization",
								"type": "text",
								"value": "Bearer d0a3f9ba-ee81-4709-a4aa-7445626c284e"
							},
							{
								"key": "Accept",
								"type": "text",
								"value": "application/json;masked=false",
								"disabled": true
							}
						],
						"body": {
							"mode": "raw",
							"raw": ""
						},
						"url": {
							"raw": "https://iat-api.adp.com/hr/v2/workers",
							"protocol": "https",
							"host": [
								"iat-api",
								"adp",
								"com"
							],
							"path": [
								"hr",
								"v2",
								"workers"
							]
						}
					},
					"response": []
				},
				{
					"name": "Workers-Using top and skip",
					"request": {
						"method": "GET",
						"header": [
							{
								"key": "Authorization",
								"type": "text",
								"value": "Bearer f19c80f5-9c5b-4e16-9e29-23f92a179137"
							}
						],
						"body": {
							"mode": "raw",
							"raw": ""
						},
						"url": {
							"raw": "https://iat-api.adp.com/hr/v2/workers?$top=2&$skip=2",
							"protocol": "https",
							"host": [
								"iat-api",
								"adp",
								"com"
							],
							"path": [
								"hr",
								"v2",
								"workers"
							],
							"query": [
								{
									"key": "$top",
									"value": "2"
								},
								{
									"key": "$skip",
									"value": "2"
								}
							]
						}
					},
					"response": []
				},
				{
					"name": "Workers-Using Select parameter",
					"request": {
						"method": "GET",
						"header": [
							{
								"key": "Authorization",
								"type": "text",
								"value": "Bearer f19c80f5-9c5b-4e16-9e29-23f92a179137"
							}
						],
						"body": {
							"mode": "raw",
							"raw": ""
						},
						"url": {
							"raw": "https://iat-api.adp.com/hr/v2/workers?$select=workers/person/legalName,workers/person/legalAddress",
							"protocol": "https",
							"host": [
								"iat-api",
								"adp",
								"com"
							],
							"path": [
								"hr",
								"v2",
								"workers"
							],
							"query": [
								{
									"key": "$select",
									"value": "workers/person/legalName,workers/person/legalAddress"
								}
							]
						}
					},
					"response": []
				},
				{
					"name": "Workers-Using $filter parameter",
					"request": {
						"method": "GET",
						"header": [
							{
								"key": "Authorization",
								"type": "text",
								"value": "Bearer f19c80f5-9c5b-4e16-9e29-23f92a179137"
							}
						],
						"body": {
							"mode": "raw",
							"raw": ""
						},
						"url": {
							"raw": "https://iat-api.adp.com/hr/v2/workers?$filter=workerID/idValue eq '21'",
							"protocol": "https",
							"host": [
								"iat-api",
								"adp",
								"com"
							],
							"path": [
								"hr",
								"v2",
								"workers"
							],
							"query": [
								{
									"key": "$filter",
									"value": "workerID/idValue eq '21'"
								}
							]
						}
					},
					"response": []
				}
			]
		}
	]
}