{
	"info": {
		"_postman_id": "0550a320-3809-47ba-b7cd-1a4b64a57683",
		"name": "Applicant Onboard - WFN Production GIT HUB",
		"schema": "https://schema.getpostman.com/json/collection/v2.0.0/collection.json"
	},
	"item": [
		{
			"name": "POST - ACCESS TOKEN CALL",
			"event": [
				{
					"listen": "test",
					"script": {
						"id": "4e7e4164-8c49-4c37-82e4-ee93091b1bbe",
						"exec": [
							"",
							"",
							"// parse JSON data",
							"let jsonData = pm.response.json()",
							"console.log ('JSON response: ', jsonData)",
							"",
							"let access_token = jsonData.access_token",
							"console.log (access_token)",
							"pm.globals.set(\"accessToken-prod-test93v\", access_token);",
							"",
							"// status code is 200",
							"",
							"pm.test(\"Status code is 200\", function () {",
							"    pm.response.to.have.status(200);",
							"});"
						],
						"type": "text/javascript"
					}
				}
			],
			"request": {
				"method": "POST",
				"header": [
					{
						"key": "Content-Type",
						"name": "Content-Type",
						"value": "application/x-www-form-urlencoded",
						"type": "text"
					}
				],
				"body": {
					"mode": "urlencoded",
					"urlencoded": [
						{
							"key": "grant_type",
							"value": "client_credentials",
							"type": "text"
						},
						{
							"key": "client_id",
							"value": "1409a23f-ae63-495f-b14f-16e208803925",
							"type": "text"
						},
						{
							"key": "client_secret",
							"value": "027c19e2-63df-4cb5-b32f-3099ff31205c",
							"type": "text"
						}
					]
				},
				"url": "https://api.adp.com/auth/oauth/v2/token"
			},
			"response": []
		},
		{
			"name": "PROD META CALL - Applicant Onboard",
			"request": {
				"method": "GET",
				"header": [
					{
						"key": "Authorization",
						"type": "text",
						"value": "Bearer {{accessToken-prod}}"
					}
				],
				"body": {
					"mode": "raw",
					"raw": ""
				},
				"url": "https://api.adp.com/events/staffing/v1/applicant.onboard/meta"
			},
			"response": []
		},
		{
			"name": "TEMPLATE -  Applicant Onboard",
			"event": [
				{
					"listen": "prerequest",
					"script": {
						"id": "e7641080-b10d-42ed-a458-604d70db3847",
						"exec": [
							"postman.setGlobalVariable('number', Math.floor(Math.random() * 786));",
							"",
							"var moment = require('moment')",
							"pm.globals.set(\"timestamp\", moment().format(\"MM/DD/YYYY\"))"
						],
						"type": "text/javascript"
					}
				}
			],
			"request": {
				"method": "POST",
				"header": [
					{
						"key": "Content-Type",
						"name": "Content-Type",
						"type": "text",
						"value": "application/json"
					},
					{
						"key": "Authorization",
						"type": "text",
						"value": "Bearer {{accessToken-prod}}"
					}
				],
				"body": {
					"mode": "raw",
					"raw": "{\n\t\"events\": [{\n\t\t\"data\": {\n\t\t\t\"transform\": {\n\t\t\t\t\"eventReasonCode\": {\n\t\t\t\t\t\"codeValue\": \"CURR-ExistingPosition\"\n\t\t\t\t},\n\n\t\t\t\t\"templateNameCode\": {\n \"codeValue\": \"Applicant Onboard\"\n },\n\t\t\t\t\n\t\t\t\t\"jobOffer\": {\n\t\t\t\t\t\"offerTerms\": {\n\t\t\t\t\t\t\"expectedStartDate\": \"{{timestamp}} 10:00:00 AM\",\n\t\t\t\t\t\t\"compensation\": {\n\t\t\t\t\t\t\t\"baseRemuneration\": {\n\t\t\t\t\t\t\t\t\"payPeriodRateAmount\": {\n\t\t\t\t\t\t\t\t\t\"nameCode\": {\n\t\t\t\t\t\t\t\t\t\t\"codeValue\": \"S\"\n\t\t\t\t\t\t\t\t\t},\n\t\t\t\t\t\t\t\t\t\"amountValue\": \"1706.25\",\n\t\t\t\t\t\t\t\t\t\"currencyCode\": \"USD\"\n\t\t\t\t\t\t\t\t}\n\t\t\t\t\t\t\t},\n\t\t\t\t\t\t\t\"payCycleCode\": {\n\t\t\t\t\t\t\t\t\"codeValue\": \"S\"\n\t\t\t\t\t\t\t}\n\t\t\t\t\t\t}\n\t\t\t\t\t},\n\t\t\t\t\t\"offerAssignment\": {\n\t\t\t\t\t\t\"jobCode\": {\n\t\t\t\t\t\t\t\"codeValue\": \"ADMIN\"\n\t\t\t\t\t\t},\n\t\t\t\t\t\t\"payrollGroupCode\" : \"93V\",\n\t\t\t\t\t\t\n\t\t\t\t\t\t\"workerTypeCode\": {\n\t\t\t\t\t\t\t\"codeValue\": \"1099\"\n\t\t\t\t\t\t},\n\t\t\t\t\t\t\"homeOrganizationalUnits\": [{\n\t\t\t\t\t\t\t\t\"nameCode\": {\n\t\t\t\t\t\t\t\t\t\"codeValue\": \"VK301\"\n\t\t\t\t\t\t\t\t},\n\t\t\t\t\t\t\t\t\"typeCode\": {\n\t\t\t\t\t\t\t\t\t\"codeValue\": \"Location\"\n\t\t\t\t\t\t\t\t}\n\t\t\t\t\t\t\t},\n\t\t\t\t\t\t\t{\n\t\t\t\t\t\t\t\t\"nameCode\": {\n\t\t\t\t\t\t\t\t\t\"codeValue\": \"\"\n\t\t\t\t\t\t\t\t},\n\t\t\t\t\t\t\t\t\"typeCode\": {\n\t\t\t\t\t\t\t\t\t\"codeValue\": \"Business Unit\"\n\t\t\t\t\t\t\t\t}\n\t\t\t\t\t\t\t}\n\t\t\t\t\t\t],\n\t\t\t\t\t\t\"wageLawCoverage\": {\n\t\t\t\t\t\t\t\"wageLawNameCode\": {\n\t\t\t\t\t\t\t\t\"codeValue\": \"E\"\n\t\t\t\t\t\t\t}\n\t\t\t\t\t\t},\n\t\t\t\t\t\t\"occupationalClassifications\": {\n\t\t\t\t\t\t\t\"classificationCode\": {\n\t\t\t\t\t\t\t\t\"codeValue\": \"SYS:4:3623\",\n\t\t\t\t\t\t\t\t\"shortName\": \"2 - Professionals\"\n\t\t\t\t\t\t\t}\n\t\t\t\t\t\t}\n\t\t\t\t\t}\n\t\t\t\t},\n\t\t\t\t\"applicant\": {\n\t\t\t\t\t\"person\": {\n\t\t\t\t\t\t\"legalName\": {\n\t\t\t\t\t\t\t\"givenName\": \"Onboard{{number}}\",\n\t\t\t\t\t\t\t\"middleName\": \"\",\n\t\t\t\t\t\t\t\"familyName1\": \"Test\"\n\t\t\t\t\t\t},\n\t\t\t\t\t\t\"governmentIDs\": [{\n\t\t\t\t\t\t\t\"nameCode\": {\n\t\t\t\t\t\t\t\t\"codeValue\": \"SSN\"\n\t\t\t\t\t\t\t},\n\t\t\t\t\t\t\t\"idValue\": \"601112{{number}}\"\n\t\t\t\t\t\t}],\n\t\t\t\t\t\t\"legalAddress\": {\n\t\t\t\t\t\t\t\"lineOne\": \"1150 Lake Shadow Cir., 3206\",\n\t\t\t\t\t\t\t\"lineTwo\": \"\",\n\t\t\t\t\t\t\t\"cityName\": \"Maitland\",\n\t\t\t\t\t\t\t\"countrySubdivisionLevel1\": {\n\t\t\t\t\t\t\t\t\"subdivisionType\": \"StateTerritory\",\n\t\t\t\t\t\t\t\t\"codeValue\": \"FL\"\n\t\t\t\t\t\t\t},\n\t\t\t\t\t\t\t\"countrySubdivisionLevel2\": {\n\t\t\t\t\t\t\t\t\"codeValue\": \"\"\n\t\t\t\t\t\t\t},\n\t\t\t\t\t\t\t\"countryCode\": \"US\",\n\t\t\t\t\t\t\t\"postalCode\": \"32751\"\n\t\t\t\t\t\t},\n\t\t\t\t\t\t\"communication\": {\n\t\t\t\t\t\t\t\"landlines\": [{\n\t\t\t\t\t\t\t\t\"areaDialing\": \"407\",\n\t\t\t\t\t\t\t\t\"dialNumber\": \"620-2579\"\n\t\t\t\t\t\t\t}],\n\t\t\t\t\t\t\t\"mobiles\": [{\n\t\t\t\t\t\t\t\t\"areaDialing\": \"\",\n\t\t\t\t\t\t\t\t\"dialNumber\": \"\"\n\t\t\t\t\t\t\t}],\n\t\t\t\t\t\t\t\"emails\": [{\n\t\t\t\t\t\t\t\t\"emailUri\": \"test{{number}}@onboard.com\"\n\t\t\t\t\t\t\t}]\n\t\t\t\t\t\t},\n\t\t\t\t\t\t\"birthDate\": \"\",\n\t\t\t\t\t\t\"genderCode\": {\n\t\t\t\t\t\t\t\"codeValue\": \"F\"\n\t\t\t\t\t\t},\n\t\t\t\t\t\t\"raceCode\": {\n\t\t\t\t\t\t\t\"codeValue\": \"1\",\n\t\t\t\t\t\t\t\"identificationMethodCode\": {\n\t\t\t\t\t\t\t\t\"codeValue\": \"SID\"\n\t\t\t\t\t\t\t}\n\t\t\t\t\t\t}\n\t\t\t\t\t}\n\t\t\t\t}\n\t\t\t}\n\t\t}\n\t}]\n}"
				},
				"url": "https://api.adp.com/events/staffing/v1/applicant.onboard"
			},
			"response": []
		},
		{
			"name": "TEMPLATE - HR Only",
			"event": [
				{
					"listen": "prerequest",
					"script": {
						"id": "981ed2dd-411c-467a-84c3-463043c06b93",
						"exec": [
							"postman.setGlobalVariable('number', Math.floor(Math.random() * 786));",
							"",
							"var moment = require('moment')",
							"pm.globals.set(\"timestamp\", moment().format(\"MM/DD/YYYY\"))"
						],
						"type": "text/javascript"
					}
				}
			],
			"request": {
				"method": "POST",
				"header": [
					{
						"key": "Content-Type",
						"name": "Content-Type",
						"type": "text",
						"value": "application/json"
					},
					{
						"key": "Authorization",
						"type": "text",
						"value": "Bearer {{accessToken-prod}}"
					}
				],
				"body": {
					"mode": "raw",
					"raw": "{\n\t\"events\": [{\n\t\t\"data\": {\n\t\t\t\"transform\": {\n\t\t\t\t\"eventReasonCode\": {\n\t\t\t\t\t\"codeValue\": \"CURR-ExistingPosition\"\n\t\t\t\t},\n\t\t\t\t\"templateNameCode\": {\n \"codeValue\": \"HR Only (System) - US\"\n },\n\t\t\t\t\"jobOffer\": {\n\t\t\t\t\t\"offerTerms\": {\n\t\t\t\t\t\t\"expectedStartDate\": \"{{timestamp}} 10:00:00 AM\",\n\t\t\t\t\t\t\"compensation\": {\n\t\t\t\t\t\t\t\"baseRemuneration\": {\n\t\t\t\t\t\t\t\t\"payPeriodRateAmount\": {\n\t\t\t\t\t\t\t\t\t\"nameCode\": {\n\t\t\t\t\t\t\t\t\t\t\"codeValue\": \"S\"\n\t\t\t\t\t\t\t\t\t},\n\t\t\t\t\t\t\t\t\t\"amountValue\": \"1706.25\",\n\t\t\t\t\t\t\t\t\t\"currencyCode\": \"USD\"\n\t\t\t\t\t\t\t\t}\n\t\t\t\t\t\t\t},\n\t\t\t\t\t\t\t\"payCycleCode\": {\n\t\t\t\t\t\t\t\t\"codeValue\": \"S\"\n\t\t\t\t\t\t\t}\n\t\t\t\t\t\t}\n\t\t\t\t\t},\n\t\t\t\t\t\"offerAssignment\": {\n\t\t\t\t\t\t\"jobCode\": {\n\t\t\t\t\t\t\t\"codeValue\": \"ADMIN\"\n\t\t\t\t\t\t},\n\t\t\t\t\t\t\n\t\t\t\t\t\t\"workerTypeCode\": {\n\t\t\t\t\t\t\t\"codeValue\": \"1099\"\n\t\t\t\t\t\t},\n\t\t\t\t\t\t\"homeOrganizationalUnits\": [{\n\t\t\t\t\t\t\t\t\"nameCode\": {\n\t\t\t\t\t\t\t\t\t\"codeValue\": \"VK301\"\n\t\t\t\t\t\t\t\t},\n\t\t\t\t\t\t\t\t\"typeCode\": {\n\t\t\t\t\t\t\t\t\t\"codeValue\": \"Location\"\n\t\t\t\t\t\t\t\t}\n\t\t\t\t\t\t\t},\n\t\t\t\t\t\t\t{\n\t\t\t\t\t\t\t\t\"nameCode\": {\n\t\t\t\t\t\t\t\t\t\"codeValue\": \"\"\n\t\t\t\t\t\t\t\t},\n\t\t\t\t\t\t\t\t\"typeCode\": {\n\t\t\t\t\t\t\t\t\t\"codeValue\": \"Business Unit\"\n\t\t\t\t\t\t\t\t}\n\t\t\t\t\t\t\t}\n\t\t\t\t\t\t],\n\t\t\t\t\t\t\"wageLawCoverage\": {\n\t\t\t\t\t\t\t\"wageLawNameCode\": {\n\t\t\t\t\t\t\t\t\"codeValue\": \"E\"\n\t\t\t\t\t\t\t}\n\t\t\t\t\t\t},\n\t\t\t\t\t\t\"occupationalClassifications\": {\n\t\t\t\t\t\t\t\"classificationCode\": {\n\t\t\t\t\t\t\t\t\"codeValue\": \"SYS:4:3623\",\n\t\t\t\t\t\t\t\t\"shortName\": \"2 - Professionals\"\n\t\t\t\t\t\t\t}\n\t\t\t\t\t\t}\n\t\t\t\t\t}\n\t\t\t\t},\n\t\t\t\t\"applicant\": {\n\t\t\t\t\t\"person\": {\n\t\t\t\t\t\t\"legalName\": {\n\t\t\t\t\t\t\t\"givenName\": \"Test\",\n\t\t\t\t\t\t\t\"middleName\": \"\",\n\t\t\t\t\t\t\t\"familyName1\": \"Hr Only {{number}}\"\n\t\t\t\t\t\t},\n\t\t\t\t\t\t\"governmentIDs\": [{\n\t\t\t\t\t\t\t\"nameCode\": {\n\t\t\t\t\t\t\t\t\"codeValue\": \"SSN\"\n\t\t\t\t\t\t\t},\n\t\t\t\t\t\t\t\"idValue\": \"166785{{number}}\"\n\t\t\t\t\t\t}],\n\t\t\t\t\t\t\"legalAddress\": {\n\t\t\t\t\t\t\t\"lineOne\": \"1150 Lake Shadow Cir., 3206\",\n\t\t\t\t\t\t\t\"lineTwo\": \"\",\n\t\t\t\t\t\t\t\"cityName\": \"Maitland\",\n\t\t\t\t\t\t\t\"countrySubdivisionLevel1\": {\n\t\t\t\t\t\t\t\t\"subdivisionType\": \"StateTerritory\",\n\t\t\t\t\t\t\t\t\"codeValue\": \"FL\"\n\t\t\t\t\t\t\t},\n\t\t\t\t\t\t\t\"countrySubdivisionLevel2\": {\n\t\t\t\t\t\t\t\t\"codeValue\": \"\"\n\t\t\t\t\t\t\t},\n\t\t\t\t\t\t\t\"countryCode\": \"US\",\n\t\t\t\t\t\t\t\"postalCode\": \"32751\"\n\t\t\t\t\t\t},\n\t\t\t\t\t\t\"communication\": {\n\t\t\t\t\t\t\t\"landlines\": [{\n\t\t\t\t\t\t\t\t\"areaDialing\": \"407\",\n\t\t\t\t\t\t\t\t\"dialNumber\": \"620-2579\"\n\t\t\t\t\t\t\t}],\n\t\t\t\t\t\t\t\"mobiles\": [{\n\t\t\t\t\t\t\t\t\"areaDialing\": \"\",\n\t\t\t\t\t\t\t\t\"dialNumber\": \"\"\n\t\t\t\t\t\t\t}],\n\t\t\t\t\t\t\t\"emails\": [{\n\t\t\t\t\t\t\t\t\"emailUri\": \"Test{{number}}@onboard.com\"\n\t\t\t\t\t\t\t}]\n\t\t\t\t\t\t},\n\t\t\t\t\t\t\"birthDate\": \"\",\n\t\t\t\t\t\t\"genderCode\": {\n\t\t\t\t\t\t\t\"codeValue\": \"F\"\n\t\t\t\t\t\t},\n\t\t\t\t\t\t\"raceCode\": {\n\t\t\t\t\t\t\t\"codeValue\": \"1\",\n\t\t\t\t\t\t\t\"identificationMethodCode\": {\n\t\t\t\t\t\t\t\t\"codeValue\": \"SID\"\n\t\t\t\t\t\t\t}\n\t\t\t\t\t\t}\n\t\t\t\t\t}\n\t\t\t\t}\n\t\t\t}\n\t\t}\n\t}]\n}"
				},
				"url": "https://api.adp.com/events/staffing/v1/applicant.onboard"
			},
			"response": []
		},
		{
			"name": "TEMPLATE - HR + Payroll",
			"event": [
				{
					"listen": "prerequest",
					"script": {
						"id": "6695322a-5c21-443f-8de1-b02abf030d5a",
						"exec": [
							"postman.setGlobalVariable('number', Math.floor(Math.random() * 786));",
							"",
							"var moment = require('moment')",
							"pm.globals.set(\"timestamp\", moment().format(\"MM/DD/YYYY\"))"
						],
						"type": "text/javascript"
					}
				}
			],
			"request": {
				"method": "POST",
				"header": [
					{
						"key": "Content-Type",
						"name": "Content-Type",
						"value": "application/json",
						"type": "text"
					},
					{
						"key": "Authorization",
						"value": "Bearer {{accessToken-prod}}",
						"type": "text"
					}
				],
				"body": {
					"mode": "raw",
					"raw": "{\n\t\"events\": [{\n\t\t\"data\": {\n\t\t\t\"transform\": {\n\t\t\t\t\"eventReasonCode\": {\n\t\t\t\t\t\"codeValue\": \"CURR-ExistingPosition\"\n\t\t\t\t},\n\t\t\t\t\"templateNameCode\": {\n \"codeValue\": \"HR + Payroll (System) - US\"\n },\n\t\t\t\t\"jobOffer\": {\n\t\t\t\t\t\"offerTerms\": {\n\t\t\t\t\t\t\"expectedStartDate\": \"{{timestamp}} 10:00:00 AM\",\n\t\t\t\t\t\t\"compensation\": {\n\t\t\t\t\t\t\t\"baseRemuneration\": {\n\t\t\t\t\t\t\t\t\"payPeriodRateAmount\": {\n\t\t\t\t\t\t\t\t\t\"nameCode\": {\n\t\t\t\t\t\t\t\t\t\t\"codeValue\": \"S\"\n\t\t\t\t\t\t\t\t\t},\n\t\t\t\t\t\t\t\t\t\"amountValue\": \"1706.25\",\n\t\t\t\t\t\t\t\t\t\"currencyCode\": \"USD\"\n\t\t\t\t\t\t\t\t}\n\t\t\t\t\t\t\t},\n\t\t\t\t\t\t\t\"payCycleCode\": {\n\t\t\t\t\t\t\t\t\"codeValue\": \"S\"\n\t\t\t\t\t\t\t}\n\t\t\t\t\t\t}\n\t\t\t\t\t},\n\t\t\t\t\t\"offerAssignment\": {\n\t\t\t\t\t\t\"jobCode\": {\n\t\t\t\t\t\t\t\"codeValue\": \"ADMIN\"\n\t\t\t\t\t\t},\n\t\t\t\t\t\t\n\t\t\t\t\t\t\"workerTypeCode\": {\n\t\t\t\t\t\t\t\"codeValue\": \"1099\"\n\t\t\t\t\t\t},\n\t\t\t\t\t\t\"homeOrganizationalUnits\": [{\n\t\t\t\t\t\t\t\t\"nameCode\": {\n\t\t\t\t\t\t\t\t\t\"codeValue\": \"VK301\"\n\t\t\t\t\t\t\t\t},\n\t\t\t\t\t\t\t\t\"typeCode\": {\n\t\t\t\t\t\t\t\t\t\"codeValue\": \"Location\"\n\t\t\t\t\t\t\t\t}\n\t\t\t\t\t\t\t},\n\t\t\t\t\t\t\t{\n\t\t\t\t\t\t\t\t\"nameCode\": {\n\t\t\t\t\t\t\t\t\t\"codeValue\": \"\"\n\t\t\t\t\t\t\t\t},\n\t\t\t\t\t\t\t\t\"typeCode\": {\n\t\t\t\t\t\t\t\t\t\"codeValue\": \"Business Unit\"\n\t\t\t\t\t\t\t\t}\n\t\t\t\t\t\t\t}\n\t\t\t\t\t\t],\n\t\t\t\t\t\t\"wageLawCoverage\": {\n\t\t\t\t\t\t\t\"wageLawNameCode\": {\n\t\t\t\t\t\t\t\t\"codeValue\": \"E\"\n\t\t\t\t\t\t\t}\n\t\t\t\t\t\t},\n\t\t\t\t\t\t\"occupationalClassifications\": {\n\t\t\t\t\t\t\t\"classificationCode\": {\n\t\t\t\t\t\t\t\t\"codeValue\": \"SYS:4:3623\",\n\t\t\t\t\t\t\t\t\"shortName\": \"2 - Professionals\"\n\t\t\t\t\t\t\t}\n\t\t\t\t\t\t}\n\t\t\t\t\t}\n\t\t\t\t},\n\t\t\t\t\"applicant\": {\n\t\t\t\t\t\"person\": {\n\t\t\t\t\t\t\"legalName\": {\n\t\t\t\t\t\t\t\"givenName\": \"Test\",\n\t\t\t\t\t\t\t\"middleName\": \"\",\n\t\t\t\t\t\t\t\"familyName1\": \"HR and payroll{{number}}\"\n\t\t\t\t\t\t},\n\t\t\t\t\t\t\"governmentIDs\": [{\n\t\t\t\t\t\t\t\"nameCode\": {\n\t\t\t\t\t\t\t\t\"codeValue\": \"SSN\"\n\t\t\t\t\t\t\t},\n\t\t\t\t\t\t\t\"idValue\": \"166785231\"\n\t\t\t\t\t\t}],\n\t\t\t\t\t\t\"legalAddress\": {\n\t\t\t\t\t\t\t\"lineOne\": \"1150 Lake Shadow Cir., 3206\",\n\t\t\t\t\t\t\t\"lineTwo\": \"\",\n\t\t\t\t\t\t\t\"cityName\": \"Maitland\",\n\t\t\t\t\t\t\t\"countrySubdivisionLevel1\": {\n\t\t\t\t\t\t\t\t\"subdivisionType\": \"StateTerritory\",\n\t\t\t\t\t\t\t\t\"codeValue\": \"FL\"\n\t\t\t\t\t\t\t},\n\t\t\t\t\t\t\t\"countrySubdivisionLevel2\": {\n\t\t\t\t\t\t\t\t\"codeValue\": \"\"\n\t\t\t\t\t\t\t},\n\t\t\t\t\t\t\t\"countryCode\": \"US\",\n\t\t\t\t\t\t\t\"postalCode\": \"32751\"\n\t\t\t\t\t\t},\n\t\t\t\t\t\t\"communication\": {\n\t\t\t\t\t\t\t\"landlines\": [{\n\t\t\t\t\t\t\t\t\"areaDialing\": \"407\",\n\t\t\t\t\t\t\t\t\"dialNumber\": \"620-2579\"\n\t\t\t\t\t\t\t}],\n\t\t\t\t\t\t\t\"mobiles\": [{\n\t\t\t\t\t\t\t\t\"areaDialing\": \"\",\n\t\t\t\t\t\t\t\t\"dialNumber\": \"\"\n\t\t\t\t\t\t\t}],\n\t\t\t\t\t\t\t\"emails\": [{\n\t\t\t\t\t\t\t\t\"emailUri\": \"test{{number}}@onboard.com\"\n\t\t\t\t\t\t\t}]\n\t\t\t\t\t\t},\n\t\t\t\t\t\t\"birthDate\": \"\",\n\t\t\t\t\t\t\"genderCode\": {\n\t\t\t\t\t\t\t\"codeValue\": \"F\"\n\t\t\t\t\t\t},\n\t\t\t\t\t\t\"raceCode\": {\n\t\t\t\t\t\t\t\"codeValue\": \"1\",\n\t\t\t\t\t\t\t\"identificationMethodCode\": {\n\t\t\t\t\t\t\t\t\"codeValue\": \"SID\"\n\t\t\t\t\t\t\t}\n\t\t\t\t\t\t}\n\t\t\t\t\t}\n\t\t\t\t}\n\t\t\t}\n\t\t}\n\t}]\n}"
				},
				"url": "https://api.adp.com/events/staffing/v1/applicant.onboard"
			},
			"response": []
		},
		{
			"name": "TEMPLATE - HR + Time",
			"event": [
				{
					"listen": "prerequest",
					"script": {
						"id": "a191ed0f-2fb3-4255-bdde-0ffaf136d87b",
						"exec": [
							"postman.setGlobalVariable('number', Math.floor(Math.random() * 786));",
							"",
							"var moment = require('moment')",
							"pm.globals.set(\"timestamp\", moment().format(\"MM/DD/YYYY\"))"
						],
						"type": "text/javascript"
					}
				}
			],
			"request": {
				"method": "POST",
				"header": [
					{
						"key": "Content-Type",
						"name": "Content-Type",
						"type": "text",
						"value": "application/json"
					},
					{
						"key": "Authorization",
						"type": "text",
						"value": "Bearer {{accessToken-prod}}"
					}
				],
				"body": {
					"mode": "raw",
					"raw": "{\n\t\"events\": [{\n\t\t\"data\": {\n\t\t\t\"transform\": {\n\t\t\t\t\"eventReasonCode\": {\n\t\t\t\t\t\"codeValue\": \"CURR-ExistingPosition\"\n\t\t\t\t},\n\t\t\t\t\"templateNameCode\": {\n \"codeValue\": \"HR + Time (System) - US\"\n },\n\t\t\t\t\"jobOffer\": {\n\t\t\t\t\t\"offerTerms\": {\n\t\t\t\t\t\t\"expectedStartDate\": \"{{timestamp}} 10:00:00 AM\",\n\t\t\t\t\t\t\"compensation\": {\n\t\t\t\t\t\t\t\"baseRemuneration\": {\n\t\t\t\t\t\t\t\t\"payPeriodRateAmount\": {\n\t\t\t\t\t\t\t\t\t\"nameCode\": {\n\t\t\t\t\t\t\t\t\t\t\"codeValue\": \"S\"\n\t\t\t\t\t\t\t\t\t},\n\t\t\t\t\t\t\t\t\t\"amountValue\": \"1706.25\",\n\t\t\t\t\t\t\t\t\t\"currencyCode\": \"USD\"\n\t\t\t\t\t\t\t\t}\n\t\t\t\t\t\t\t},\n\t\t\t\t\t\t\t\"payCycleCode\": {\n\t\t\t\t\t\t\t\t\"codeValue\": \"S\"\n\t\t\t\t\t\t\t}\n\t\t\t\t\t\t}\n\t\t\t\t\t},\n\t\t\t\t\t\"offerAssignment\": {\n\t\t\t\t\t\t\"jobCode\": {\n\t\t\t\t\t\t\t\"codeValue\": \"ADMIN\"\n\t\t\t\t\t\t},\n\t\t\t\t\t\t\"payrollGroupCode\": \"938\",\n\t\t\t\t\t\t\"workerTypeCode\": {\n\t\t\t\t\t\t\t\"codeValue\": \"1099\"\n\t\t\t\t\t\t},\n\t\t\t\t\t\t\"homeOrganizationalUnits\": [{\n\t\t\t\t\t\t\t\t\"nameCode\": {\n\t\t\t\t\t\t\t\t\t\"codeValue\": \"VK301\"\n\t\t\t\t\t\t\t\t},\n\t\t\t\t\t\t\t\t\"typeCode\": {\n\t\t\t\t\t\t\t\t\t\"codeValue\": \"Location\"\n\t\t\t\t\t\t\t\t}\n\t\t\t\t\t\t\t},\n\t\t\t\t\t\t\t{\n\t\t\t\t\t\t\t\t\"nameCode\": {\n\t\t\t\t\t\t\t\t\t\"codeValue\": \"\"\n\t\t\t\t\t\t\t\t},\n\t\t\t\t\t\t\t\t\"typeCode\": {\n\t\t\t\t\t\t\t\t\t\"codeValue\": \"Business Unit\"\n\t\t\t\t\t\t\t\t}\n\t\t\t\t\t\t\t}\n\t\t\t\t\t\t],\n\t\t\t\t\t\t\"wageLawCoverage\": {\n\t\t\t\t\t\t\t\"wageLawNameCode\": {\n\t\t\t\t\t\t\t\t\"codeValue\": \"E\"\n\t\t\t\t\t\t\t}\n\t\t\t\t\t\t},\n\t\t\t\t\t\t\"occupationalClassifications\": {\n\t\t\t\t\t\t\t\"classificationCode\": {\n\t\t\t\t\t\t\t\t\"codeValue\": \"SYS:4:3623\",\n\t\t\t\t\t\t\t\t\"shortName\": \"2 - Professionals\"\n\t\t\t\t\t\t\t}\n\t\t\t\t\t\t}\n\t\t\t\t\t}\n\t\t\t\t},\n\t\t\t\t\"applicant\": {\n\t\t\t\t\t\"person\": {\n\t\t\t\t\t\t\"legalName\": {\n\t\t\t\t\t\t\t\"givenName\": \"Test\",\n\t\t\t\t\t\t\t\"middleName\": \"\",\n\t\t\t\t\t\t\t\"familyName1\": \"Hr Time{{number}}\"\n\t\t\t\t\t\t},\n\t\t\t\t\t\t\"governmentIDs\": [{\n\t\t\t\t\t\t\t\"nameCode\": {\n\t\t\t\t\t\t\t\t\"codeValue\": \"SSN\"\n\t\t\t\t\t\t\t},\n\t\t\t\t\t\t\t\"idValue\": \"166785230\"\n\t\t\t\t\t\t}],\n\t\t\t\t\t\t\"legalAddress\": {\n\t\t\t\t\t\t\t\"lineOne\": \"1150 Lake Shadow Cir., 3206\",\n\t\t\t\t\t\t\t\"lineTwo\": \"\",\n\t\t\t\t\t\t\t\"cityName\": \"Maitland\",\n\t\t\t\t\t\t\t\"countrySubdivisionLevel1\": {\n\t\t\t\t\t\t\t\t\"subdivisionType\": \"StateTerritory\",\n\t\t\t\t\t\t\t\t\"codeValue\": \"FL\"\n\t\t\t\t\t\t\t},\n\t\t\t\t\t\t\t\"countrySubdivisionLevel2\": {\n\t\t\t\t\t\t\t\t\"codeValue\": \"\"\n\t\t\t\t\t\t\t},\n\t\t\t\t\t\t\t\"countryCode\": \"US\",\n\t\t\t\t\t\t\t\"postalCode\": \"32751\"\n\t\t\t\t\t\t},\n\t\t\t\t\t\t\"communication\": {\n\t\t\t\t\t\t\t\"landlines\": [{\n\t\t\t\t\t\t\t\t\"areaDialing\": \"407\",\n\t\t\t\t\t\t\t\t\"dialNumber\": \"620-2579\"\n\t\t\t\t\t\t\t}],\n\t\t\t\t\t\t\t\"mobiles\": [{\n\t\t\t\t\t\t\t\t\"areaDialing\": \"\",\n\t\t\t\t\t\t\t\t\"dialNumber\": \"\"\n\t\t\t\t\t\t\t}],\n\t\t\t\t\t\t\t\"emails\": [{\n\t\t\t\t\t\t\t\t\"emailUri\": \"Test{{number}}@onboard.com\"\n\t\t\t\t\t\t\t}]\n\t\t\t\t\t\t},\n\t\t\t\t\t\t\"birthDate\": \"\",\n\t\t\t\t\t\t\"genderCode\": {\n\t\t\t\t\t\t\t\"codeValue\": \"F\"\n\t\t\t\t\t\t},\n\t\t\t\t\t\t\"raceCode\": {\n\t\t\t\t\t\t\t\"codeValue\": \"1\",\n\t\t\t\t\t\t\t\"identificationMethodCode\": {\n\t\t\t\t\t\t\t\t\"codeValue\": \"SID\"\n\t\t\t\t\t\t\t}\n\t\t\t\t\t\t}\n\t\t\t\t\t}\n\t\t\t\t}\n\t\t\t}\n\t\t}\n\t}]\n}"
				},
				"url": "https://api.adp.com/events/staffing/v1/applicant.onboard"
			},
			"response": []
		},
		{
			"name": "TEMPLATE - QuickHire - http 400 Template Invalid",
			"event": [
				{
					"listen": "prerequest",
					"script": {
						"id": "2e4eebcf-fca3-4d30-9a8f-8779cb7b0082",
						"exec": [
							"postman.setGlobalVariable('number', Math.floor(Math.random() * 786));",
							"",
							"var moment = require('moment')",
							"pm.globals.set(\"timestamp\", moment().format(\"MM/DD/YYYY\"))"
						],
						"type": "text/javascript"
					}
				}
			],
			"request": {
				"method": "POST",
				"header": [
					{
						"key": "Content-Type",
						"name": "Content-Type",
						"type": "text",
						"value": "application/json"
					},
					{
						"key": "Authorization",
						"type": "text",
						"value": "Bearer {{accessToken-prod}}"
					}
				],
				"body": {
					"mode": "raw",
					"raw": "{\n\t\"events\": [{\n\t\t\"data\": {\n\t\t\t\"transform\": {\n\t\t\t\t\"eventReasonCode\": {\n\t\t\t\t\t\"codeValue\": \"CURR-ExistingPosition\"\n\t\t\t\t},\n\n\t\t\t\t\"templateNameCode\": {\n \"codeValue\": \"QuickHire - US\"\n },\n\t\t\t\t\n\t\t\t\t\"jobOffer\": {\n\t\t\t\t\t\"offerTerms\": {\n\t\t\t\t\t\t\"expectedStartDate\": \"{{timestamp}} 10:00:00 AM\",\n\t\t\t\t\t\t\"compensation\": {\n\t\t\t\t\t\t\t\"baseRemuneration\": {\n\t\t\t\t\t\t\t\t\"payPeriodRateAmount\": {\n\t\t\t\t\t\t\t\t\t\"nameCode\": {\n\t\t\t\t\t\t\t\t\t\t\"codeValue\": \"S\"\n\t\t\t\t\t\t\t\t\t},\n\t\t\t\t\t\t\t\t\t\"amountValue\": \"1706.25\",\n\t\t\t\t\t\t\t\t\t\"currencyCode\": \"USD\"\n\t\t\t\t\t\t\t\t}\n\t\t\t\t\t\t\t},\n\t\t\t\t\t\t\t\"payCycleCode\": {\n\t\t\t\t\t\t\t\t\"codeValue\": \"S\"\n\t\t\t\t\t\t\t}\n\t\t\t\t\t\t}\n\t\t\t\t\t},\n\t\t\t\t\t\"offerAssignment\": {\n\t\t\t\t\t\t\"jobCode\": {\n\t\t\t\t\t\t\t\"codeValue\": \"ADMIN\"\n\t\t\t\t\t\t},\n\t\t\t\t\t\t\n\t\t\t\t\t\t\"workerTypeCode\": {\n\t\t\t\t\t\t\t\"codeValue\": \"1099\"\n\t\t\t\t\t\t},\n\t\t\t\t\t\t\"homeOrganizationalUnits\": [{\n\t\t\t\t\t\t\t\t\"nameCode\": {\n\t\t\t\t\t\t\t\t\t\"codeValue\": \"VK301\"\n\t\t\t\t\t\t\t\t},\n\t\t\t\t\t\t\t\t\"typeCode\": {\n\t\t\t\t\t\t\t\t\t\"codeValue\": \"Location\"\n\t\t\t\t\t\t\t\t}\n\t\t\t\t\t\t\t},\n\t\t\t\t\t\t\t{\n\t\t\t\t\t\t\t\t\"nameCode\": {\n\t\t\t\t\t\t\t\t\t\"codeValue\": \"\"\n\t\t\t\t\t\t\t\t},\n\t\t\t\t\t\t\t\t\"typeCode\": {\n\t\t\t\t\t\t\t\t\t\"codeValue\": \"Business Unit\"\n\t\t\t\t\t\t\t\t}\n\t\t\t\t\t\t\t}\n\t\t\t\t\t\t],\n\t\t\t\t\t\t\"wageLawCoverage\": {\n\t\t\t\t\t\t\t\"wageLawNameCode\": {\n\t\t\t\t\t\t\t\t\"codeValue\": \"E\"\n\t\t\t\t\t\t\t}\n\t\t\t\t\t\t},\n\t\t\t\t\t\t\"occupationalClassifications\": {\n\t\t\t\t\t\t\t\"classificationCode\": {\n\t\t\t\t\t\t\t\t\"codeValue\": \"SYS:4:3623\",\n\t\t\t\t\t\t\t\t\"shortName\": \"2 - Professionals\"\n\t\t\t\t\t\t\t}\n\t\t\t\t\t\t}\n\t\t\t\t\t}\n\t\t\t\t},\n\t\t\t\t\"applicant\": {\n\t\t\t\t\t\"person\": {\n\t\t\t\t\t\t\"legalName\": {\n\t\t\t\t\t\t\t\"givenName\": \"Test\",\n\t\t\t\t\t\t\t\"middleName\": \"\",\n\t\t\t\t\t\t\t\"familyName1\": \"Quick Hire{{number}}\"\n\t\t\t\t\t\t},\n\t\t\t\t\t\t\"governmentIDs\": [{\n\t\t\t\t\t\t\t\"nameCode\": {\n\t\t\t\t\t\t\t\t\"codeValue\": \"SSN\"\n\t\t\t\t\t\t\t},\n\t\t\t\t\t\t\t\"idValue\": \"166785{{number}}\"\n\t\t\t\t\t\t}],\n\t\t\t\t\t\t\"legalAddress\": {\n\t\t\t\t\t\t\t\"lineOne\": \"1150 Lake Shadow Cir., 3206\",\n\t\t\t\t\t\t\t\"lineTwo\": \"\",\n\t\t\t\t\t\t\t\"cityName\": \"Maitland\",\n\t\t\t\t\t\t\t\"countrySubdivisionLevel1\": {\n\t\t\t\t\t\t\t\t\"subdivisionType\": \"StateTerritory\",\n\t\t\t\t\t\t\t\t\"codeValue\": \"FL\"\n\t\t\t\t\t\t\t},\n\t\t\t\t\t\t\t\"countrySubdivisionLevel2\": {\n\t\t\t\t\t\t\t\t\"codeValue\": \"\"\n\t\t\t\t\t\t\t},\n\t\t\t\t\t\t\t\"countryCode\": \"US\",\n\t\t\t\t\t\t\t\"postalCode\": \"32751\"\n\t\t\t\t\t\t},\n\t\t\t\t\t\t\"communication\": {\n\t\t\t\t\t\t\t\"landlines\": [{\n\t\t\t\t\t\t\t\t\"areaDialing\": \"407\",\n\t\t\t\t\t\t\t\t\"dialNumber\": \"620-2579\"\n\t\t\t\t\t\t\t}],\n\t\t\t\t\t\t\t\"mobiles\": [{\n\t\t\t\t\t\t\t\t\"areaDialing\": \"\",\n\t\t\t\t\t\t\t\t\"dialNumber\": \"\"\n\t\t\t\t\t\t\t}],\n\t\t\t\t\t\t\t\"emails\": [{\n\t\t\t\t\t\t\t\t\"emailUri\": \"test{{number}}@onboard.com\"\n\t\t\t\t\t\t\t}]\n\t\t\t\t\t\t},\n\t\t\t\t\t\t\"birthDate\": \"\",\n\t\t\t\t\t\t\"genderCode\": {\n\t\t\t\t\t\t\t\"codeValue\": \"F\"\n\t\t\t\t\t\t},\n\t\t\t\t\t\t\"raceCode\": {\n\t\t\t\t\t\t\t\"codeValue\": \"1\",\n\t\t\t\t\t\t\t\"identificationMethodCode\": {\n\t\t\t\t\t\t\t\t\"codeValue\": \"SID\"\n\t\t\t\t\t\t\t}\n\t\t\t\t\t\t}\n\t\t\t\t\t}\n\t\t\t\t}\n\t\t\t}\n\t\t}\n\t}]\n}"
				},
				"url": "https://api.adp.com/events/staffing/v1/applicant.onboard"
			},
			"response": []
		},
		{
			"name": "TEMPLATE - International Employees - http 400 Template Invalid",
			"event": [
				{
					"listen": "prerequest",
					"script": {
						"id": "12f05318-a679-44e6-b8ef-881de504bdb2",
						"exec": [
							"postman.setGlobalVariable('number', Math.floor(Math.random() * 786));",
							"",
							"var moment = require('moment')",
							"pm.globals.set(\"timestamp\", moment().format(\"MM/DD/YYYY\"))"
						],
						"type": "text/javascript"
					}
				}
			],
			"request": {
				"method": "POST",
				"header": [
					{
						"key": "Content-Type",
						"name": "Content-Type",
						"type": "text",
						"value": "application/json"
					},
					{
						"key": "Authorization",
						"type": "text",
						"value": "Bearer {{accessToken-prod}}"
					}
				],
				"body": {
					"mode": "raw",
					"raw": "{\n\t\"events\": [{\n\t\t\"data\": {\n\t\t\t\"transform\": {\n\t\t\t\t\"eventReasonCode\": {\n\t\t\t\t\t\"codeValue\": \"CURR-ExistingPosition\"\n\t\t\t\t},\n\n\t\t\t\t\"templateNameCode\": {\n \"codeValue\": \"International (System) - International\"\n },\n\t\t\t\t\n\t\t\t\t\"jobOffer\": {\n\t\t\t\t\t\"offerTerms\": {\n\t\t\t\t\t\t\"expectedStartDate\": \"{{timestamp}} 10:00:00 AM\",\n\t\t\t\t\t\t\"compensation\": {\n\t\t\t\t\t\t\t\"baseRemuneration\": {\n\t\t\t\t\t\t\t\t\"payPeriodRateAmount\": {\n\t\t\t\t\t\t\t\t\t\"nameCode\": {\n\t\t\t\t\t\t\t\t\t\t\"codeValue\": \"S\"\n\t\t\t\t\t\t\t\t\t},\n\t\t\t\t\t\t\t\t\t\"amountValue\": \"1706.25\",\n\t\t\t\t\t\t\t\t\t\"currencyCode\": \"CAD\"\n\t\t\t\t\t\t\t\t}\n\t\t\t\t\t\t\t},\n\t\t\t\t\t\t\t\"payCycleCode\": {\n\t\t\t\t\t\t\t\t\"codeValue\": \"S\"\n\t\t\t\t\t\t\t}\n\t\t\t\t\t\t}\n\t\t\t\t\t},\n\t\t\t\t\t\"offerAssignment\": {\n\t\t\t\t\t\t\"jobCode\": {\n\t\t\t\t\t\t\t\"codeValue\": \"ADMIN\"\n\t\t\t\t\t\t},\n\t\t\t\t\t\t\n\t\t\t\t\t\t\"workerTypeCode\": {\n\t\t\t\t\t\t\t\"codeValue\": \"1099\"\n\t\t\t\t\t\t},\n\t\t\t\t\t\t\"homeOrganizationalUnits\": [{\n\t\t\t\t\t\t\t\t\"nameCode\": {\n\t\t\t\t\t\t\t\t\t\"codeValue\": \"VK301\"\n\t\t\t\t\t\t\t\t},\n\t\t\t\t\t\t\t\t\"typeCode\": {\n\t\t\t\t\t\t\t\t\t\"codeValue\": \"Location\"\n\t\t\t\t\t\t\t\t}\n\t\t\t\t\t\t\t},\n\t\t\t\t\t\t\t{\n\t\t\t\t\t\t\t\t\"nameCode\": {\n\t\t\t\t\t\t\t\t\t\"codeValue\": \"\"\n\t\t\t\t\t\t\t\t},\n\t\t\t\t\t\t\t\t\"typeCode\": {\n\t\t\t\t\t\t\t\t\t\"codeValue\": \"Business Unit\"\n\t\t\t\t\t\t\t\t}\n\t\t\t\t\t\t\t}\n\t\t\t\t\t\t],\n\t\t\t\t\t\t\"wageLawCoverage\": {\n\t\t\t\t\t\t\t\"wageLawNameCode\": {\n\t\t\t\t\t\t\t\t\"codeValue\": \"E\"\n\t\t\t\t\t\t\t}\n\t\t\t\t\t\t},\n\t\t\t\t\t\t\"occupationalClassifications\": {\n\t\t\t\t\t\t\t\"classificationCode\": {\n\t\t\t\t\t\t\t\t\"codeValue\": \"SYS:4:3623\",\n\t\t\t\t\t\t\t\t\"shortName\": \"2 - Professionals\"\n\t\t\t\t\t\t\t}\n\t\t\t\t\t\t}\n\t\t\t\t\t}\n\t\t\t\t},\n\t\t\t\t\"applicant\": {\n\t\t\t\t\t\"person\": {\n\t\t\t\t\t\t\"legalName\": {\n\t\t\t\t\t\t\t\"givenName\": \"Test\",\n\t\t\t\t\t\t\t\"middleName\": \"\",\n\t\t\t\t\t\t\t\"familyName1\": \"International{{number}}\"\n\t\t\t\t\t\t},\n\t\t\t\t\t\t\"governmentIDs\": [{\n\t\t\t\t\t\t\t\"nameCode\": {\n\t\t\t\t\t\t\t\t\"codeValue\": \"SSN\"\n\t\t\t\t\t\t\t},\n\t\t\t\t\t\t\t\"idValue\": \"166785{{number}}\"\n\t\t\t\t\t\t}],\n\t\t\t\t\t\t\"legalAddress\": {\n\t\t\t\t\t\t\t\"lineOne\": \"1150 Lake Shadow Cir., 3206\",\n\t\t\t\t\t\t\t\"lineTwo\": \"\",\n\t\t\t\t\t\t\t\"cityName\": \"Maitland\",\n\t\t\t\t\t\t\t\"countrySubdivisionLevel1\": {\n\t\t\t\t\t\t\t\t\"subdivisionType\": \"StateTerritory\",\n\t\t\t\t\t\t\t\t\"codeValue\": \"FL\"\n\t\t\t\t\t\t\t},\n\t\t\t\t\t\t\t\"countrySubdivisionLevel2\": {\n\t\t\t\t\t\t\t\t\"codeValue\": \"\"\n\t\t\t\t\t\t\t},\n\t\t\t\t\t\t\t\"countryCode\": \"CA\",\n\t\t\t\t\t\t\t\"postalCode\": \"32751\"\n\t\t\t\t\t\t},\n\t\t\t\t\t\t\"communication\": {\n\t\t\t\t\t\t\t\"landlines\": [{\n\t\t\t\t\t\t\t\t\"areaDialing\": \"407\",\n\t\t\t\t\t\t\t\t\"dialNumber\": \"620-2579\"\n\t\t\t\t\t\t\t}],\n\t\t\t\t\t\t\t\"mobiles\": [{\n\t\t\t\t\t\t\t\t\"areaDialing\": \"\",\n\t\t\t\t\t\t\t\t\"dialNumber\": \"\"\n\t\t\t\t\t\t\t}],\n\t\t\t\t\t\t\t\"emails\": [{\n\t\t\t\t\t\t\t\t\"emailUri\": \"test{{number}}@onboard.com\"\n\t\t\t\t\t\t\t}]\n\t\t\t\t\t\t},\n\t\t\t\t\t\t\"birthDate\": \"\",\n\t\t\t\t\t\t\"genderCode\": {\n\t\t\t\t\t\t\t\"codeValue\": \"F\"\n\t\t\t\t\t\t},\n\t\t\t\t\t\t\"raceCode\": {\n\t\t\t\t\t\t\t\"codeValue\": \"1\",\n\t\t\t\t\t\t\t\"identificationMethodCode\": {\n\t\t\t\t\t\t\t\t\"codeValue\": \"SID\"\n\t\t\t\t\t\t\t}\n\t\t\t\t\t\t}\n\t\t\t\t\t}\n\t\t\t\t}\n\t\t\t}\n\t\t}\n\t}]\n}"
				},
				"url": "https://api.adp.com/events/staffing/v1/applicant.onboard"
			},
			"response": []
		},
		{
			"name": "http 400 Applicant Onboard WFN - First Name as blank",
			"event": [
				{
					"listen": "prerequest",
					"script": {
						"id": "2ca0a345-b254-40de-85e5-d46b5eb72c3e",
						"exec": [
							"postman.setGlobalVariable('number', Math.floor(Math.random() * 786));",
							"",
							"var moment = require('moment')",
							"pm.globals.set(\"timestamp\", moment().format(\"MM/DD/YYYY\"))"
						],
						"type": "text/javascript"
					}
				}
			],
			"request": {
				"method": "POST",
				"header": [
					{
						"key": "Content-Type",
						"name": "Content-Type",
						"type": "text",
						"value": "application/json"
					},
					{
						"key": "Authorization",
						"type": "text",
						"value": "Bearer {{accessToken-prod}}"
					}
				],
				"body": {
					"mode": "raw",
					"raw": "{\n\t\"events\": [{\n\t\t\"data\": {\n\t\t\t\"transform\": {\n\t\t\t\t\"eventReasonCode\": {\n\t\t\t\t\t\"codeValue\": \"CURR-ExistingPosition\"\n\t\t\t\t},\n\n\t\t\t\t\"templateNameCode\": {\n \"codeValue\": \"Applicant Onboard\"\n },\n\t\t\t\t\n\t\t\t\t\"jobOffer\": {\n\t\t\t\t\t\"offerTerms\": {\n\t\t\t\t\t\t\"expectedStartDate\": \"{{timestamp}} 10:00:00 AM\",\n\t\t\t\t\t\t\"compensation\": {\n\t\t\t\t\t\t\t\"baseRemuneration\": {\n\t\t\t\t\t\t\t\t\"payPeriodRateAmount\": {\n\t\t\t\t\t\t\t\t\t\"nameCode\": {\n\t\t\t\t\t\t\t\t\t\t\"codeValue\": \"S\"\n\t\t\t\t\t\t\t\t\t},\n\t\t\t\t\t\t\t\t\t\"amountValue\": \"1706.25\",\n\t\t\t\t\t\t\t\t\t\"currencyCode\": \"USD\"\n\t\t\t\t\t\t\t\t}\n\t\t\t\t\t\t\t},\n\t\t\t\t\t\t\t\"payCycleCode\": {\n\t\t\t\t\t\t\t\t\"codeValue\": \"S\"\n\t\t\t\t\t\t\t}\n\t\t\t\t\t\t}\n\t\t\t\t\t},\n\t\t\t\t\t\"offerAssignment\": {\n\t\t\t\t\t\t\"jobCode\": {\n\t\t\t\t\t\t\t\"codeValue\": \"ADMIN\"\n\t\t\t\t\t\t},\n\t\t\t\t\t\t\n\t\t\t\t\t\t\"workerTypeCode\": {\n\t\t\t\t\t\t\t\"codeValue\": \"1099\"\n\t\t\t\t\t\t},\n\t\t\t\t\t\t\"homeOrganizationalUnits\": [{\n\t\t\t\t\t\t\t\t\"nameCode\": {\n\t\t\t\t\t\t\t\t\t\"codeValue\": \"VK301\"\n\t\t\t\t\t\t\t\t},\n\t\t\t\t\t\t\t\t\"typeCode\": {\n\t\t\t\t\t\t\t\t\t\"codeValue\": \"Location\"\n\t\t\t\t\t\t\t\t}\n\t\t\t\t\t\t\t},\n\t\t\t\t\t\t\t{\n\t\t\t\t\t\t\t\t\"nameCode\": {\n\t\t\t\t\t\t\t\t\t\"codeValue\": \"\"\n\t\t\t\t\t\t\t\t},\n\t\t\t\t\t\t\t\t\"typeCode\": {\n\t\t\t\t\t\t\t\t\t\"codeValue\": \"Business Unit\"\n\t\t\t\t\t\t\t\t}\n\t\t\t\t\t\t\t}\n\t\t\t\t\t\t],\n\t\t\t\t\t\t\"wageLawCoverage\": {\n\t\t\t\t\t\t\t\"wageLawNameCode\": {\n\t\t\t\t\t\t\t\t\"codeValue\": \"E\"\n\t\t\t\t\t\t\t}\n\t\t\t\t\t\t},\n\t\t\t\t\t\t\"occupationalClassifications\": {\n\t\t\t\t\t\t\t\"classificationCode\": {\n\t\t\t\t\t\t\t\t\"codeValue\": \"SYS:4:3623\",\n\t\t\t\t\t\t\t\t\"shortName\": \"2 - Professionals\"\n\t\t\t\t\t\t\t}\n\t\t\t\t\t\t}\n\t\t\t\t\t}\n\t\t\t\t},\n\t\t\t\t\"applicant\": {\n\t\t\t\t\t\"person\": {\n\t\t\t\t\t\t\"legalName\": {\n\t\t\t\t\t\t\t\"givenName\": \"\",\n\t\t\t\t\t\t\t\"middleName\": \"\",\n\t\t\t\t\t\t\t\"familyName1\": \"Applicant Onboard\"\n\t\t\t\t\t\t},\n\t\t\t\t\t\t\"governmentIDs\": [{\n\t\t\t\t\t\t\t\"nameCode\": {\n\t\t\t\t\t\t\t\t\"codeValue\": \"SSN\"\n\t\t\t\t\t\t\t},\n\t\t\t\t\t\t\t\"idValue\": \"111222{{number}}\"\n\t\t\t\t\t\t}],\n\t\t\t\t\t\t\"legalAddress\": {\n\t\t\t\t\t\t\t\"lineOne\": \"1150 Lake Shadow Cir., 3206\",\n\t\t\t\t\t\t\t\"lineTwo\": \"\",\n\t\t\t\t\t\t\t\"cityName\": \"Maitland\",\n\t\t\t\t\t\t\t\"countrySubdivisionLevel1\": {\n\t\t\t\t\t\t\t\t\"subdivisionType\": \"StateTerritory\",\n\t\t\t\t\t\t\t\t\"codeValue\": \"FL\"\n\t\t\t\t\t\t\t},\n\t\t\t\t\t\t\t\"countrySubdivisionLevel2\": {\n\t\t\t\t\t\t\t\t\"codeValue\": \"\"\n\t\t\t\t\t\t\t},\n\t\t\t\t\t\t\t\"countryCode\": \"US\",\n\t\t\t\t\t\t\t\"postalCode\": \"32751\"\n\t\t\t\t\t\t},\n\t\t\t\t\t\t\"communication\": {\n\t\t\t\t\t\t\t\"landlines\": [{\n\t\t\t\t\t\t\t\t\"areaDialing\": \"407\",\n\t\t\t\t\t\t\t\t\"dialNumber\": \"620-2579\"\n\t\t\t\t\t\t\t}],\n\t\t\t\t\t\t\t\"mobiles\": [{\n\t\t\t\t\t\t\t\t\"areaDialing\": \"\",\n\t\t\t\t\t\t\t\t\"dialNumber\": \"\"\n\t\t\t\t\t\t\t}],\n\t\t\t\t\t\t\t\"emails\": [{\n\t\t\t\t\t\t\t\t\"emailUri\": \"test{{number}}@onboard.com\"\n\t\t\t\t\t\t\t}]\n\t\t\t\t\t\t},\n\t\t\t\t\t\t\"birthDate\": \"\",\n\t\t\t\t\t\t\"genderCode\": {\n\t\t\t\t\t\t\t\"codeValue\": \"F\"\n\t\t\t\t\t\t},\n\t\t\t\t\t\t\"raceCode\": {\n\t\t\t\t\t\t\t\"codeValue\": \"1\",\n\t\t\t\t\t\t\t\"identificationMethodCode\": {\n\t\t\t\t\t\t\t\t\"codeValue\": \"SID\"\n\t\t\t\t\t\t\t}\n\t\t\t\t\t\t}\n\t\t\t\t\t}\n\t\t\t\t}\n\t\t\t}\n\t\t}\n\t}]\n}"
				},
				"url": "https://api.adp.com/events/staffing/v1/applicant.onboard"
			},
			"response": []
		},
		{
			"name": "http 400 Applicant Onboard WFN - Last Name as blank",
			"event": [
				{
					"listen": "prerequest",
					"script": {
						"id": "95301704-2c19-4d08-8468-5a89180ade8f",
						"exec": [
							"postman.setGlobalVariable('number', Math.floor(Math.random() * 786));",
							"",
							"var moment = require('moment')",
							"pm.globals.set(\"timestamp\", moment().format(\"MM/DD/YYYY\"))"
						],
						"type": "text/javascript"
					}
				}
			],
			"request": {
				"method": "POST",
				"header": [
					{
						"key": "Content-Type",
						"name": "Content-Type",
						"type": "text",
						"value": "application/json"
					},
					{
						"key": "Authorization",
						"type": "text",
						"value": "Bearer {{accessToken-prod}}"
					}
				],
				"body": {
					"mode": "raw",
					"raw": "{\n\t\"events\": [{\n\t\t\"data\": {\n\t\t\t\"transform\": {\n\t\t\t\t\"eventReasonCode\": {\n\t\t\t\t\t\"codeValue\": \"CURR-ExistingPosition\"\n\t\t\t\t},\n\n\t\t\t\t\"templateNameCode\": {\n \"codeValue\": \"Applicant Onboard\"\n },\n\t\t\t\t\n\t\t\t\t\"jobOffer\": {\n\t\t\t\t\t\"offerTerms\": {\n\t\t\t\t\t\t\"expectedStartDate\": \"{{timestamp}} 10:00:00 AM\",\n\t\t\t\t\t\t\"compensation\": {\n\t\t\t\t\t\t\t\"baseRemuneration\": {\n\t\t\t\t\t\t\t\t\"payPeriodRateAmount\": {\n\t\t\t\t\t\t\t\t\t\"nameCode\": {\n\t\t\t\t\t\t\t\t\t\t\"codeValue\": \"S\"\n\t\t\t\t\t\t\t\t\t},\n\t\t\t\t\t\t\t\t\t\"amountValue\": \"1706.25\",\n\t\t\t\t\t\t\t\t\t\"currencyCode\": \"USD\"\n\t\t\t\t\t\t\t\t}\n\t\t\t\t\t\t\t},\n\t\t\t\t\t\t\t\"payCycleCode\": {\n\t\t\t\t\t\t\t\t\"codeValue\": \"S\"\n\t\t\t\t\t\t\t}\n\t\t\t\t\t\t}\n\t\t\t\t\t},\n\t\t\t\t\t\"offerAssignment\": {\n\t\t\t\t\t\t\"jobCode\": {\n\t\t\t\t\t\t\t\"codeValue\": \"ADMIN\"\n\t\t\t\t\t\t},\n\t\t\t\t\t\t\n\t\t\t\t\t\t\"workerTypeCode\": {\n\t\t\t\t\t\t\t\"codeValue\": \"1099\"\n\t\t\t\t\t\t},\n\t\t\t\t\t\t\"homeOrganizationalUnits\": [{\n\t\t\t\t\t\t\t\t\"nameCode\": {\n\t\t\t\t\t\t\t\t\t\"codeValue\": \"VK301\"\n\t\t\t\t\t\t\t\t},\n\t\t\t\t\t\t\t\t\"typeCode\": {\n\t\t\t\t\t\t\t\t\t\"codeValue\": \"Location\"\n\t\t\t\t\t\t\t\t}\n\t\t\t\t\t\t\t},\n\t\t\t\t\t\t\t{\n\t\t\t\t\t\t\t\t\"nameCode\": {\n\t\t\t\t\t\t\t\t\t\"codeValue\": \"\"\n\t\t\t\t\t\t\t\t},\n\t\t\t\t\t\t\t\t\"typeCode\": {\n\t\t\t\t\t\t\t\t\t\"codeValue\": \"Business Unit\"\n\t\t\t\t\t\t\t\t}\n\t\t\t\t\t\t\t}\n\t\t\t\t\t\t],\n\t\t\t\t\t\t\"wageLawCoverage\": {\n\t\t\t\t\t\t\t\"wageLawNameCode\": {\n\t\t\t\t\t\t\t\t\"codeValue\": \"E\"\n\t\t\t\t\t\t\t}\n\t\t\t\t\t\t},\n\t\t\t\t\t\t\"occupationalClassifications\": {\n\t\t\t\t\t\t\t\"classificationCode\": {\n\t\t\t\t\t\t\t\t\"codeValue\": \"SYS:4:3623\",\n\t\t\t\t\t\t\t\t\"shortName\": \"2 - Professionals\"\n\t\t\t\t\t\t\t}\n\t\t\t\t\t\t}\n\t\t\t\t\t}\n\t\t\t\t},\n\t\t\t\t\"applicant\": {\n\t\t\t\t\t\"person\": {\n\t\t\t\t\t\t\"legalName\": {\n\t\t\t\t\t\t\t\"givenName\": \"TestFriday{{number}}\",\n\t\t\t\t\t\t\t\"middleName\": \"\",\n\t\t\t\t\t\t\t\"familyName1\": \"\"\n\t\t\t\t\t\t},\n\t\t\t\t\t\t\"governmentIDs\": [{\n\t\t\t\t\t\t\t\"nameCode\": {\n\t\t\t\t\t\t\t\t\"codeValue\": \"SSN\"\n\t\t\t\t\t\t\t},\n\t\t\t\t\t\t\t\"idValue\": \"111222333\"\n\t\t\t\t\t\t}],\n\t\t\t\t\t\t\"legalAddress\": {\n\t\t\t\t\t\t\t\"lineOne\": \"1150 Lake Shadow Cir., 3206\",\n\t\t\t\t\t\t\t\"lineTwo\": \"\",\n\t\t\t\t\t\t\t\"cityName\": \"Maitland\",\n\t\t\t\t\t\t\t\"countrySubdivisionLevel1\": {\n\t\t\t\t\t\t\t\t\"subdivisionType\": \"StateTerritory\",\n\t\t\t\t\t\t\t\t\"codeValue\": \"FL\"\n\t\t\t\t\t\t\t},\n\t\t\t\t\t\t\t\"countrySubdivisionLevel2\": {\n\t\t\t\t\t\t\t\t\"codeValue\": \"\"\n\t\t\t\t\t\t\t},\n\t\t\t\t\t\t\t\"countryCode\": \"US\",\n\t\t\t\t\t\t\t\"postalCode\": \"32751\"\n\t\t\t\t\t\t},\n\t\t\t\t\t\t\"communication\": {\n\t\t\t\t\t\t\t\"landlines\": [{\n\t\t\t\t\t\t\t\t\"areaDialing\": \"407\",\n\t\t\t\t\t\t\t\t\"dialNumber\": \"620-2579\"\n\t\t\t\t\t\t\t}],\n\t\t\t\t\t\t\t\"mobiles\": [{\n\t\t\t\t\t\t\t\t\"areaDialing\": \"\",\n\t\t\t\t\t\t\t\t\"dialNumber\": \"\"\n\t\t\t\t\t\t\t}],\n\t\t\t\t\t\t\t\"emails\": [{\n\t\t\t\t\t\t\t\t\"emailUri\": \"test{{number}}@onboard.com\"\n\t\t\t\t\t\t\t}]\n\t\t\t\t\t\t},\n\t\t\t\t\t\t\"birthDate\": \"\",\n\t\t\t\t\t\t\"genderCode\": {\n\t\t\t\t\t\t\t\"codeValue\": \"F\"\n\t\t\t\t\t\t},\n\t\t\t\t\t\t\"raceCode\": {\n\t\t\t\t\t\t\t\"codeValue\": \"1\",\n\t\t\t\t\t\t\t\"identificationMethodCode\": {\n\t\t\t\t\t\t\t\t\"codeValue\": \"SID\"\n\t\t\t\t\t\t\t}\n\t\t\t\t\t\t}\n\t\t\t\t\t}\n\t\t\t\t}\n\t\t\t}\n\t\t}\n\t}]\n}"
				},
				"url": "https://api.adp.com/events/staffing/v1/applicant.onboard"
			},
			"response": []
		},
		{
			"name": "http 400 Applicant Onboard WFN Expected Start Date as Blank",
			"event": [
				{
					"listen": "prerequest",
					"script": {
						"id": "c1089780-74ee-426c-9a0e-0d4e7dc119f2",
						"exec": [
							"postman.setGlobalVariable('number', Math.floor(Math.random() * 786));",
							"",
							"var moment = require('moment')",
							"pm.globals.set(\"timestamp\", moment().format(\"MM/DD/YYYY\"))"
						],
						"type": "text/javascript"
					}
				}
			],
			"request": {
				"method": "POST",
				"header": [
					{
						"key": "Content-Type",
						"name": "Content-Type",
						"type": "text",
						"value": "application/json"
					},
					{
						"key": "Authorization",
						"type": "text",
						"value": "Bearer {{accessToken-prod}}"
					}
				],
				"body": {
					"mode": "raw",
					"raw": "{\n\t\"events\": [{\n\t\t\"data\": {\n\t\t\t\"transform\": {\n\t\t\t\t\"eventReasonCode\": {\n\t\t\t\t\t\"codeValue\": \"CURR-ExistingPosition\"\n\t\t\t\t},\n\n\t\t\t\t\"templateNameCode\": {\n \"codeValue\": \"Applicant Onboard\"\n },\n\t\t\t\t\n\t\t\t\t\"jobOffer\": {\n\t\t\t\t\t\"offerTerms\": {\n\t\t\t\t\t\t\"expectedStartDate\": \"\",\n\t\t\t\t\t\t\"compensation\": {\n\t\t\t\t\t\t\t\"baseRemuneration\": {\n\t\t\t\t\t\t\t\t\"payPeriodRateAmount\": {\n\t\t\t\t\t\t\t\t\t\"nameCode\": {\n\t\t\t\t\t\t\t\t\t\t\"codeValue\": \"S\"\n\t\t\t\t\t\t\t\t\t},\n\t\t\t\t\t\t\t\t\t\"amountValue\": \"1706.25\",\n\t\t\t\t\t\t\t\t\t\"currencyCode\": \"USD\"\n\t\t\t\t\t\t\t\t}\n\t\t\t\t\t\t\t},\n\t\t\t\t\t\t\t\"payCycleCode\": {\n\t\t\t\t\t\t\t\t\"codeValue\": \"S\"\n\t\t\t\t\t\t\t}\n\t\t\t\t\t\t}\n\t\t\t\t\t},\n\t\t\t\t\t\"offerAssignment\": {\n\t\t\t\t\t\t\"jobCode\": {\n\t\t\t\t\t\t\t\"codeValue\": \"ADMIN\"\n\t\t\t\t\t\t},\n\t\t\t\t\t\t\n\t\t\t\t\t\t\"workerTypeCode\": {\n\t\t\t\t\t\t\t\"codeValue\": \"1099\"\n\t\t\t\t\t\t},\n\t\t\t\t\t\t\"homeOrganizationalUnits\": [{\n\t\t\t\t\t\t\t\t\"nameCode\": {\n\t\t\t\t\t\t\t\t\t\"codeValue\": \"VK301\"\n\t\t\t\t\t\t\t\t},\n\t\t\t\t\t\t\t\t\"typeCode\": {\n\t\t\t\t\t\t\t\t\t\"codeValue\": \"Location\"\n\t\t\t\t\t\t\t\t}\n\t\t\t\t\t\t\t},\n\t\t\t\t\t\t\t{\n\t\t\t\t\t\t\t\t\"nameCode\": {\n\t\t\t\t\t\t\t\t\t\"codeValue\": \"\"\n\t\t\t\t\t\t\t\t},\n\t\t\t\t\t\t\t\t\"typeCode\": {\n\t\t\t\t\t\t\t\t\t\"codeValue\": \"Business Unit\"\n\t\t\t\t\t\t\t\t}\n\t\t\t\t\t\t\t}\n\t\t\t\t\t\t],\n\t\t\t\t\t\t\"wageLawCoverage\": {\n\t\t\t\t\t\t\t\"wageLawNameCode\": {\n\t\t\t\t\t\t\t\t\"codeValue\": \"E\"\n\t\t\t\t\t\t\t}\n\t\t\t\t\t\t},\n\t\t\t\t\t\t\"occupationalClassifications\": {\n\t\t\t\t\t\t\t\"classificationCode\": {\n\t\t\t\t\t\t\t\t\"codeValue\": \"SYS:4:3623\",\n\t\t\t\t\t\t\t\t\"shortName\": \"2 - Professionals\"\n\t\t\t\t\t\t\t}\n\t\t\t\t\t\t}\n\t\t\t\t\t}\n\t\t\t\t},\n\t\t\t\t\"applicant\": {\n\t\t\t\t\t\"person\": {\n\t\t\t\t\t\t\"legalName\": {\n\t\t\t\t\t\t\t\"givenName\": \"TestFriday\",\n\t\t\t\t\t\t\t\"middleName\": \"\",\n\t\t\t\t\t\t\t\"familyName1\": \"Applicant Onboard{{number}}\"\n\t\t\t\t\t\t},\n\t\t\t\t\t\t\"governmentIDs\": [{\n\t\t\t\t\t\t\t\"nameCode\": {\n\t\t\t\t\t\t\t\t\"codeValue\": \"SSN\"\n\t\t\t\t\t\t\t},\n\t\t\t\t\t\t\t\"idValue\": \"121222{{number}}\"\n\t\t\t\t\t\t}],\n\t\t\t\t\t\t\"legalAddress\": {\n\t\t\t\t\t\t\t\"lineOne\": \"1150 Lake Shadow Cir., 3206\",\n\t\t\t\t\t\t\t\"lineTwo\": \"\",\n\t\t\t\t\t\t\t\"cityName\": \"Maitland\",\n\t\t\t\t\t\t\t\"countrySubdivisionLevel1\": {\n\t\t\t\t\t\t\t\t\"subdivisionType\": \"StateTerritory\",\n\t\t\t\t\t\t\t\t\"codeValue\": \"FL\"\n\t\t\t\t\t\t\t},\n\t\t\t\t\t\t\t\"countrySubdivisionLevel2\": {\n\t\t\t\t\t\t\t\t\"codeValue\": \"\"\n\t\t\t\t\t\t\t},\n\t\t\t\t\t\t\t\"countryCode\": \"US\",\n\t\t\t\t\t\t\t\"postalCode\": \"32751\"\n\t\t\t\t\t\t},\n\t\t\t\t\t\t\"communication\": {\n\t\t\t\t\t\t\t\"landlines\": [{\n\t\t\t\t\t\t\t\t\"areaDialing\": \"407\",\n\t\t\t\t\t\t\t\t\"dialNumber\": \"620-2579\"\n\t\t\t\t\t\t\t}],\n\t\t\t\t\t\t\t\"mobiles\": [{\n\t\t\t\t\t\t\t\t\"areaDialing\": \"\",\n\t\t\t\t\t\t\t\t\"dialNumber\": \"\"\n\t\t\t\t\t\t\t}],\n\t\t\t\t\t\t\t\"emails\": [{\n\t\t\t\t\t\t\t\t\"emailUri\": \"test{{number}}@onboard.com\"\n\t\t\t\t\t\t\t}]\n\t\t\t\t\t\t},\n\t\t\t\t\t\t\"birthDate\": \"\",\n\t\t\t\t\t\t\"genderCode\": {\n\t\t\t\t\t\t\t\"codeValue\": \"F\"\n\t\t\t\t\t\t},\n\t\t\t\t\t\t\"raceCode\": {\n\t\t\t\t\t\t\t\"codeValue\": \"1\",\n\t\t\t\t\t\t\t\"identificationMethodCode\": {\n\t\t\t\t\t\t\t\t\"codeValue\": \"SID\"\n\t\t\t\t\t\t\t}\n\t\t\t\t\t\t}\n\t\t\t\t\t}\n\t\t\t\t}\n\t\t\t}\n\t\t}\n\t}]\n}"
				},
				"url": "https://api.adp.com/events/staffing/v1/applicant.onboard"
			},
			"response": []
		}
	],
	"event": [
		{
			"listen": "prerequest",
			"script": {
				"id": "1a08132b-1044-4404-936a-8f4192605bd3",
				"type": "text/javascript",
				"exec": [
					""
				]
			}
		},
		{
			"listen": "test",
			"script": {
				"id": "55ae288b-4c44-43a2-ac4e-ff6cab09c5ca",
				"type": "text/javascript",
				"exec": [
					""
				]
			}
		}
	]
}