{
	"info": {
		"_postman_id": "d21f0bc1-c927-46e2-ae60-4edcc222e0ea",
		"name": "Talent Profile-Languages-WFN-IAT GITHUB B2B",
		"schema": "https://schema.getpostman.com/json/collection/v2.1.0/collection.json"
	},
	"item": [
		{
			"name": "GET associate-languages",
			"item": [
				{
					"name": "Retrieve the associates Language details(All languages)",
					"request": {
						"method": "GET",
						"header": [
							{
								"key": "Authorization",
								"type": "text",
								"value": "Bearer 48f9239e-e536-48cd-997e-98510a35fe34"
							},
							{
								"key": "If-None-Match",
								"type": "text",
								"value": "true",
								"disabled": true
							}
						],
						"url": {
							"raw": "https://iat-api.adp.com/talent/v2/associates/G372T336YEJ00G3E/associate-languages",
							"protocol": "https",
							"host": [
								"iat-api",
								"adp",
								"com"
							],
							"path": [
								"talent",
								"v2",
								"associates",
								"G372T336YEJ00G3E",
								"associate-languages"
							]
						}
					},
					"response": []
				},
				{
					"name": "Retrieve the associates Language details(individual language)",
					"request": {
						"method": "GET",
						"header": [
							{
								"key": "Authorization",
								"type": "text",
								"value": "Bearer dc1d4380-80ad-4b95-b0f5-c2fee60defb5"
							},
							{
								"key": "If-None-Match",
								"type": "text",
								"value": "true",
								"disabled": true
							}
						],
						"url": {
							"raw": "https://iat-api.adp.com/talent/v2/associates/G372T336YEJ00G3E/associate-languages/169740566993_272",
							"protocol": "https",
							"host": [
								"iat-api",
								"adp",
								"com"
							],
							"path": [
								"talent",
								"v2",
								"associates",
								"G372T336YEJ00G3E",
								"associate-languages",
								"169740566993_272"
							]
						}
					},
					"response": []
				},
				{
					"name": "Neg-Retrieve the associates Language details with invalid itemID of language",
					"request": {
						"method": "GET",
						"header": [
							{
								"key": "Authorization",
								"type": "text",
								"value": "Bearer dc1d4380-80ad-4b95-b0f5-c2fee60defb5"
							},
							{
								"key": "If-None-Match",
								"type": "text",
								"value": "true",
								"disabled": true
							}
						],
						"url": {
							"raw": "https://iat-api.adp.com/talent/v2/associates/G372T336YEJ00G3E/associate-languages/169740566993_2756",
							"protocol": "https",
							"host": [
								"iat-api",
								"adp",
								"com"
							],
							"path": [
								"talent",
								"v2",
								"associates",
								"G372T336YEJ00G3E",
								"associate-languages",
								"169740566993_2756"
							]
						}
					},
					"response": []
				},
				{
					"name": "Neg-Retrieve the associates Language details with invalid AOID",
					"request": {
						"method": "GET",
						"header": [
							{
								"key": "Authorization",
								"type": "text",
								"value": "Bearer dc1d4380-80ad-4b95-b0f5-c2fee60defb5"
							},
							{
								"key": "If-None-Match",
								"type": "text",
								"value": "true",
								"disabled": true
							}
						],
						"url": {
							"raw": "https://iat-api.adp.com/talent/v2/associates/G372T336YEJ00G3E/associate-languages/169740566993_2756",
							"protocol": "https",
							"host": [
								"iat-api",
								"adp",
								"com"
							],
							"path": [
								"talent",
								"v2",
								"associates",
								"G372T336YEJ00G3E",
								"associate-languages",
								"169740566993_2756"
							]
						}
					},
					"response": []
				}
			],
			"protocolProfileBehavior": {}
		},
		{
			"name": "ADD associate-languages",
			"item": [
				{
					"name": "Add language details for an employee",
					"request": {
						"method": "POST",
						"header": [
							{
								"key": "Authorization",
								"type": "text",
								"value": "Bearer 868cb856-ae04-4a0f-a9fc-e1ba14588a7e"
							},
							{
								"key": "Content-Type",
								"name": "Content-Type",
								"type": "text",
								"value": "application/json",
								"disabled": true
							}
						],
						"body": {
							"mode": "raw",
							"raw": "{\r  \"events\": [\r    {\r      \"data\": {\r        \"transform\": {\r          \"associateLanguage\": {\r            \"languageCode\": {\r              \"codeValue\": \"4\",\r              \"shortName\": \"English\"\r            },\r            \"competencyDimensions\": [\r              {\r                \"dimensionNameCode\": {\r                  \"codeValue\": \"Spoken Proficiency\",\r                  \"shortName\": \"Spoken Proficiency\"\r                },\r                \"selfAssessedProficiencyScore\": {\r                  \"scoreCode\": {\r                    \"codeValue\": \"1\",\r                    \"shortName\": \"Elementary Fluency\"\r                  }\r                }\r              },\r              {\r                \"dimensionNameCode\": {\r                  \"codeValue\": \"Written Proficiency\",\r                  \"shortName\": \"Written Proficiency\"\r                },\r                \"selfAssessedProficiencyScore\": {\r                  \"scoreCode\": {\r                    \"codeValue\": \"1\",\r                    \"shortName\": \"Elementary Fluency\"\r                  }\r                }\r              }\r            ],\r            \r            \"nativeLanguageIndicator\": \"true\",\r            \"acquisitionDate\": \"2019-11-21\"\r          }\r        },\r        \"eventContext\": {\r          \"associateOID\": \"G372T336YEJ00G3E\"\r        }\r      },\r      \"actor\": {\r        \"associateOID\": \"G372T336YEJ00G3E\"\r      },\r      \"serviceCategoryCode\": {\r        \"codeValue\": \"workerTalentManagement\"\r      },\r      \"eventNameCode\": {\r        \"codeValue\": \"associate.ksaoc.language.add\"\r      }\r    }\r  ]\r}",
							"options": {
								"raw": {
									"language": "json"
								}
							}
						},
						"url": {
							"raw": "https://iat-api.adp.com/events/talent/v1/associate.ksaoc.language.add",
							"protocol": "https",
							"host": [
								"iat-api",
								"adp",
								"com"
							],
							"path": [
								"events",
								"talent",
								"v1",
								"associate.ksaoc.language.add"
							]
						}
					},
					"response": []
				},
				{
					"name": "Neg-Add language details for an employee with invalid language code",
					"request": {
						"method": "POST",
						"header": [
							{
								"key": "Authorization",
								"type": "text",
								"value": "Bearer 868cb856-ae04-4a0f-a9fc-e1ba14588a7e"
							},
							{
								"key": "Content-Type",
								"name": "Content-Type",
								"type": "text",
								"value": "application/json",
								"disabled": true
							}
						],
						"body": {
							"mode": "raw",
							"raw": "{\r  \"events\": [\r    {\r      \"data\": {\r        \"transform\": {\r          \"associateLanguage\": {\r            \"languageCode\": {\r              \"codeValue\": \"44\",\r              \"shortName\": \"English\"\r            },\r            \"competencyDimensions\": [\r              {\r                \"dimensionNameCode\": {\r                  \"codeValue\": \"Spoken Proficiency\",\r                  \"shortName\": \"Spoken Proficiency\"\r                },\r                \"selfAssessedProficiencyScore\": {\r                  \"scoreCode\": {\r                    \"codeValue\": \"1\",\r                    \"shortName\": \"Elementary Fluency\"\r                  }\r                }\r              },\r              {\r                \"dimensionNameCode\": {\r                  \"codeValue\": \"Written Proficiency\",\r                  \"shortName\": \"Written Proficiency\"\r                },\r                \"selfAssessedProficiencyScore\": {\r                  \"scoreCode\": {\r                    \"codeValue\": \"1\",\r                    \"shortName\": \"Elementary Fluency\"\r                  }\r                }\r              }\r            ],\r            \r            \"nativeLanguageIndicator\": \"true\",\r            \"acquisitionDate\": \"2019-11-21\"\r          }\r        },\r        \"eventContext\": {\r          \"associateOID\": \"G372T336YEJ00G3E\"\r        }\r      },\r      \"actor\": {\r        \"associateOID\": \"G372T336YEJ00G3E\"\r      },\r      \"serviceCategoryCode\": {\r        \"codeValue\": \"workerTalentManagement\"\r      },\r      \"eventNameCode\": {\r        \"codeValue\": \"associate.ksaoc.language.add\"\r      }\r    }\r  ]\r}",
							"options": {
								"raw": {
									"language": "json"
								}
							}
						},
						"url": {
							"raw": "https://iat-api.adp.com/events/talent/v1/associate.ksaoc.language.add",
							"protocol": "https",
							"host": [
								"iat-api",
								"adp",
								"com"
							],
							"path": [
								"events",
								"talent",
								"v1",
								"associate.ksaoc.language.add"
							]
						}
					},
					"response": []
				},
				{
					"name": "Neg-Add language details for an employee with invalid Spoken Proficiency",
					"request": {
						"method": "POST",
						"header": [
							{
								"key": "Authorization",
								"type": "text",
								"value": "Bearer 868cb856-ae04-4a0f-a9fc-e1ba14588a7e"
							},
							{
								"key": "Content-Type",
								"name": "Content-Type",
								"type": "text",
								"value": "application/json",
								"disabled": true
							}
						],
						"body": {
							"mode": "raw",
							"raw": "{\r  \"events\": [\r    {\r      \"data\": {\r        \"transform\": {\r          \"associateLanguage\": {\r            \"languageCode\": {\r              \"codeValue\": \"4\",\r              \"shortName\": \"English\"\r            },\r            \"competencyDimensions\": [\r              {\r                \"dimensionNameCode\": {\r                  \"codeValue\": \"Spoken Proficiency\",\r                  \"shortName\": \"Spoken Proficiency\"\r                },\r                \"selfAssessedProficiencyScore\": {\r                  \"scoreCode\": {\r                    \"codeValue\": \"112\",\r                    \"shortName\": \"Elementary Fluency\"\r                  }\r                }\r              },\r              {\r                \"dimensionNameCode\": {\r                  \"codeValue\": \"Written Proficiency\",\r                  \"shortName\": \"Written Proficiency\"\r                },\r                \"selfAssessedProficiencyScore\": {\r                  \"scoreCode\": {\r                    \"codeValue\": \"1\",\r                    \"shortName\": \"Elementary Fluency\"\r                  }\r                }\r              }\r            ],\r            \r            \"nativeLanguageIndicator\": \"true\",\r            \"acquisitionDate\": \"2019-11-21\"\r          }\r        },\r        \"eventContext\": {\r          \"associateOID\": \"G372T336YEJ00G3E\"\r        }\r      },\r      \"actor\": {\r        \"associateOID\": \"G372T336YEJ00G3E\"\r      },\r      \"serviceCategoryCode\": {\r        \"codeValue\": \"workerTalentManagement\"\r      },\r      \"eventNameCode\": {\r        \"codeValue\": \"associate.ksaoc.language.add\"\r      }\r    }\r  ]\r}",
							"options": {
								"raw": {
									"language": "json"
								}
							}
						},
						"url": {
							"raw": "https://iat-api.adp.com/events/talent/v1/associate.ksaoc.language.add",
							"protocol": "https",
							"host": [
								"iat-api",
								"adp",
								"com"
							],
							"path": [
								"events",
								"talent",
								"v1",
								"associate.ksaoc.language.add"
							]
						}
					},
					"response": []
				},
				{
					"name": "Neg-Add language details for an employee with invalid Written Proficiency",
					"request": {
						"method": "POST",
						"header": [
							{
								"key": "Authorization",
								"type": "text",
								"value": "Bearer 868cb856-ae04-4a0f-a9fc-e1ba14588a7e"
							},
							{
								"key": "Content-Type",
								"name": "Content-Type",
								"type": "text",
								"value": "application/json",
								"disabled": true
							}
						],
						"body": {
							"mode": "raw",
							"raw": "{\r  \"events\": [\r    {\r      \"data\": {\r        \"transform\": {\r          \"associateLanguage\": {\r            \"languageCode\": {\r              \"codeValue\": \"4\",\r              \"shortName\": \"English\"\r            },\r            \"competencyDimensions\": [\r              {\r                \"dimensionNameCode\": {\r                  \"codeValue\": \"Spoken Proficiency\",\r                  \"shortName\": \"Spoken Proficiency\"\r                },\r                \"selfAssessedProficiencyScore\": {\r                  \"scoreCode\": {\r                    \"codeValue\": \"1\",\r                    \"shortName\": \"Elementary Fluency\"\r                  }\r                }\r              },\r              {\r                \"dimensionNameCode\": {\r                  \"codeValue\": \"Written Proficiency\",\r                  \"shortName\": \"Written Proficiency\"\r                },\r                \"selfAssessedProficiencyScore\": {\r                  \"scoreCode\": {\r                    \"codeValue\": \"123\",\r                    \"shortName\": \"Elementary Fluency\"\r                  }\r                }\r              }\r            ],\r            \r            \"nativeLanguageIndicator\": \"true\",\r            \"acquisitionDate\": \"2019-11-21\"\r          }\r        },\r        \"eventContext\": {\r          \"associateOID\": \"G372T336YEJ00G3E\"\r        }\r      },\r      \"actor\": {\r        \"associateOID\": \"G372T336YEJ00G3E\"\r      },\r      \"serviceCategoryCode\": {\r        \"codeValue\": \"workerTalentManagement\"\r      },\r      \"eventNameCode\": {\r        \"codeValue\": \"associate.ksaoc.language.add\"\r      }\r    }\r  ]\r}",
							"options": {
								"raw": {
									"language": "json"
								}
							}
						},
						"url": {
							"raw": "https://iat-api.adp.com/events/talent/v1/associate.ksaoc.language.add",
							"protocol": "https",
							"host": [
								"iat-api",
								"adp",
								"com"
							],
							"path": [
								"events",
								"talent",
								"v1",
								"associate.ksaoc.language.add"
							]
						}
					},
					"response": []
				},
				{
					"name": "Neg-Add language details for an employee with invalid DATE format",
					"request": {
						"method": "POST",
						"header": [
							{
								"key": "Authorization",
								"type": "text",
								"value": "Bearer 868cb856-ae04-4a0f-a9fc-e1ba14588a7e"
							},
							{
								"key": "Content-Type",
								"name": "Content-Type",
								"type": "text",
								"value": "application/json",
								"disabled": true
							}
						],
						"body": {
							"mode": "raw",
							"raw": "{\r  \"events\": [\r    {\r      \"data\": {\r        \"transform\": {\r          \"associateLanguage\": {\r            \"languageCode\": {\r              \"codeValue\": \"4\",\r              \"shortName\": \"English\"\r            },\r            \"competencyDimensions\": [\r              {\r                \"dimensionNameCode\": {\r                  \"codeValue\": \"Spoken Proficiency\",\r                  \"shortName\": \"Spoken Proficiency\"\r                },\r                \"selfAssessedProficiencyScore\": {\r                  \"scoreCode\": {\r                    \"codeValue\": \"1\",\r                    \"shortName\": \"Elementary Fluency\"\r                  }\r                }\r              },\r              {\r                \"dimensionNameCode\": {\r                  \"codeValue\": \"Written Proficiency\",\r                  \"shortName\": \"Written Proficiency\"\r                },\r                \"selfAssessedProficiencyScore\": {\r                  \"scoreCode\": {\r                    \"codeValue\": \"1\",\r                    \"shortName\": \"Elementary Fluency\"\r                  }\r                }\r              }\r            ],\r            \r            \"nativeLanguageIndicator\": \"true\",\r            \"acquisitionDate\": \"11-2019-21\"\r          }\r        },\r        \"eventContext\": {\r          \"associateOID\": \"G372T336YEJ00G3E\"\r        }\r      },\r      \"actor\": {\r        \"associateOID\": \"G372T336YEJ00G3E\"\r      },\r      \"serviceCategoryCode\": {\r        \"codeValue\": \"workerTalentManagement\"\r      },\r      \"eventNameCode\": {\r        \"codeValue\": \"associate.ksaoc.language.add\"\r      }\r    }\r  ]\r}",
							"options": {
								"raw": {
									"language": "json"
								}
							}
						},
						"url": {
							"raw": "https://iat-api.adp.com/events/talent/v1/associate.ksaoc.language.add",
							"protocol": "https",
							"host": [
								"iat-api",
								"adp",
								"com"
							],
							"path": [
								"events",
								"talent",
								"v1",
								"associate.ksaoc.language.add"
							]
						}
					},
					"response": []
				},
				{
					"name": "Neg-Add language details for an employee with invalid AOID",
					"request": {
						"method": "POST",
						"header": [
							{
								"key": "Authorization",
								"type": "text",
								"value": "Bearer 868cb856-ae04-4a0f-a9fc-e1ba14588a7e"
							},
							{
								"key": "Content-Type",
								"name": "Content-Type",
								"type": "text",
								"value": "application/json",
								"disabled": true
							}
						],
						"body": {
							"mode": "raw",
							"raw": "{\r  \"events\": [\r    {\r      \"data\": {\r        \"transform\": {\r          \"associateLanguage\": {\r            \"languageCode\": {\r              \"codeValue\": \"4\",\r              \"shortName\": \"English\"\r            },\r            \"competencyDimensions\": [\r              {\r                \"dimensionNameCode\": {\r                  \"codeValue\": \"Spoken Proficiency\",\r                  \"shortName\": \"Spoken Proficiency\"\r                },\r                \"selfAssessedProficiencyScore\": {\r                  \"scoreCode\": {\r                    \"codeValue\": \"1\",\r                    \"shortName\": \"Elementary Fluency\"\r                  }\r                }\r              },\r              {\r                \"dimensionNameCode\": {\r                  \"codeValue\": \"Written Proficiency\",\r                  \"shortName\": \"Written Proficiency\"\r                },\r                \"selfAssessedProficiencyScore\": {\r                  \"scoreCode\": {\r                    \"codeValue\": \"1\",\r                    \"shortName\": \"Elementary Fluency\"\r                  }\r                }\r              }\r            ],\r            \r            \"nativeLanguageIndicator\": \"true\",\r            \"acquisitionDate\": \"2019-11-21\"\r          }\r        },\r        \"eventContext\": {\r          \"associateOID\": \"G372T336YEJ00G3EE\"\r        }\r      },\r      \"actor\": {\r        \"associateOID\": \"G372T336YEJ00G3E\"\r      },\r      \"serviceCategoryCode\": {\r        \"codeValue\": \"workerTalentManagement\"\r      },\r      \"eventNameCode\": {\r        \"codeValue\": \"associate.ksaoc.language.add\"\r      }\r    }\r  ]\r}",
							"options": {
								"raw": {
									"language": "json"
								}
							}
						},
						"url": {
							"raw": "https://iat-api.adp.com/events/talent/v1/associate.ksaoc.language.add",
							"protocol": "https",
							"host": [
								"iat-api",
								"adp",
								"com"
							],
							"path": [
								"events",
								"talent",
								"v1",
								"associate.ksaoc.language.add"
							]
						}
					},
					"response": []
				}
			],
			"protocolProfileBehavior": {}
		},
		{
			"name": "CHANGE associate-languages",
			"item": [
				{
					"name": "Update language details for an employee",
					"request": {
						"method": "POST",
						"header": [
							{
								"key": "Authorization",
								"type": "text",
								"value": "Bearer 868cb856-ae04-4a0f-a9fc-e1ba14588a7e"
							},
							{
								"key": "Content-Type",
								"name": "Content-Type",
								"type": "text",
								"value": "application/json"
							}
						],
						"body": {
							"mode": "raw",
							"raw": "{  \r  \"events\":[  \r    {  \r      \"data\":{  \r        \"transform\":{  \r          \"associateLanguage\":{  \r            \"languageCode\":{  \r              \"codeValue\":\"13\",\r              \"shortName\":\"Korean\"\r            },\r            \"competencyDimensions\":[  \r              {  \r                \"dimensionNameCode\":{  \r                  \"codeValue\":\"Spoken Proficiency\",\r                  \"shortName\":\"Spoken Proficiency\"\r                },\r                \"selfAssessedProficiencyScore\":{  \r                  \"scoreCode\":{  \r                    \"codeValue\":\"1\",\r                    \"shortName\":\"Elementary Fluency\"\r                  }\r                }\r              },\r              {  \r                \"dimensionNameCode\":{  \r                  \"codeValue\":\"Written Proficiency\",\r                  \"shortName\":\"Written Proficiency\"\r                },\r                \"selfAssessedProficiencyScore\":{  \r                  \"scoreCode\":{  \r                    \"codeValue\":\"2\",\r                    \"shortName\":\"Limited Conversational Fluency\"\r                  }\r                }\r              }\r            ],\r            \r            \"nativeLanguageIndicator\":\"false\",\r            \"acquisitionDate\":\"2019-12-30\"\r          }\r        },\r        \"eventContext\":{  \r          \"associateOID\":\"G372T336YEJ00G3E\",\r          \"associateLanguage\":{  \r            \"itemID\":\"169740566993_272\"\r          }\r        }\r      },\r      \"actor\":{  \r        \"associateOID\":\"G372T336YEJ00G3E\"\r      },\r      \"serviceCategoryCode\":{  \r        \"codeValue\":\"workerTalentManagement\"\r      },\r      \"eventNameCode\":{  \r        \"codeValue\":\"associate.ksaoc.language.change\"\r      }\r    }\r  ]\r}",
							"options": {
								"raw": {
									"language": "json"
								}
							}
						},
						"url": {
							"raw": "https://iat-api.adp.com/events/talent/v1/associate.ksaoc.language.change",
							"protocol": "https",
							"host": [
								"iat-api",
								"adp",
								"com"
							],
							"path": [
								"events",
								"talent",
								"v1",
								"associate.ksaoc.language.change"
							]
						}
					},
					"response": []
				},
				{
					"name": "Neg-Update language details for an employee with invalid itemID for a particular language",
					"request": {
						"method": "POST",
						"header": [
							{
								"key": "Authorization",
								"type": "text",
								"value": "Bearer 868cb856-ae04-4a0f-a9fc-e1ba14588a7e"
							},
							{
								"key": "Content-Type",
								"name": "Content-Type",
								"type": "text",
								"value": "application/json"
							}
						],
						"body": {
							"mode": "raw",
							"raw": "{  \r  \"events\":[  \r    {  \r      \"data\":{  \r        \"transform\":{  \r          \"associateLanguage\":{  \r            \"languageCode\":{  \r              \"codeValue\":\"13\",\r              \"shortName\":\"Korean\"\r            },\r            \"competencyDimensions\":[  \r              {  \r                \"dimensionNameCode\":{  \r                  \"codeValue\":\"Spoken Proficiency\",\r                  \"shortName\":\"Spoken Proficiency\"\r                },\r                \"selfAssessedProficiencyScore\":{  \r                  \"scoreCode\":{  \r                    \"codeValue\":\"1\",\r                    \"shortName\":\"Elementary Fluency\"\r                  }\r                }\r              },\r              {  \r                \"dimensionNameCode\":{  \r                  \"codeValue\":\"Written Proficiency\",\r                  \"shortName\":\"Written Proficiency\"\r                },\r                \"selfAssessedProficiencyScore\":{  \r                  \"scoreCode\":{  \r                    \"codeValue\":\"2\",\r                    \"shortName\":\"Limited Conversational Fluency\"\r                  }\r                }\r              }\r            ],\r            \r            \"nativeLanguageIndicator\":\"false\",\r            \"acquisitionDate\":\"2019-12-30\"\r          }\r        },\r        \"eventContext\":{  \r          \"associateOID\":\"G372T336YEJ00G3E\",\r          \"associateLanguage\":{  \r            \"itemID\":\"169740566993_2722\"\r          }\r        }\r      },\r      \"actor\":{  \r        \"associateOID\":\"G372T336YEJ00G3E\"\r      },\r      \"serviceCategoryCode\":{  \r        \"codeValue\":\"workerTalentManagement\"\r      },\r      \"eventNameCode\":{  \r        \"codeValue\":\"associate.ksaoc.language.change\"\r      }\r    }\r  ]\r}",
							"options": {
								"raw": {
									"language": "json"
								}
							}
						},
						"url": {
							"raw": "https://iat-api.adp.com/events/talent/v1/associate.ksaoc.language.change",
							"protocol": "https",
							"host": [
								"iat-api",
								"adp",
								"com"
							],
							"path": [
								"events",
								"talent",
								"v1",
								"associate.ksaoc.language.change"
							]
						}
					},
					"response": []
				},
				{
					"name": "Neg-Update language details for an employee with invalid languageCode",
					"request": {
						"method": "POST",
						"header": [
							{
								"key": "Authorization",
								"type": "text",
								"value": "Bearer 868cb856-ae04-4a0f-a9fc-e1ba14588a7e"
							},
							{
								"key": "Content-Type",
								"name": "Content-Type",
								"type": "text",
								"value": "application/json"
							}
						],
						"body": {
							"mode": "raw",
							"raw": "{  \r  \"events\":[  \r    {  \r      \"data\":{  \r        \"transform\":{  \r          \"associateLanguage\":{  \r            \"languageCode\":{  \r              \"codeValue\":\"133\",\r              \"shortName\":\"Korean\"\r            },\r            \"competencyDimensions\":[  \r              {  \r                \"dimensionNameCode\":{  \r                  \"codeValue\":\"Spoken Proficiency\",\r                  \"shortName\":\"Spoken Proficiency\"\r                },\r                \"selfAssessedProficiencyScore\":{  \r                  \"scoreCode\":{  \r                    \"codeValue\":\"1\",\r                    \"shortName\":\"Elementary Fluency\"\r                  }\r                }\r              },\r              {  \r                \"dimensionNameCode\":{  \r                  \"codeValue\":\"Written Proficiency\",\r                  \"shortName\":\"Written Proficiency\"\r                },\r                \"selfAssessedProficiencyScore\":{  \r                  \"scoreCode\":{  \r                    \"codeValue\":\"2\",\r                    \"shortName\":\"Limited Conversational Fluency\"\r                  }\r                }\r              }\r            ],\r            \r            \"nativeLanguageIndicator\":\"false\",\r            \"acquisitionDate\":\"2019-12-30\"\r          }\r        },\r        \"eventContext\":{  \r          \"associateOID\":\"G372T336YEJ00G3E\",\r          \"associateLanguage\":{  \r            \"itemID\":\"169740566993_272\"\r          }\r        }\r      },\r      \"actor\":{  \r        \"associateOID\":\"G372T336YEJ00G3E\"\r      },\r      \"serviceCategoryCode\":{  \r        \"codeValue\":\"workerTalentManagement\"\r      },\r      \"eventNameCode\":{  \r        \"codeValue\":\"associate.ksaoc.language.change\"\r      }\r    }\r  ]\r}",
							"options": {
								"raw": {
									"language": "json"
								}
							}
						},
						"url": {
							"raw": "https://iat-api.adp.com/events/talent/v1/associate.ksaoc.language.change",
							"protocol": "https",
							"host": [
								"iat-api",
								"adp",
								"com"
							],
							"path": [
								"events",
								"talent",
								"v1",
								"associate.ksaoc.language.change"
							]
						}
					},
					"response": []
				},
				{
					"name": "Neg-Update language details for an employee with invalid Spoken Proficiency",
					"request": {
						"method": "POST",
						"header": [
							{
								"key": "Authorization",
								"type": "text",
								"value": "Bearer 868cb856-ae04-4a0f-a9fc-e1ba14588a7e"
							},
							{
								"key": "Content-Type",
								"name": "Content-Type",
								"type": "text",
								"value": "application/json"
							}
						],
						"body": {
							"mode": "raw",
							"raw": "{  \r  \"events\":[  \r    {  \r      \"data\":{  \r        \"transform\":{  \r          \"associateLanguage\":{  \r            \"languageCode\":{  \r              \"codeValue\":\"13\",\r              \"shortName\":\"Korean\"\r            },\r            \"competencyDimensions\":[  \r              {  \r                \"dimensionNameCode\":{  \r                  \"codeValue\":\"Spoken Proficiency\",\r                  \"shortName\":\"Spoken Proficiency\"\r                },\r                \"selfAssessedProficiencyScore\":{  \r                  \"scoreCode\":{  \r                    \"codeValue\":\"111\",\r                    \"shortName\":\"Elementary Fluency\"\r                  }\r                }\r              },\r              {  \r                \"dimensionNameCode\":{  \r                  \"codeValue\":\"Written Proficiency\",\r                  \"shortName\":\"Written Proficiency\"\r                },\r                \"selfAssessedProficiencyScore\":{  \r                  \"scoreCode\":{  \r                    \"codeValue\":\"2\",\r                    \"shortName\":\"Limited Conversational Fluency\"\r                  }\r                }\r              }\r            ],\r            \r            \"nativeLanguageIndicator\":\"false\",\r            \"acquisitionDate\":\"2019-12-30\"\r          }\r        },\r        \"eventContext\":{  \r          \"associateOID\":\"G372T336YEJ00G3E\",\r          \"associateLanguage\":{  \r            \"itemID\":\"169740566993_272\"\r          }\r        }\r      },\r      \"actor\":{  \r        \"associateOID\":\"G372T336YEJ00G3E\"\r      },\r      \"serviceCategoryCode\":{  \r        \"codeValue\":\"workerTalentManagement\"\r      },\r      \"eventNameCode\":{  \r        \"codeValue\":\"associate.ksaoc.language.change\"\r      }\r    }\r  ]\r}",
							"options": {
								"raw": {
									"language": "json"
								}
							}
						},
						"url": {
							"raw": "https://iat-api.adp.com/events/talent/v1/associate.ksaoc.language.change",
							"protocol": "https",
							"host": [
								"iat-api",
								"adp",
								"com"
							],
							"path": [
								"events",
								"talent",
								"v1",
								"associate.ksaoc.language.change"
							]
						}
					},
					"response": []
				},
				{
					"name": "Neg-Update language details for an employee with invalid Written Proficiency",
					"request": {
						"method": "POST",
						"header": [
							{
								"key": "Authorization",
								"type": "text",
								"value": "Bearer 868cb856-ae04-4a0f-a9fc-e1ba14588a7e"
							},
							{
								"key": "Content-Type",
								"name": "Content-Type",
								"type": "text",
								"value": "application/json"
							}
						],
						"body": {
							"mode": "raw",
							"raw": "{  \r  \"events\":[  \r    {  \r      \"data\":{  \r        \"transform\":{  \r          \"associateLanguage\":{  \r            \"languageCode\":{  \r              \"codeValue\":\"13\",\r              \"shortName\":\"Korean\"\r            },\r            \"competencyDimensions\":[  \r              {  \r                \"dimensionNameCode\":{  \r                  \"codeValue\":\"Spoken Proficiency\",\r                  \"shortName\":\"Spoken Proficiency\"\r                },\r                \"selfAssessedProficiencyScore\":{  \r                  \"scoreCode\":{  \r                    \"codeValue\":\"1\",\r                    \"shortName\":\"Elementary Fluency\"\r                  }\r                }\r              },\r              {  \r                \"dimensionNameCode\":{  \r                  \"codeValue\":\"Written Proficiency\",\r                  \"shortName\":\"Written Proficiency\"\r                },\r                \"selfAssessedProficiencyScore\":{  \r                  \"scoreCode\":{  \r                    \"codeValue\":\"222\",\r                    \"shortName\":\"Limited Conversational Fluency\"\r                  }\r                }\r              }\r            ],\r            \r            \"nativeLanguageIndicator\":\"false\",\r            \"acquisitionDate\":\"2019-12-30\"\r          }\r        },\r        \"eventContext\":{  \r          \"associateOID\":\"G372T336YEJ00G3E\",\r          \"associateLanguage\":{  \r            \"itemID\":\"169740566993_272\"\r          }\r        }\r      },\r      \"actor\":{  \r        \"associateOID\":\"G372T336YEJ00G3E\"\r      },\r      \"serviceCategoryCode\":{  \r        \"codeValue\":\"workerTalentManagement\"\r      },\r      \"eventNameCode\":{  \r        \"codeValue\":\"associate.ksaoc.language.change\"\r      }\r    }\r  ]\r}",
							"options": {
								"raw": {
									"language": "json"
								}
							}
						},
						"url": {
							"raw": "https://iat-api.adp.com/events/talent/v1/associate.ksaoc.language.change",
							"protocol": "https",
							"host": [
								"iat-api",
								"adp",
								"com"
							],
							"path": [
								"events",
								"talent",
								"v1",
								"associate.ksaoc.language.change"
							]
						}
					},
					"response": []
				},
				{
					"name": "Neg-Update language details for an employee with invalid Date format",
					"request": {
						"method": "POST",
						"header": [
							{
								"key": "Authorization",
								"type": "text",
								"value": "Bearer 868cb856-ae04-4a0f-a9fc-e1ba14588a7e"
							},
							{
								"key": "Content-Type",
								"name": "Content-Type",
								"type": "text",
								"value": "application/json"
							}
						],
						"body": {
							"mode": "raw",
							"raw": "{  \r  \"events\":[  \r    {  \r      \"data\":{  \r        \"transform\":{  \r          \"associateLanguage\":{  \r            \"languageCode\":{  \r              \"codeValue\":\"13\",\r              \"shortName\":\"Korean\"\r            },\r            \"competencyDimensions\":[  \r              {  \r                \"dimensionNameCode\":{  \r                  \"codeValue\":\"Spoken Proficiency\",\r                  \"shortName\":\"Spoken Proficiency\"\r                },\r                \"selfAssessedProficiencyScore\":{  \r                  \"scoreCode\":{  \r                    \"codeValue\":\"1\",\r                    \"shortName\":\"Elementary Fluency\"\r                  }\r                }\r              },\r              {  \r                \"dimensionNameCode\":{  \r                  \"codeValue\":\"Written Proficiency\",\r                  \"shortName\":\"Written Proficiency\"\r                },\r                \"selfAssessedProficiencyScore\":{  \r                  \"scoreCode\":{  \r                    \"codeValue\":\"2\",\r                    \"shortName\":\"Limited Conversational Fluency\"\r                  }\r                }\r              }\r            ],\r            \r            \"nativeLanguageIndicator\":\"false\",\r            \"acquisitionDate\":\"12-2019-30\"\r          }\r        },\r        \"eventContext\":{  \r          \"associateOID\":\"G372T336YEJ00G3E\",\r          \"associateLanguage\":{  \r            \"itemID\":\"169740566993_272\"\r          }\r        }\r      },\r      \"actor\":{  \r        \"associateOID\":\"G372T336YEJ00G3E\"\r      },\r      \"serviceCategoryCode\":{  \r        \"codeValue\":\"workerTalentManagement\"\r      },\r      \"eventNameCode\":{  \r        \"codeValue\":\"associate.ksaoc.language.change\"\r      }\r    }\r  ]\r}",
							"options": {
								"raw": {
									"language": "json"
								}
							}
						},
						"url": {
							"raw": "https://iat-api.adp.com/events/talent/v1/associate.ksaoc.language.change",
							"protocol": "https",
							"host": [
								"iat-api",
								"adp",
								"com"
							],
							"path": [
								"events",
								"talent",
								"v1",
								"associate.ksaoc.language.change"
							]
						}
					},
					"response": []
				},
				{
					"name": "Neg-Update language details for an employee with invalid AOID",
					"request": {
						"method": "POST",
						"header": [
							{
								"key": "Authorization",
								"type": "text",
								"value": "Bearer 868cb856-ae04-4a0f-a9fc-e1ba14588a7e"
							},
							{
								"key": "Content-Type",
								"name": "Content-Type",
								"type": "text",
								"value": "application/json"
							}
						],
						"body": {
							"mode": "raw",
							"raw": "{  \r  \"events\":[  \r    {  \r      \"data\":{  \r        \"transform\":{  \r          \"associateLanguage\":{  \r            \"languageCode\":{  \r              \"codeValue\":\"13\",\r              \"shortName\":\"Korean\"\r            },\r            \"competencyDimensions\":[  \r              {  \r                \"dimensionNameCode\":{  \r                  \"codeValue\":\"Spoken Proficiency\",\r                  \"shortName\":\"Spoken Proficiency\"\r                },\r                \"selfAssessedProficiencyScore\":{  \r                  \"scoreCode\":{  \r                    \"codeValue\":\"1\",\r                    \"shortName\":\"Elementary Fluency\"\r                  }\r                }\r              },\r              {  \r                \"dimensionNameCode\":{  \r                  \"codeValue\":\"Written Proficiency\",\r                  \"shortName\":\"Written Proficiency\"\r                },\r                \"selfAssessedProficiencyScore\":{  \r                  \"scoreCode\":{  \r                    \"codeValue\":\"2\",\r                    \"shortName\":\"Limited Conversational Fluency\"\r                  }\r                }\r              }\r            ],\r            \r            \"nativeLanguageIndicator\":\"false\",\r            \"acquisitionDate\":\"2019-11-22\"\r          }\r        },\r        \"eventContext\":{  \r          \"associateOID\":\"G372T336YEJ00G3EE\",\r          \"associateLanguage\":{  \r            \"itemID\":\"169740566993_272\"\r          }\r        }\r      },\r      \"actor\":{  \r        \"associateOID\":\"G372T336YEJ00G3E\"\r      },\r      \"serviceCategoryCode\":{  \r        \"codeValue\":\"workerTalentManagement\"\r      },\r      \"eventNameCode\":{  \r        \"codeValue\":\"associate.ksaoc.language.change\"\r      }\r    }\r  ]\r}",
							"options": {
								"raw": {
									"language": "json"
								}
							}
						},
						"url": {
							"raw": "https://iat-api.adp.com/events/talent/v1/associate.ksaoc.language.change",
							"protocol": "https",
							"host": [
								"iat-api",
								"adp",
								"com"
							],
							"path": [
								"events",
								"talent",
								"v1",
								"associate.ksaoc.language.change"
							]
						}
					},
					"response": []
				}
			],
			"protocolProfileBehavior": {}
		},
		{
			"name": "REMOVE associate-languages",
			"item": [
				{
					"name": "Remove the language details of an employee",
					"request": {
						"method": "POST",
						"header": [
							{
								"key": "Authorization",
								"type": "text",
								"value": "Bearer 6a6b47f8-40eb-482d-8467-78713f4058ba"
							},
							{
								"key": "Content-Type",
								"name": "Content-Type",
								"type": "text",
								"value": "application/json"
							}
						],
						"body": {
							"mode": "raw",
							"raw": "{  \r  \"events\":[  \r    {  \r      \"data\":{  \r        \"eventContext\":{  \r          \"associateOID\":\"G372T336YEJ00G3E\",\r          \"associateLanguage\":{  \r            \"itemID\":\"169740566993_271\"\r          }\r        }\r      },\r      \"actor\":{  \r        \"associateOID\":\"G372T336YEJ00G3E\"\r      },\r      \"serviceCategoryCode\":{  \r        \"codeValue\":\"workerTalentManagement\"\r      },\r      \"eventNameCode\":{  \r        \"codeValue\":\"language.remove\"\r      }\r    }\r  ]\r}",
							"options": {
								"raw": {
									"language": "json"
								}
							}
						},
						"url": {
							"raw": "https://iat-api.adp.com/events/talent/v1/associate.ksaoc.language.remove",
							"protocol": "https",
							"host": [
								"iat-api",
								"adp",
								"com"
							],
							"path": [
								"events",
								"talent",
								"v1",
								"associate.ksaoc.language.remove"
							]
						}
					},
					"response": []
				},
				{
					"name": "Neg-Remove the language details for an employee with invalid itemID",
					"request": {
						"method": "POST",
						"header": [
							{
								"key": "Authorization",
								"type": "text",
								"value": "Bearer 6a6b47f8-40eb-482d-8467-78713f4058ba"
							},
							{
								"key": "Content-Type",
								"name": "Content-Type",
								"type": "text",
								"value": "application/json"
							}
						],
						"body": {
							"mode": "raw",
							"raw": "{  \r  \"events\":[  \r    {  \r      \"data\":{  \r        \"eventContext\":{  \r          \"associateOID\":\"G372T336YEJ00G3E\",\r          \"associateLanguage\":{  \r            \"itemID\":\"169740566993_2711\"\r          }\r        }\r      },\r      \"actor\":{  \r        \"associateOID\":\"G372T336YEJ00G3E\"\r      },\r      \"serviceCategoryCode\":{  \r        \"codeValue\":\"workerTalentManagement\"\r      },\r      \"eventNameCode\":{  \r        \"codeValue\":\"language.remove\"\r      }\r    }\r  ]\r}",
							"options": {
								"raw": {
									"language": "json"
								}
							}
						},
						"url": {
							"raw": "https://iat-api.adp.com/events/talent/v1/associate.ksaoc.language.remove",
							"protocol": "https",
							"host": [
								"iat-api",
								"adp",
								"com"
							],
							"path": [
								"events",
								"talent",
								"v1",
								"associate.ksaoc.language.remove"
							]
						}
					},
					"response": []
				},
				{
					"name": "Neg-Remove the language details for an employee with invalid AOID",
					"request": {
						"method": "POST",
						"header": [
							{
								"key": "Authorization",
								"type": "text",
								"value": "Bearer 6a6b47f8-40eb-482d-8467-78713f4058ba"
							},
							{
								"key": "Content-Type",
								"name": "Content-Type",
								"type": "text",
								"value": "application/json"
							}
						],
						"body": {
							"mode": "raw",
							"raw": "{  \r  \"events\":[  \r    {  \r      \"data\":{  \r        \"eventContext\":{  \r          \"associateOID\":\"G372T336YEJ00G3EE\",\r          \"associateLanguage\":{  \r            \"itemID\":\"169740566993_271\"\r          }\r        }\r      },\r      \"actor\":{  \r        \"associateOID\":\"G372T336YEJ00G3E\"\r      },\r      \"serviceCategoryCode\":{  \r        \"codeValue\":\"workerTalentManagement\"\r      },\r      \"eventNameCode\":{  \r        \"codeValue\":\"language.remove\"\r      }\r    }\r  ]\r}",
							"options": {
								"raw": {
									"language": "json"
								}
							}
						},
						"url": {
							"raw": "https://iat-api.adp.com/events/talent/v1/associate.ksaoc.language.remove",
							"protocol": "https",
							"host": [
								"iat-api",
								"adp",
								"com"
							],
							"path": [
								"events",
								"talent",
								"v1",
								"associate.ksaoc.language.remove"
							]
						}
					},
					"response": []
				}
			],
			"protocolProfileBehavior": {}
		},
		{
			"name": "Workers call",
			"request": {
				"method": "GET",
				"header": [
					{
						"key": "Authorization",
						"value": "Bearer 298b620f-9091-4a1c-bf69-c3e015e3f36a",
						"type": "text"
					}
				],
				"url": {
					"raw": "https://iat-api.adp.com/hr/v2/workers/G372T336YEJ00G3E",
					"protocol": "https",
					"host": [
						"iat-api",
						"adp",
						"com"
					],
					"path": [
						"hr",
						"v2",
						"workers",
						"G372T336YEJ00G3E"
					]
				}
			},
			"response": []
		},
		{
			"name": "Access Token call _IAT",
			"request": {
				"method": "POST",
				"header": [
					{
						"key": "Content-Type",
						"name": "Content-Type",
						"value": "application/x-www-form-urlencoded",
						"type": "text"
					}
				],
				"body": {
					"mode": "urlencoded",
					"urlencoded": [
						{
							"key": "grant_type",
							"value": "client_credentials",
							"type": "text"
						},
						{
							"key": "client_id",
							"value": "clientID here",
							"type": "text"
						},
						{
							"key": "client_secret",
							"value": "client_secret here",
							"type": "text"
						}
					]
				},
				"url": {
					"raw": "https://iat-api.adp.com/auth/oauth/v2/token",
					"protocol": "https",
					"host": [
						"iat-api",
						"adp",
						"com"
					],
					"path": [
						"auth",
						"oauth",
						"v2",
						"token"
					]
				}
			},
			"response": []
		},
		{
			"name": "core/v1/event-notification-messages",
			"request": {
				"method": "GET",
				"header": [
					{
						"key": "Authorization",
						"value": "Bearer aa3f739b-ce3c-473e-8353-6038d662a092"
					},
					{
						"key": "prefer",
						"value": "/adp/long-polling",
						"disabled": true
					}
				],
				"url": {
					"raw": "https://iat-api.adp.com/core/v1/event-notification-messages",
					"protocol": "https",
					"host": [
						"iat-api",
						"adp",
						"com"
					],
					"path": [
						"core",
						"v1",
						"event-notification-messages"
					]
				}
			},
			"response": []
		},
		{
			"name": "core/v1/event-notification-messages",
			"request": {
				"method": "DELETE",
				"header": [
					{
						"key": "Authorization",
						"value": "Bearer aa3f739b-ce3c-473e-8353-6038d662a092"
					},
					{
						"key": "prefer",
						"value": "/adp/long-polling",
						"disabled": true
					}
				],
				"url": {
					"raw": "https://iat-api.adp.com/core/v1/event-notification-messages/0x_414d51204253494e464f4251313120201beda15df1ac1224",
					"protocol": "https",
					"host": [
						"iat-api",
						"adp",
						"com"
					],
					"path": [
						"core",
						"v1",
						"event-notification-messages",
						"0x_414d51204253494e464f4251313120201beda15df1ac1224"
					]
				}
			},
			"response": []
		}
	],
	"protocolProfileBehavior": {}
}